"c_coupling","step","time_since_shock","mean_M","R"
0.3,1,-200,2.265,0.0468143697584177
0.3,2,-199,2.2,0.00613343347102282
0.3,3,-198,2.123,-0.0420578295155843
0.3,4,-197,2.14,-0.0314182000250346
0.3,5,-196,2.136,-0.0339216422581048
0.3,6,-195,2.215,0.0155213418450369
0.3,7,-194,2.137,-0.0332957816998375
0.3,8,-193,2.237,0.0292902741269241
0.3,9,-192,2.262,0.0449367880836148
0.3,10,-191,2.245,0.0342971585930653
0.3,11,-190,2.161,-0.0182751283014147
0.3,12,-189,2.173,-0.0107648016022032
0.3,13,-188,2.178,-0.00763549881086521
0.3,14,-187,2.255,0.0405557641757419
0.3,15,-186,2.176,-0.00888721992740086
0.3,16,-185,2.227,0.0230316685442483
0.3,17,-184,2.203,0.00801101514582546
0.3,18,-183,2.249,0.0368006008261361
0.3,19,-182,2.127,-0.0395543872825133
0.3,20,-181,2.212,0.0136437601702342
0.3,21,-180,2.204,0.00863687570409301
0.3,22,-179,2.261,0.0443109275253475
0.3,23,-178,2.154,-0.0226561522092872
0.3,24,-177,2.187,-0.00200275378645644
0.3,25,-176,2.212,0.0136437601702342
0.3,26,-175,2.282,0.0574539992489677
0.3,27,-174,2.191,0.000500688446614317
0.3,28,-173,2.188,-0.00137689322818889
0.3,29,-172,2.174,-0.0101389410439351
0.3,30,-171,2.177,-0.00826135936913248
0.3,31,-170,2.161,-0.0182751283014144
0.3,32,-169,2.182,-0.00513205657779446
0.3,33,-168,2.219,0.0180247840781074
0.3,34,-167,2.168,-0.0138941043935407
0.3,35,-166,2.203,0.00801101514582574
0.3,36,-165,2.22,0.0186506446363755
0.3,37,-164,2.225,0.0217799474277132
0.3,38,-163,2.213,0.0142696207285015
0.3,39,-162,2.222,0.0199023657529103
0.3,40,-161,2.158,-0.020152709976217
0.3,41,-160,2.196,0.00362999123795206
0.3,42,-159,2.181,-0.00575791713606229
0.3,43,-158,2.211,0.0130178996119667
0.3,44,-157,2.204,0.00863687570409301
0.3,45,-156,2.249,0.0368006008261361
0.3,46,-155,2.177,-0.00826135936913248
0.3,47,-154,2.182,-0.00513205657779446
0.3,48,-153,2.198,0.00488171235448716
0.3,49,-152,2.16,-0.0189009888596819
0.3,50,-151,2.21,0.0123920390536986
0.3,51,-150,2.32,0.0812367004631368
0.3,52,-149,2.209,0.0117661784954313
0.3,53,-148,2.192,0.00112654900488187
0.3,54,-147,2.2,0.00613343347102282
0.3,55,-146,2.189,-0.000751032669921059
0.3,56,-145,2.177,-0.0082613593691322
0.3,57,-144,2.205,0.00926273626236139
0.3,58,-143,2.22,0.0186506446363757
0.3,59,-142,2.121,-0.0433095506321191
0.3,60,-141,2.149,-0.0257854550006261
0.3,61,-140,2.15,-0.025159594442358
0.3,62,-139,2.252,0.038678182500939
0.3,63,-138,2.217,0.0167730629615723
0.3,64,-137,2.25,0.0374264613844036
0.3,65,-136,2.204,0.00863687570409301
0.3,66,-135,2.18,-0.00638377769432956
0.3,67,-134,2.169,-0.0132682438352737
0.3,68,-133,2.146,-0.027663036675429
0.3,69,-132,2.176,-0.00888721992740059
0.3,70,-131,2.152,-0.0239078733258234
0.3,71,-130,2.213,0.0142696207285015
0.3,72,-129,2.177,-0.0082613593691322
0.3,73,-128,2.239,0.0305419952434597
0.3,74,-127,2.264,0.0461885092001504
0.3,75,-126,2.244,0.033671298034798
0.3,76,-125,2.185,-0.00325447490299153
0.3,77,-124,2.149,-0.0257854550006261
0.3,78,-123,2.153,-0.0232820127675553
0.3,79,-122,2.185,-0.00325447490299153
0.3,80,-121,2.219,0.0180247840781074
0.3,81,-120,2.152,-0.0239078733258232
0.3,82,-119,2.152,-0.0239078733258232
0.3,83,-118,2.234,0.0274126924521217
0.3,84,-117,2.215,0.0155213418450366
0.3,85,-116,2.134,-0.0351733633746402
0.3,86,-115,2.196,0.00362999123795234
0.3,87,-114,2.214,0.0148954812867693
0.3,88,-113,2.115,-0.047064713981725
0.3,89,-112,2.212,0.0136437601702342
0.3,90,-111,2.218,0.0173989235198398
0.3,91,-110,2.17,-0.0126423832770064
0.3,92,-109,2.138,-0.0326699211415691
0.3,93,-108,2.242,0.0324195769182629
0.3,94,-107,2.151,-0.0245337338840901
0.3,95,-106,2.18,-0.00638377769432956
0.3,96,-105,2.235,0.0280385530103895
0.3,97,-104,2.235,0.0280385530103895
0.3,98,-103,2.228,0.0236575291025156
0.3,99,-102,2.177,-0.00826135936913248
0.3,100,-101,2.122,-0.0426836900738516
0.3,101,-100,2.197,0.00425585179621989
0.3,102,-99,2.232,0.0261609713355869
0.3,103,-98,2.162,-0.0176492677431466
0.3,104,-97,2.217,0.0167730629615725
0.3,105,-96,2.164,-0.0163975466266117
0.3,106,-95,2.241,0.0317937163599951
0.3,107,-94,2.183,-0.00450619601952691
0.3,108,-93,2.196,0.00362999123795206
0.3,109,-92,2.076,-0.0714732757541622
0.3,110,-91,2.22,0.0186506446363752
0.3,111,-90,2.21,0.0123920390536986
0.3,112,-89,2.2,0.00613343347102309
0.3,113,-88,2.155,-0.0220302916510205
0.3,114,-87,2.131,-0.0370509450494431
0.3,115,-86,2.167,-0.0145199649518091
0.3,116,-85,2.194,0.00237827012141724
0.3,117,-84,2.143,-0.0295406183502317
0.3,118,-83,2.159,-0.0195268494179495
0.3,119,-82,2.16,-0.0189009888596819
0.3,120,-81,2.233,0.0267868318938539
0.3,121,-80,2.214,0.0148954812867693
0.3,122,-79,2.137,-0.0332957816998375
0.3,123,-78,2.213,0.0142696207285015
0.3,124,-77,2.163,-0.0170234071848793
0.3,125,-76,2.181,-0.00575791713606229
0.3,126,-75,2.16,-0.0189009888596816
0.3,127,-74,2.134,-0.0351733633746404
0.3,128,-73,2.143,-0.0295406183502319
0.3,129,-72,2.27,0.049943672549756
0.3,130,-71,2.153,-0.0232820127675553
0.3,131,-70,2.194,0.00237827012141724
0.3,132,-69,2.239,0.0305419952434595
0.3,133,-68,2.225,0.0217799474277132
0.3,134,-67,2.187,-0.00200275378645644
0.3,135,-66,2.228,0.0236575291025161
0.3,136,-65,2.197,0.00425585179621989
0.3,137,-64,2.259,0.0430592064088121
0.3,138,-63,2.233,0.0267868318938539
0.3,139,-62,2.183,-0.00450619601952691
0.3,140,-61,2.207,0.0105144573788959
0.3,141,-60,2.186,-0.00262861434472398
0.3,142,-59,2.194,0.00237827012141724
0.3,143,-58,2.235,0.0280385530103895
0.3,144,-57,2.173,-0.010764801602203
0.3,145,-56,2.187,-0.00200275378645644
0.3,146,-55,2.148,-0.0264113155588931
0.3,147,-54,2.195,0.00300413067968451
0.3,148,-53,2.163,-0.0170234071848793
0.3,149,-52,2.209,0.0117661784954313
0.3,150,-51,2.208,0.011140317937164
0.3,151,-50,2.131,-0.0370509450494431
0.3,152,-49,2.254,0.0399299036174741
0.3,153,-48,2.186,-0.00262861434472398
0.3,154,-47,2.19,-0.00012517211165351
0.3,155,-46,2.181,-0.00575791713606201
0.3,156,-45,2.262,0.044936788083615
0.3,157,-44,2.198,0.00488171235448716
0.3,158,-43,2.151,-0.0245337338840907
0.3,159,-42,2.157,-0.0207785705344849
0.3,160,-41,2.198,0.00488171235448716
0.3,161,-40,2.195,0.00300413067968451
0.3,162,-39,2.215,0.0155213418450369
0.3,163,-38,2.114,-0.0476905745399928
0.3,164,-37,2.16,-0.0189009888596819
0.3,165,-36,2.177,-0.0082613593691322
0.3,166,-35,2.25,0.0374264613844036
0.3,167,-34,2.222,0.0199023657529103
0.3,168,-33,2.188,-0.00137689322818861
0.3,169,-32,2.217,0.016773062961572
0.3,170,-31,2.197,0.00425585179621989
0.3,171,-30,2.198,0.00488171235448716
0.3,172,-29,2.186,-0.00262861434472398
0.3,173,-28,2.259,0.0430592064088118
0.3,174,-27,2.13,-0.0376768056077103
0.3,175,-26,2.216,0.0161472024033044
0.3,176,-25,2.169,-0.0132682438352737
0.3,177,-24,2.164,-0.0163975466266115
0.3,178,-23,2.163,-0.0170234071848793
0.3,179,-22,2.212,0.0136437601702342
0.3,180,-21,2.186,-0.00262861434472398
0.3,181,-20,2.155,-0.0220302916510202
0.3,182,-19,2.311,0.0756039554387283
0.3,183,-18,2.183,-0.00450619601952691
0.3,184,-17,2.167,-0.0145199649518088
0.3,185,-16,2.261,0.0443109275253478
0.3,186,-15,2.163,-0.0170234071848793
0.3,187,-14,2.196,0.00362999123795234
0.3,188,-13,2.176,-0.00888721992740031
0.3,189,-12,2.187,-0.00200275378645616
0.3,190,-11,2.168,-0.013894104393541
0.3,191,-10,2.232,0.0261609713355869
0.3,192,-9,2.152,-0.0239078733258232
0.3,193,-8,2.203,0.00801101514582574
0.3,194,-7,2.232,0.0261609713355866
0.3,195,-6,2.15,-0.025159594442358
0.3,196,-5,2.184,-0.00388033546125936
0.3,197,-4,2.179,-0.00700963825259766
0.3,198,-3,2.178,-0.00763549881086521
0.3,199,-2,2.182,-0.00513205657779418
0.3,200,-1,2.125,-0.0408061083990486
0.3,201,0,3.761,0.983101764926774
0.3,202,1,3.788,1
0.3,203,2,3.772,0.989986231067719
0.3,204,3,3.661,0.920515709100012
0.3,205,4,3.759,0.981850043810239
0.3,206,5,3.723,0.959319063712605
0.3,207,6,3.686,0.936162223056703
0.3,208,7,3.735,0.966829390411817
0.3,209,8,3.77,0.988734509951183
0.3,210,9,3.715,0.954312179246464
0.3,211,10,3.717,0.955563900362999
0.3,212,11,3.678,0.931155338590563
0.3,213,12,3.659,0.919263987983478
0.3,214,13,3.661,0.920515709100012
0.3,215,14,3.716,0.954938039804731
0.3,216,15,3.691,0.939291525848042
0.3,217,16,3.692,0.939917386406309
0.3,218,17,3.702,0.946175991988985
0.3,219,18,3.669,0.925522593566153
0.3,220,19,3.617,0.892977844536237
0.3,221,20,3.691,0.939291525848042
0.3,222,21,3.623,0.896733007885843
0.3,223,22,3.598,0.881086493929153
0.3,224,23,3.597,0.880460633370885
0.3,225,24,3.629,0.900488171235449
0.3,226,25,3.65,0.913631242959069
0.3,227,26,3.675,0.929277756915759
0.3,228,27,3.515,0.82914006759294
0.3,229,28,3.637,0.90549505570159
0.3,230,29,3.581,0.870446864438603
0.3,231,30,3.588,0.874827888346476
0.3,232,31,3.628,0.899862310677181
0.3,233,32,3.651,0.914257103517337
0.3,234,33,3.563,0.859181374389786
0.3,235,34,3.553,0.85292276880711
0.3,236,35,3.551,0.851671047690574
0.3,237,36,3.598,0.881086493929153
0.3,238,37,3.556,0.854800350481912
0.3,239,38,3.478,0.805983226937039
0.3,240,39,3.48,0.807234948053574
0.3,241,40,3.538,0.843534860433096
0.3,242,41,3.448,0.78720741018901
0.3,243,42,3.488,0.812241832519715
0.3,244,43,3.611,0.889222681186632
0.3,245,44,3.409,0.762798848416573
0.3,246,45,3.493,0.815371135311053
0.3,247,46,3.479,0.806609087495306
0.3,248,47,3.513,0.827888346476405
0.3,249,48,3.493,0.815371135311053
0.3,250,49,3.391,0.751533358367756
0.3,251,50,3.507,0.824133183126799
0.3,252,51,3.383,0.746526473901615
0.3,253,52,3.512,0.827262485918137
0.3,254,53,3.439,0.781574665164602
0.3,255,54,3.437,0.780322944048066
0.3,256,55,3.408,0.762172987858305
0.3,257,56,3.465,0.797847039679559
0.3,258,57,3.459,0.794091876329954
0.3,259,58,3.326,0.710852422080361
0.3,260,59,3.444,0.78470396795594
0.3,261,60,3.416,0.767179872324446
0.3,262,61,3.401,0.757791963950432
0.3,263,62,3.365,0.735260983852797
0.3,264,63,3.454,0.790962573538616
0.3,265,64,3.425,0.772812617348855
0.3,266,65,3.405,0.760295406183503
0.3,267,66,3.349,0.725247214920516
0.3,268,67,3.398,0.755914382275629
0.3,269,68,3.421,0.770309175115784
0.3,270,69,3.355,0.729002378270121
0.3,271,70,3.353,0.727750657153586
0.3,272,71,3.277,0.680185254725247
0.3,273,72,3.344,0.722117912129178
0.3,274,73,3.383,0.746526473901614
0.3,275,74,3.342,0.720866191012642
0.3,276,75,3.347,0.72399549380398
0.3,277,76,3.338,0.718362748779572
0.3,278,77,3.319,0.706471398172487
0.3,279,78,3.255,0.66641632244336
0.3,280,79,3.222,0.645762924020528
0.3,281,80,3.273,0.677681812492177
0.3,282,81,3.309,0.700212792589811
0.3,283,82,3.317,0.705219677055952
0.3,284,83,3.273,0.677681812492176
0.3,285,84,3.371,0.739016147202403
0.3,286,85,3.198,0.630742270622105
0.3,287,86,3.28,0.68206283640005
0.3,288,87,3.284,0.68456627863312
0.3,289,88,3.315,0.703967955939417
0.3,290,89,3.305,0.697709350356741
0.3,291,90,3.207,0.636375015646514
0.3,292,91,3.276,0.67955939416698
0.3,293,92,3.227,0.648892226811866
0.3,294,93,3.267,0.673926649142571
0.3,295,94,3.304,0.697083489798473
0.3,296,95,3.194,0.628238828389035
0.3,297,96,3.315,0.703967955939417
0.3,298,97,3.227,0.648892226811866
0.3,299,98,3.202,0.633245712855176
0.3,300,99,3.182,0.620728501689824
0.3,301,100,3.182,0.620728501689823
0.3,302,101,3.195,0.628864688947303
0.3,303,102,3.228,0.649518087370134
0.3,304,103,3.19,0.625735386155964
0.3,305,104,3.134,0.590687194892978
0.3,306,105,3.192,0.6269871072725
0.3,307,106,3.132,0.589435473776442
0.3,308,107,3.147,0.598823382150457
0.3,309,108,3.183,0.621354362248091
0.3,310,109,3.146,0.598197521592189
0.3,311,110,3.169,0.612592314432344
0.3,312,111,3.169,0.612592314432344
0.3,313,112,3.096,0.566904493678808
0.3,314,113,3.189,0.625109525597697
0.3,315,114,3.138,0.593190637126049
0.3,316,115,3.126,0.585680310426837
0.3,317,116,3.173,0.615095756665415
0.3,318,117,3.133,0.590061334334711
0.3,319,118,3.058,0.543121792464639
0.3,320,119,3.114,0.578169983727626
0.3,321,120,3.231,0.651395669044936
0.3,322,121,3.126,0.585680310426837
0.3,323,122,3.084,0.559394166979597
0.3,324,123,3.104,0.571911378144949
0.3,325,124,3.145,0.597571661033922
0.3,326,125,3.066,0.54812867693078
0.3,327,126,3.093,0.565026912004005
0.3,328,127,3.121,0.582551007635499
0.3,329,128,3.101,0.570033796470147
0.3,330,129,3.118,0.580673425960696
0.3,331,130,3.058,0.543121792464639
0.3,332,131,3.129,0.58755789210164
0.3,333,132,3.14,0.594442358242583
0.3,334,133,3.064,0.546876955814245
0.3,335,134,3.089,0.562523469770935
0.3,336,135,3.032,0.526849417949681
0.3,337,136,3.181,0.620102641131556
0.3,338,137,3.096,0.566904493678808
0.3,339,138,3.126,0.585680310426837
0.3,340,139,3.003,0.50869946175992
0.3,341,140,3.062,0.545625234697709
0.3,342,141,3.144,0.596945800475655
0.3,343,142,3.116,0.579421704844161
0.3,344,143,2.988,0.499311553385906
0.3,345,144,2.979,0.493678808361497
0.3,346,145,3.004,0.509325322318188
0.3,347,146,3.028,0.52434597571661
0.3,348,147,3.117,0.580047565402428
0.3,349,148,3.045,0.53498560520716
0.3,350,149,3.043,0.533733884090625
0.3,351,150,2.961,0.48241331831268
0.3,352,151,3.023,0.521216672925272
0.3,353,152,2.968,0.486794342220553
0.3,354,153,3.016,0.516835649017399
0.3,355,154,3.081,0.557516585304794
0.3,356,155,2.961,0.48241331831268
0.3,357,156,2.958,0.480535736637877
0.3,358,157,2.938,0.468018525472525
0.3,359,158,3.036,0.529352860182751
0.3,360,159,2.961,0.48241331831268
0.3,361,160,3.007,0.51120290399299
0.3,362,161,3.009,0.512454625109525
0.3,363,162,2.905,0.447365127049694
0.3,364,163,2.889,0.437351358117412
0.3,365,164,2.934,0.465515083239454
0.3,366,165,2.932,0.464263362122919
0.3,367,166,2.948,0.474277131055201
0.3,368,167,2.867,0.423582425835524
0.3,369,168,2.961,0.48241331831268
0.3,370,169,2.976,0.491801226686695
0.3,371,170,2.838,0.405432469645763
0.3,372,171,2.98,0.494304668919765
0.3,373,172,2.918,0.455501314307173
0.3,374,173,2.934,0.465515083239454
0.3,375,174,2.976,0.491801226686695
0.3,376,175,2.908,0.449242708724496
0.3,377,176,2.967,0.486168481662286
0.3,378,177,2.94,0.46927024658906
0.3,379,178,2.894,0.44048066090875
0.3,380,179,2.938,0.468018525472525
0.3,381,180,2.897,0.442358242583553
0.3,382,181,2.93,0.463011641006384
0.3,383,182,2.935,0.466140943797722
0.3,384,183,2.91,0.450494429841032
0.3,385,184,2.866,0.422956565277257
0.3,386,185,2.952,0.476780573288271
0.3,387,186,2.87,0.425460007510327
0.3,388,187,2.853,0.414820378019777
0.3,389,188,2.943,0.471147828263863
0.3,390,189,2.927,0.461134059331581
0.3,391,190,2.899,0.443609963700087
0.3,392,191,2.98,0.494304668919764
0.3,393,192,2.895,0.441106521467018
0.3,394,193,2.851,0.413568656903242
0.3,395,194,2.886,0.435473776442609
0.3,396,195,2.869,0.424834146952059
0.3,397,196,2.806,0.385404931781199
0.3,398,197,2.945,0.472399549380398
0.3,399,198,2.862,0.420453123044185
0.3,400,199,2.854,0.415446238578045
0.3,401,200,2.793,0.377268744523721
0.3,402,201,2.827,0.39854800350482
0.3,403,202,2.927,0.461134059331581
0.3,404,203,2.899,0.443609963700087
0.3,405,204,2.805,0.384779071222932
0.3,406,205,2.749,0.349730879959945
0.3,407,206,2.794,0.377894605081988
0.3,408,207,2.91,0.450494429841032
0.3,409,208,2.786,0.372887720615847
0.3,410,209,2.791,0.376017023407185
0.3,411,210,2.821,0.394792840155213
0.3,412,211,2.789,0.37476530229065
0.3,413,212,2.72,0.331580923770184
0.3,414,213,2.816,0.391663537363875
0.3,415,214,2.772,0.3641256728001
0.3,416,215,2.781,0.369758417824509
0.3,417,216,2.897,0.442358242583553
0.3,418,217,2.856,0.41669795969458
0.3,419,218,2.844,0.409187632995369
0.3,420,219,2.917,0.454875453748904
0.3,421,220,2.846,0.410439354111904
0.3,422,221,2.798,0.380398047315058
0.3,423,222,2.83,0.400425585179622
0.3,424,223,2.786,0.372887720615847
0.3,425,224,2.745,0.347227437726874
0.3,426,225,2.784,0.371635999499312
0.3,427,226,2.785,0.372261860057579
0.3,428,227,2.934,0.465515083239454
0.3,429,228,2.831,0.401051445737889
0.3,430,229,2.787,0.373513581174115
0.3,431,230,2.805,0.384779071222932
0.3,432,231,2.763,0.358492927775692
0.3,433,232,2.706,0.322818875954438
0.3,434,233,2.717,0.329703342095381
0.3,435,234,2.755,0.353486043309551
0.3,436,235,2.716,0.329077481537113
0.3,437,236,2.846,0.410439354111904
0.3,438,237,2.737,0.342220553260733
0.3,439,238,2.762,0.357867067217424
0.3,440,239,2.849,0.412316935786707
0.3,441,240,2.757,0.354737764426086
0.3,442,241,2.751,0.35098260107648
0.3,443,242,2.788,0.374139441732382
0.3,444,243,2.78,0.369132557266241
0.3,445,244,2.759,0.355989485542621
0.3,446,245,2.7,0.319063712604832
0.3,447,246,2.834,0.402929027412693
0.3,448,247,2.766,0.360370509450495
0.3,449,248,2.79,0.375391162848918
0.3,450,249,2.748,0.349105019401678
0.3,451,250,2.768,0.361622230567029
0.3,452,251,2.688,0.31155338590562
0.3,453,252,2.701,0.319689573163099
0.3,454,253,2.618,0.267743146826887
0.3,455,254,2.712,0.326574039304043
0.3,456,255,2.71,0.325322318187508
0.3,457,256,2.716,0.329077481537113
0.3,458,257,2.753,0.352234322193016
0.3,459,258,2.716,0.329077481537113
0.3,460,259,2.774,0.365377393916635
0.3,461,260,2.679,0.305920640881212
0.3,462,261,2.632,0.276505194642634
0.3,463,262,2.761,0.357241206659156
0.3,464,263,2.736,0.341594692702466
0.3,465,264,2.77,0.362873951683565
0.3,466,265,2.618,0.267743146826887
0.3,467,266,2.662,0.295281011390662
0.3,468,267,2.655,0.290899987482789
0.3,469,268,2.719,0.330955063211916
0.3,470,269,2.673,0.302165477531606
0.3,471,270,2.641,0.282137939667042
0.3,472,271,2.695,0.315934409813494
0.3,473,272,2.714,0.327825760420579
0.3,474,273,2.768,0.361622230567029
0.3,475,274,2.633,0.277131055200901
0.3,476,275,2.666,0.297784453623732
0.3,477,276,2.638,0.28026035799224
0.3,478,277,2.613,0.264613844035549
0.3,479,278,2.721,0.332206784328452
0.3,480,279,2.716,0.329077481537113
0.3,481,280,2.668,0.299036174740268
0.3,482,281,2.584,0.246463887845788
0.3,483,282,2.612,0.263987983477281
0.3,484,283,2.595,0.253348353986732
0.3,485,284,2.715,0.328451620978846
0.3,486,285,2.626,0.272750031293028
0.3,487,286,2.639,0.280886218550507
0.3,488,287,2.653,0.289648266366254
0.3,489,288,2.688,0.31155338590562
0.3,490,289,2.666,0.297784453623733
0.3,491,290,2.657,0.292151708599324
0.3,492,291,2.671,0.300913756415071
0.3,493,292,2.65,0.287770684691451
0.3,494,293,2.658,0.292777569157592
0.3,495,294,2.61,0.262736262360746
0.3,496,295,2.664,0.296532732507197
0.3,497,296,2.63,0.275253473526099
0.3,498,297,2.634,0.277756915759169
0.3,499,298,2.628,0.274001752409563
0.3,500,299,2.55,0.225184628864689
0.3,501,300,2.613,0.264613844035549
0.3,502,301,2.707,0.323444736512705
0.3,503,302,2.648,0.286518963574916
0.3,504,303,2.662,0.295281011390662
0.3,505,304,2.643,0.283389660783577
0.3,506,305,2.681,0.307172361997747
0.3,507,306,2.606,0.260232820127676
0.3,508,307,2.574,0.240205282263112
0.3,509,308,2.554,0.227688071097759
0.3,510,309,2.546,0.222681186631619
0.3,511,310,2.586,0.247715608962323
0.3,512,311,2.586,0.247715608962323
0.3,513,312,2.638,0.28026035799224
0.3,514,313,2.548,0.223932907748154
0.3,515,314,2.645,0.284641381900112
0.3,516,315,2.667,0.298410314182
0.3,517,316,2.612,0.263987983477281
0.3,518,317,2.588,0.248967330078858
0.3,519,318,2.692,0.314056828138691
0.3,520,319,2.614,0.265239704593817
0.3,521,320,2.6,0.25647765677807
0.3,522,321,2.659,0.29340342971586
0.3,523,322,2.553,0.227062210539492
0.3,524,323,2.628,0.274001752409563
0.3,525,324,2.618,0.267743146826887
0.3,526,325,2.623,0.270872449618225
0.3,527,326,2.589,0.249593190637126
0.3,528,327,2.585,0.247089748404055
0.3,529,328,2.563,0.233320816122168
0.3,530,329,2.581,0.244586306170985
0.3,531,330,2.645,0.284641381900112
0.3,532,331,2.528,0.211415696582802
0.3,533,332,2.581,0.244586306170985
0.3,534,333,2.682,0.307798222556015
0.3,535,334,2.567,0.235824258355239
0.3,536,335,2.582,0.245212166729252
0.3,537,336,2.631,0.275879334084366
0.3,538,337,2.592,0.251470772311929
0.3,539,338,2.56,0.231443234447365
0.3,540,339,2.641,0.282137939667043
0.3,541,340,2.55,0.225184628864689
0.3,542,341,2.589,0.249593190637127
0.3,543,342,2.479,0.180748529227688
0.3,544,343,2.609,0.262110401802478
0.3,545,344,2.495,0.19076229815997
0.3,546,345,2.531,0.213293278257605
0.3,547,346,2.621,0.26962072850169
0.3,548,347,2.602,0.257729377894605
0.3,549,348,2.54,0.218926023282013
0.3,550,349,2.52,0.206408812116661
0.3,551,350,2.623,0.270872449618225
0.3,552,351,2.527,0.210789836024534
0.3,553,352,2.53,0.212667417699337
0.3,554,353,2.443,0.158217549130054
0.3,555,354,2.549,0.224558768306422
0.3,556,355,2.499,0.193265740393041
0.3,557,356,2.488,0.186381274252097
0.3,558,357,2.468,0.173864063086744
0.3,559,358,2.533,0.214544999374139
0.3,560,359,2.527,0.210789836024534
0.3,561,360,2.514,0.202653648767055
0.3,562,361,2.575,0.240831142821379
0.3,563,362,2.484,0.183877832019026
0.3,564,363,2.556,0.228939792214294
0.3,565,364,2.581,0.244586306170985
0.3,566,365,2.516,0.203905369883591
0.3,567,366,2.517,0.204531230441858
0.3,568,367,2.546,0.222681186631619
0.3,569,368,2.465,0.171986481411941
0.3,570,369,2.503,0.195769182626111
0.3,571,370,2.593,0.252096632870196
0.3,572,371,2.484,0.183877832019026
0.3,573,372,2.494,0.190136437601703
0.3,574,373,2.445,0.159469270246589
0.3,575,374,2.478,0.180122668669421
0.3,576,375,2.511,0.200776067092252
0.3,577,376,2.504,0.196395043184379
0.3,578,377,2.451,0.163224433596195
0.3,579,378,2.495,0.19076229815997
0.3,580,379,2.459,0.168231318062336
0.3,581,380,2.482,0.182626110902491
0.3,582,381,2.458,0.167605457504068
0.3,583,382,2.485,0.184503692577294
0.3,584,383,2.447,0.160720991363124
0.3,585,384,2.541,0.21955188384028
0.3,586,385,2.427,0.148203780197772
0.3,587,386,2.516,0.203905369883591
0.3,588,387,2.585,0.247089748404055
0.3,589,388,2.492,0.188884716485167
0.3,590,389,2.532,0.213919138815872
0.3,591,390,2.568,0.236450118913506
0.3,592,391,2.555,0.228313931656027
0.3,593,392,2.479,0.180748529227689
0.3,594,393,2.421,0.144448616848166
0.3,595,394,2.515,0.203279509325322
0.3,596,395,2.502,0.195143322067844
0.3,597,396,2.495,0.19076229815997
0.3,598,397,2.469,0.174489923645011
0.3,599,398,2.436,0.153836525222181
0.3,600,399,2.498,0.192639879834772
0.3,601,400,2.425,0.146952059081237
0.3,602,401,2.491,0.1882588559269
0.3,603,402,2.445,0.159469270246589
0.3,604,403,2.477,0.179496808111153
0.3,605,404,2.457,0.1669795969458
0.3,606,405,2.42,0.143822756289899
0.3,607,406,2.559,0.230817373889097
0.3,608,407,2.468,0.173864063086744
0.3,609,408,2.445,0.159469270246589
0.3,610,409,2.46,0.168857178620603
0.3,611,410,2.564,0.233946676680436
0.3,612,411,2.442,0.157591688571786
0.3,613,412,2.454,0.165102015270998
0.3,614,413,2.463,0.170734760295406
0.3,615,414,2.478,0.18012266866942
0.3,616,415,2.437,0.154462385780448
0.3,617,416,2.428,0.148829640756039
0.3,618,417,2.429,0.149455501314307
0.3,619,418,2.392,0.126298660658406
0.3,620,419,2.468,0.173864063086744
0.3,621,420,2.4,0.131305545124546
0.3,622,421,2.521,0.207034672674928
0.3,623,422,2.432,0.15133308298911
0.3,624,423,2.533,0.214544999374139
0.3,625,424,2.501,0.194517461509576
0.3,626,425,2.468,0.173864063086744
0.3,627,426,2.448,0.161346851921392
0.3,628,427,2.432,0.15133308298911
0.3,629,428,2.363,0.108148704468645
0.3,630,429,2.463,0.170734760295406
0.3,631,430,2.424,0.146326198522969
0.3,632,431,2.45,0.162598573037928
0.3,633,432,2.493,0.189510577043435
0.3,634,433,2.414,0.140067592940293
0.3,635,434,2.447,0.160720991363125
0.3,636,435,2.429,0.149455501314307
0.3,637,436,2.438,0.155088246338716
0.3,638,437,2.471,0.175741644761547
0.3,639,438,2.419,0.143196895731631
0.3,640,439,2.477,0.179496808111153
0.3,641,440,2.457,0.1669795969458
0.3,642,441,2.502,0.195143322067843
0.3,643,442,2.473,0.176993365878083
0.3,644,443,2.486,0.185129553135561
0.3,645,444,2.454,0.165102015270998
0.3,646,445,2.473,0.176993365878083
0.3,647,446,2.518,0.205157091000125
0.3,648,447,2.475,0.178245086994617
0.3,649,448,2.49,0.187632995368632
0.3,650,449,2.407,0.13568656903242
0.3,651,450,2.432,0.15133308298911
0.3,652,451,2.383,0.120665915633997
0.3,653,452,2.496,0.191388158718238
0.3,654,453,2.412,0.138815871823758
0.3,655,454,2.465,0.171986481411941
0.3,656,455,2.455,0.165727875829266
0.3,657,456,2.429,0.149455501314307
0.3,658,457,2.364,0.108774565026912
0.3,659,458,2.45,0.162598573037927
0.3,660,459,2.412,0.138815871823758
0.3,661,460,2.458,0.167605457504068
0.3,662,461,2.377,0.116910752284392
0.3,663,462,2.412,0.138815871823758
0.3,664,463,2.435,0.153210664663913
0.3,665,464,2.374,0.115033170609588
0.3,666,465,2.46,0.168857178620603
0.3,667,466,2.425,0.146952059081236
0.3,668,467,2.446,0.160095130804857
0.3,669,468,2.432,0.15133308298911
0.3,670,469,2.42,0.143822756289898
0.3,671,470,2.422,0.145074477406434
0.3,672,471,2.361,0.106896983352109
0.3,673,472,2.295,0.0655901865064461
0.3,674,473,2.472,0.176367505319815
0.3,675,474,2.446,0.160095130804857
0.3,676,475,2.345,0.0968832144198274
0.3,677,476,2.463,0.170734760295406
0.3,678,477,2.482,0.182626110902491
0.3,679,478,2.368,0.111278007259983
0.3,680,479,2.447,0.160720991363125
0.3,681,480,2.42,0.143822756289898
0.3,682,481,2.314,0.0774815371135312
0.3,683,482,2.376,0.116284891726123
0.3,684,483,2.44,0.156339967455251
0.3,685,484,2.408,0.136312429590687
0.3,686,485,2.355,0.103141820002503
0.3,687,486,2.425,0.146952059081236
0.3,688,487,2.347,0.0981349355363625
0.3,689,488,2.427,0.148203780197772
0.3,690,489,2.368,0.111278007259983
0.3,691,490,2.368,0.111278007259982
0.3,692,491,2.356,0.103767680560771
0.3,693,492,2.373,0.11440731005132
0.3,694,493,2.385,0.121917636750532
0.3,695,494,2.465,0.171986481411941
0.3,696,495,2.326,0.0849918638127423
0.3,697,496,2.365,0.10940042558518
0.3,698,497,2.409,0.136938290148955
0.3,699,498,2.316,0.0787332582300666
0.3,700,499,2.399,0.130679684566278
0.3,701,500,2.434,0.152584804105645
0.3,702,501,2.401,0.131931405682814
0.3,703,502,2.367,0.110652146701715
0.3,704,503,2.425,0.146952059081237
0.3,705,504,2.368,0.111278007259982
0.3,706,505,2.362,0.107522843910377
0.3,707,506,2.39,0.12504693954187
0.3,708,507,2.417,0.141945174615096
0.3,709,508,2.423,0.145700337964701
0.3,710,509,2.387,0.123169357867067
0.3,711,510,2.298,0.067467768181249
0.3,712,511,2.307,0.0731005132056581
0.3,713,512,2.422,0.145074477406434
0.3,714,513,2.46,0.168857178620603
0.3,715,514,2.298,0.0674677681812485
0.3,716,515,2.335,0.0906246088371508
0.3,717,516,2.39,0.12504693954187
0.3,718,517,2.37,0.112529728376518
0.3,719,518,2.353,0.101890098885968
0.3,720,519,2.369,0.11190386781825
0.3,721,520,2.403,0.133183126799349
0.3,722,521,2.355,0.103141820002504
0.3,723,522,2.386,0.1225434973088
0.3,724,523,2.347,0.0981349355363623
0.3,725,524,2.36,0.106271122793842
0.3,726,525,2.38,0.118788333959194
0.3,727,526,2.398,0.130053824008011
0.3,728,527,2.326,0.0849918638127423
0.3,729,528,2.268,0.0486919514332203
0.3,730,529,2.335,0.0906246088371508
0.3,731,530,2.317,0.0793591187883341
0.3,732,531,2.376,0.116284891726123
0.3,733,532,2.387,0.123169357867067
0.3,734,533,2.351,0.100638377769433
0.3,735,534,2.429,0.149455501314307
0.3,736,535,2.379,0.118162473400926
0.3,737,536,2.31,0.0749780948804607
0.3,738,537,2.378,0.117536612842659
0.3,739,538,2.445,0.159469270246589
0.3,740,539,2.318,0.0799849793466017
0.3,741,540,2.361,0.106896983352109
0.3,742,541,2.361,0.106896983352109
0.3,743,542,2.356,0.103767680560771
0.3,744,543,2.38,0.118788333959194
0.3,745,544,2.381,0.119414194517461
0.3,746,545,2.418,0.142571035173364
0.3,747,546,2.368,0.111278007259983
0.3,748,547,2.328,0.086243584929278
0.3,749,548,2.314,0.0774815371135312
0.3,750,549,2.308,0.0737263737639253
0.3,751,550,2.37,0.112529728376518
0.3,752,551,2.378,0.117536612842659
0.3,753,552,2.348,0.0987607960946304
0.3,754,553,2.274,0.0524471147828262
0.3,755,554,2.413,0.139441732382025
0.3,756,555,2.371,0.113155588934785
0.3,757,556,2.409,0.136938290148955
0.3,758,557,2.373,0.11440731005132
0.3,759,558,2.326,0.0849918638127423
0.3,760,559,2.324,0.0837401426962078
0.3,761,560,2.295,0.0655901865064458
0.3,762,561,2.36,0.106271122793842
0.3,763,562,2.355,0.103141820002503
0.3,764,563,2.333,0.0893728877206163
0.3,765,564,2.338,0.0925021905119535
0.3,766,565,2.293,0.0643384653899115
0.3,767,566,2.33,0.0874953060458134
0.3,768,567,2.364,0.108774565026912
0.3,769,568,2.397,0.129427963449744
0.3,770,569,2.299,0.0680936287395171
0.3,771,570,2.363,0.108148704468645
0.3,772,571,2.33,0.0874953060458137
0.3,773,572,2.314,0.0774815371135312
0.3,774,573,2.237,0.0292902741269235
0.3,775,574,2.341,0.0943797721867567
0.3,776,575,2.374,0.115033170609588
0.3,777,576,2.338,0.0925021905119538
0.3,778,577,2.388,0.123795218425336
0.3,779,578,2.281,0.0568281386907001
0.3,780,579,2.357,0.104393541119039
0.3,781,580,2.408,0.136312429590687
0.3,782,581,2.288,0.061209162598573
0.3,783,582,2.314,0.0774815371135312
0.3,784,583,2.344,0.0962573538615596
0.3,785,584,2.34,0.0937539116284891
0.3,786,585,2.294,0.0649643259481785
0.3,787,586,2.296,0.0662160470647142
0.3,788,587,2.297,0.0668419076229815
0.3,789,588,2.252,0.0386781825009393
0.3,790,589,2.33,0.0874953060458137
0.3,791,590,2.281,0.0568281386906999
0.3,792,591,2.314,0.0774815371135312
0.3,793,592,2.282,0.0574539992489674
0.3,794,593,2.364,0.108774565026912
0.3,795,594,2.301,0.0693453498560519
0.3,796,595,2.333,0.0893728877206163
0.3,797,596,2.45,0.162598573037928
0.3,798,597,2.335,0.0906246088371511
0.3,799,598,2.226,0.022405807985981
0.3,800,599,2.274,0.0524471147828262
0.3,801,600,2.339,0.0931280510702219
0.3,802,601,2.356,0.103767680560771
0.3,803,602,2.399,0.130679684566278
0.3,804,603,2.394,0.127550381774941
0.3,805,604,2.377,0.116910752284392
0.3,806,605,2.263,0.0455626486418829
0.3,807,606,2.373,0.11440731005132
0.3,808,607,2.261,0.0443109275253475
0.3,809,608,2.342,0.0950056327450245
0.3,810,609,2.352,0.101264238327701
0.3,811,610,2.266,0.0474402303166858
0.3,812,611,2.348,0.0987607960946306
0.3,813,612,2.319,0.0806108399048695
0.3,814,613,2.349,0.0993866566528979
0.3,815,614,2.19,-0.00012517211165351
0.3,816,615,2.304,0.0712229315308551
0.3,817,616,2.397,0.129427963449743
0.3,818,617,2.322,0.0824884215796724
0.3,819,618,2.319,0.0806108399048695
0.3,820,619,2.345,0.0968832144198272
0.3,821,620,2.333,0.0893728877206163
0.3,822,621,2.298,0.0674677681812493
0.3,823,622,2.3,0.0687194892977841
0.3,824,623,2.285,0.0593315809237703
0.3,825,624,2.338,0.0925021905119535
0.3,826,625,2.346,0.0975090749780944
0.3,827,626,2.308,0.0737263737639253
0.3,828,627,2.31,0.074978094880461
0.3,829,628,2.256,0.0411816247340092
0.3,830,629,2.33,0.0874953060458134
0.3,831,630,2.388,0.123795218425335
0.3,832,631,2.38,0.118788333959194
0.3,833,632,2.266,0.0474402303166855
0.3,834,633,2.35,0.100012517211165
0.3,835,634,2.391,0.125672800100138
0.3,836,635,2.289,0.0618350231568408
0.3,837,636,2.239,0.0305419952434597
0.3,838,637,2.239,0.0305419952434595
0.3,839,638,2.287,0.0605833020403057
0.3,840,639,2.36,0.106271122793842
0.3,841,640,2.266,0.0474402303166855
0.3,842,641,2.298,0.0674677681812485
0.3,843,642,2.379,0.118162473400926
0.3,844,643,2.361,0.106896983352109
0.3,845,644,2.278,0.0549505570158972
0.3,846,645,2.317,0.0793591187883341
0.3,847,646,2.294,0.0649643259481785
0.3,848,647,2.291,0.0630867442733756
0.3,849,648,2.306,0.07247465264739
0.3,850,649,2.326,0.0849918638127423
0.3,851,650,2.317,0.0793591187883341
0.3,852,651,2.293,0.0643384653899115
0.3,853,652,2.365,0.109400425585179
0.3,854,653,2.295,0.0655901865064458
0.3,855,654,2.301,0.0693453498560519
0.3,856,655,2.384,0.121291776192264
0.3,857,656,2.371,0.113155588934785
0.3,858,657,2.262,0.0449367880836148
0.3,859,658,2.345,0.0968832144198274
0.3,860,659,2.314,0.0774815371135312
0.3,861,660,2.283,0.0580798598072352
0.3,862,661,2.332,0.0887470271623482
0.3,863,662,2.351,0.100638377769433
0.3,864,663,2.371,0.113155588934785
0.3,865,664,2.313,0.0768556765552636
0.3,866,665,2.345,0.0968832144198274
0.3,867,666,2.292,0.0637126048316434
0.3,868,667,2.286,0.0599574414820376
0.3,869,668,2.296,0.0662160470647142
0.3,870,669,2.253,0.0393040430592065
0.3,871,670,2.291,0.0630867442733759
0.3,872,671,2.288,0.061209162598573
0.3,873,672,2.267,0.0480660908749533
0.3,874,673,2.303,0.0705970709725879
0.3,875,674,2.301,0.0693453498560519
0.3,876,675,2.257,0.0418074852922767
0.3,877,676,2.288,0.061209162598573
0.3,878,677,2.307,0.0731005132056581
0.3,879,678,2.328,0.086243584929278
0.3,880,679,2.32,0.0812367004631368
0.3,881,680,2.298,0.067467768181249
0.3,882,681,2.292,0.0637126048316429
0.3,883,682,2.235,0.0280385530103895
0.3,884,683,2.286,0.0599574414820376
0.3,885,684,2.391,0.125672800100138
0.3,886,685,2.268,0.0486919514332203
0.3,887,686,2.314,0.0774815371135312
0.3,888,687,2.329,0.0868694454875453
0.3,889,688,2.262,0.0449367880836148
0.3,890,689,2.234,0.0274126924521212
0.3,891,690,2.291,0.0630867442733762
0.3,892,691,2.356,0.10376768056077
0.3,893,692,2.248,0.0361747402678682
0.3,894,693,2.301,0.0693453498560514
0.3,895,694,2.253,0.0393040430592065
0.3,896,695,2.225,0.0217799474277129
0.3,897,696,2.237,0.0292902741269246
0.3,898,697,2.296,0.0662160470647142
0.3,899,698,2.336,0.0912504693954187
0.3,900,699,2.308,0.0737263737639253
0.3,901,700,2.309,0.0743522343221926
0.3,902,701,2.267,0.0480660908749533
0.3,903,702,2.313,0.0768556765552634
0.3,904,703,2.234,0.0274126924521217
0.3,905,704,2.289,0.0618350231568405
0.3,906,705,2.223,0.0205282263111784
0.3,907,706,2.263,0.0455626486418831
0.3,908,707,2.207,0.0105144573788957
0.3,909,708,2.38,0.118788333959194
0.3,910,709,2.3,0.0687194892977847
0.3,911,710,2.3,0.0687194892977847
0.3,912,711,2.237,0.0292902741269244
0.3,913,712,2.292,0.0637126048316432
0.3,914,713,2.314,0.0774815371135312
0.3,915,714,2.258,0.0424333458505446
0.3,916,715,2.221,0.0192765051946427
0.3,917,716,2.35,0.100012517211165
0.3,918,717,2.263,0.0455626486418831
0.3,919,718,2.248,0.036174740267868
0.3,920,719,2.315,0.0781073976717985
0.3,921,720,2.295,0.0655901865064464
0.3,922,721,2.297,0.0668419076229815
0.3,923,722,2.296,0.0662160470647142
0.3,924,723,2.302,0.06997121041432
0.3,925,724,2.291,0.0630867442733756
0.3,926,725,2.262,0.0449367880836148
0.3,927,726,2.31,0.0749780948804607
0.3,928,727,2.22,0.0186506446363752
0.3,929,728,2.274,0.0524471147828262
0.3,930,729,2.286,0.0599574414820379
0.3,931,730,2.256,0.0411816247340092
0.3,932,731,2.25,0.0374264613844036
0.3,933,732,2.291,0.0630867442733759
0.3,934,733,2.226,0.022405807985981
0.3,935,734,2.344,0.0962573538615599
0.3,936,735,2.219,0.0180247840781076
0.3,937,736,2.19,-0.000125172111653788
0.3,938,737,2.26,0.0436850669670799
0.3,939,738,2.225,0.0217799474277132
0.3,940,739,2.214,0.0148954812867693
0.3,941,740,2.369,0.11190386781825
0.3,942,741,2.216,0.0161472024033044
0.3,943,742,2.288,0.061209162598573
0.3,944,743,2.285,0.0593315809237703
0.3,945,744,2.242,0.0324195769182627
0.3,946,745,2.217,0.016773062961572
0.3,947,746,2.301,0.0693453498560519
0.3,948,747,2.213,0.0142696207285015
0.3,949,748,2.237,0.0292902741269241
0.3,950,749,2.293,0.0643384653899115
0.5,1,-200,2.338,0.0411948099582778
0.5,2,-199,2.319,0.0303058089954613
0.5,3,-198,2.227,-0.022419879877126
0.5,4,-197,2.295,0.0165512814634812
0.5,5,-196,2.224,-0.0241391958186235
0.5,6,-195,2.213,-0.030443354270781
0.5,7,-194,2.332,0.0377561780752828
0.5,8,-193,2.205,-0.0350281967814402
0.5,9,-192,2.253,-0.00751914171748189
0.5,10,-191,2.219,-0.027004722387786
0.5,11,-190,2.227,-0.0224198798771262
0.5,12,-189,2.268,0.00107743799000498
0.5,13,-188,2.276,0.00566228050066525
0.5,14,-187,2.338,0.0411948099582778
0.5,15,-186,2.3,0.019416808032644
0.5,16,-185,2.264,-0.00121498326532465
0.5,17,-184,2.245,-0.0121039842281419
0.5,18,-183,2.311,0.0257209664848013
0.5,19,-182,2.278,0.00680849112833006
0.5,20,-181,2.239,-0.0155426161111366
0.5,21,-180,2.22,-0.0264316170739536
0.5,22,-179,2.283,0.00967401769749209
0.5,23,-178,2.325,0.033744440878456
0.5,24,-177,2.201,-0.0373206180367706
0.5,25,-176,2.284,0.0102471230113248
0.5,26,-175,2.231,-0.0201274586217966
0.5,27,-174,2.267,0.000504332676172823
0.5,28,-173,2.284,0.0102471230113248
0.5,29,-172,2.323,0.0325982302507907
0.5,30,-171,2.322,0.0320251249369588
0.5,31,-170,2.248,-0.0103846682866442
0.5,32,-169,2.387,0.0692769703360687
0.5,33,-168,2.29,0.0136857548943197
0.5,34,-167,2.261,-0.00293429920682187
0.5,35,-166,2.222,-0.0252854064462885
0.5,36,-165,2.243,-0.0132501948558072
0.5,37,-164,2.271,0.00279675393150245
0.5,38,-163,2.29,0.01368575489432
0.5,39,-162,2.278,0.00680849112833006
0.5,40,-161,2.304,0.0217092292879739
0.5,41,-160,2.233,-0.0189812479941315
0.5,42,-159,2.317,0.0291595983677962
0.5,43,-158,2.33,0.0366099674476188
0.5,44,-157,2.264,-0.00121498326532465
0.5,45,-156,2.235,-0.0178350373664662
0.5,46,-155,2.316,0.0285864930539638
0.5,47,-154,2.261,-0.00293429920682213
0.5,48,-153,2.207,-0.0338819861537759
0.5,49,-152,2.317,0.0291595983677962
0.5,50,-151,2.258,-0.00465361514831935
0.5,51,-150,2.279,0.00738159644216221
0.5,52,-149,2.305,0.0222823346018066
0.5,53,-148,2.218,-0.0275778277016184
0.5,54,-147,2.303,0.0211361239741412
0.5,55,-146,2.289,0.013112649580487
0.5,56,-145,2.311,0.0257209664848013
0.5,57,-144,2.3,0.019416808032644
0.5,58,-143,2.317,0.0291595983677962
0.5,59,-142,2.269,0.00165054330383789
0.5,60,-141,2.247,-0.0109577736004768
0.5,61,-140,2.275,0.00508917518683284
0.5,62,-139,2.266,-6.87726376593289e-05
0.5,63,-138,2.206,-0.0344550914676078
0.5,64,-137,2.3,0.0194168080326445
0.5,65,-136,2.283,0.00967401769749235
0.5,66,-135,2.3,0.019416808032644
0.5,67,-134,2.32,0.0308789143092934
0.5,68,-133,2.303,0.0211361239741415
0.5,69,-132,2.33,0.0366099674476188
0.5,70,-131,2.234,-0.0184081426802991
0.5,71,-130,2.217,-0.0281509330154508
0.5,72,-129,2.197,-0.0396130392921002
0.5,73,-128,2.218,-0.0275778277016184
0.5,74,-127,2.327,0.034890651506121
0.5,75,-126,2.324,0.0331713355646236
0.5,76,-125,2.235,-0.0178350373664662
0.5,77,-124,2.336,0.0400485993306132
0.5,78,-123,2.28,0.00795470175599462
0.5,79,-122,2.237,-0.0166888267388017
0.5,80,-121,2.246,-0.0115308789143092
0.5,81,-120,2.338,0.0411948099582778
0.5,82,-119,2.317,0.029159598367796
0.5,83,-118,2.226,-0.0229929851909581
0.5,84,-117,2.178,-0.0505020402549175
0.5,85,-116,2.254,-0.00694603640364948
0.5,86,-115,2.3,0.019416808032644
0.5,87,-114,2.24,-0.0149695107973042
0.5,88,-113,2.296,0.0171243867773141
0.5,89,-112,2.315,0.0280133877401311
0.5,90,-111,2.316,0.0285864930539641
0.5,91,-110,2.249,-0.00981156297281151
0.5,92,-109,2.287,0.0119664389528222
0.5,93,-108,2.272,0.00336985924533511
0.5,94,-107,2.258,-0.00465361514831935
0.5,95,-106,2.251,-0.00866535234514696
0.5,96,-105,2.305,0.0222823346018066
0.5,97,-104,2.271,0.0027967539315022
0.5,98,-103,2.264,-0.00121498326532465
0.5,99,-102,2.245,-0.0121039842281419
0.5,100,-101,2.273,0.00394296455916752
0.5,101,-100,2.258,-0.00465361514831935
0.5,102,-99,2.369,0.0589610746870847
0.5,103,-98,2.301,0.0199899133464764
0.5,104,-97,2.275,0.00508917518683233
0.5,105,-96,2.223,-0.0247123011324559
0.5,106,-95,2.259,-0.00408050983448719
0.5,107,-94,2.308,0.0240016505433038
0.5,108,-93,2.255,-0.00637293108981682
0.5,109,-92,2.242,-0.0138233001696394
0.5,110,-91,2.275,0.00508917518683233
0.5,111,-90,2.287,0.0119664389528222
0.5,112,-89,2.249,-0.00981156297281177
0.5,113,-88,2.312,0.0262940717986337
0.5,114,-87,2.33,0.036609967447619
0.5,115,-86,2.271,0.00279675393150245
0.5,116,-85,2.281,0.00852780706982703
0.5,117,-84,2.219,-0.027004722387786
0.5,118,-83,2.283,0.00967401769749209
0.5,119,-82,2.22,-0.0264316170739533
0.5,120,-81,2.285,0.0108202283251572
0.5,121,-80,2.252,-0.00809224703131455
0.5,122,-79,2.258,-0.00465361514831935
0.5,123,-78,2.274,0.00451606987299967
0.5,124,-77,2.293,0.0154050708358172
0.5,125,-76,2.222,-0.0252854064462885
0.5,126,-75,2.248,-0.0103846682866442
0.5,127,-74,2.277,0.00623538581449714
0.5,128,-73,2.321,0.0314520196231261
0.5,129,-72,2.281,0.00852780706982728
0.5,130,-71,2.311,0.0257209664848013
0.5,131,-70,2.312,0.0262940717986339
0.5,132,-69,2.299,0.0188437027188116
0.5,133,-68,2.274,0.00451606987299967
0.5,134,-67,2.231,-0.0201274586217969
0.5,135,-66,2.248,-0.0103846682866447
0.5,136,-65,2.252,-0.0080922470313143
0.5,137,-64,2.236,-0.0172619320526341
0.5,138,-63,2.258,-0.00465361514831935
0.5,139,-62,2.241,-0.0143964054834713
0.5,140,-61,2.251,-0.00866535234514696
0.5,141,-60,2.234,-0.0184081426802991
0.5,142,-59,2.308,0.0240016505433038
0.5,143,-58,2.258,-0.00465361514831935
0.5,144,-57,2.312,0.0262940717986339
0.5,145,-56,2.252,-0.0080922470313143
0.5,146,-55,2.229,-0.0212736692494609
0.5,147,-54,2.201,-0.0373206180367706
0.5,148,-53,2.27,0.0022236486176703
0.5,149,-52,2.232,-0.0195543533079634
0.5,150,-51,2.254,-0.00694603640364948
0.5,151,-50,2.282,0.00910091238365969
0.5,152,-49,2.276,0.00566228050066474
0.5,153,-48,2.215,-0.0292971436431159
0.5,154,-47,2.196,-0.0401861446059326
0.5,155,-46,2.241,-0.0143964054834713
0.5,156,-45,2.234,-0.0184081426802991
0.5,157,-44,2.244,-0.0126770895419741
0.5,158,-43,2.283,0.00967401769749209
0.5,159,-42,2.225,-0.0235660905047911
0.5,160,-41,2.286,0.0113933336389888
0.5,161,-40,2.297,0.0176974920911466
0.5,162,-39,2.316,0.0285864930539641
0.5,163,-38,2.229,-0.0212736692494609
0.5,164,-37,2.24,-0.0149695107973042
0.5,165,-36,2.229,-0.0212736692494609
0.5,166,-35,2.26,-0.00350740452065402
0.5,167,-34,2.288,0.0125395442666544
0.5,168,-33,2.244,-0.0126770895419741
0.5,169,-32,2.337,0.0406217046444456
0.5,170,-31,2.271,0.00279675393150245
0.5,171,-30,2.254,-0.00694603640364948
0.5,172,-29,2.22,-0.0264316170739536
0.5,173,-28,2.247,-0.0109577736004768
0.5,174,-27,2.256,-0.00579982577598467
0.5,175,-26,2.197,-0.0396130392921
0.5,176,-25,2.184,-0.0470634083719228
0.5,177,-24,2.235,-0.0178350373664662
0.5,178,-23,2.3,0.019416808032644
0.5,179,-22,2.334,0.0389023887029481
0.5,180,-21,2.3,0.019416808032644
0.5,181,-20,2.369,0.0589610746870847
0.5,182,-19,2.231,-0.0201274586217964
0.5,183,-18,2.298,0.018270597404979
0.5,184,-17,2.289,0.013112649580487
0.5,185,-16,2.319,0.0303058089954613
0.5,186,-15,2.226,-0.0229929851909584
0.5,187,-14,2.272,0.00336985924533511
0.5,188,-13,2.228,-0.0218467745632943
0.5,189,-12,2.299,0.0188437027188119
0.5,190,-11,2.34,0.0423410205859421
0.5,191,-10,2.31,0.0251478611709691
0.5,192,-9,2.282,0.00910091238365969
0.5,193,-8,2.331,0.0371830727614507
0.5,194,-7,2.294,0.0159781761496491
0.5,195,-6,2.285,0.0108202283251572
0.5,196,-5,2.267,0.000504332676172569
0.5,197,-4,2.24,-0.0149695107973047
0.5,198,-3,2.244,-0.0126770895419741
0.5,199,-2,2.224,-0.0241391958186235
0.5,200,-1,2.238,-0.0161157214249688
0.5,201,0,3.795,0.876209252212186
0.5,202,1,3.863,0.915180413552795
0.5,203,2,3.924,0.950139837696575
0.5,204,3,4.011,1
0.5,205,4,3.803,0.880794094722846
0.5,206,5,3.833,0.897987254137821
0.5,207,6,3.837,0.90027967539315
0.5,208,7,3.8,0.879074778781348
0.5,209,8,3.805,0.881940305350511
0.5,210,9,3.829,0.89569483288249
0.5,211,10,3.823,0.892256200999495
0.5,212,11,3.88,0.924923203887947
0.5,213,12,3.833,0.89798725413782
0.5,214,13,3.866,0.916899729494292
0.5,215,14,3.888,0.929508046398606
0.5,216,15,3.737,0.842969144009903
0.5,217,16,3.851,0.908303149786805
0.5,218,17,3.761,0.856723671541882
0.5,219,18,3.781,0.868185777818532
0.5,220,19,3.812,0.885952042547338
0.5,221,20,3.741,0.845261565265233
0.5,222,21,3.809,0.884232726605842
0.5,223,22,3.782,0.868758883132365
0.5,224,23,3.788,0.87219751501536
0.5,225,24,3.801,0.879647884095181
0.5,226,25,3.797,0.877355462839853
0.5,227,26,3.67,0.804571087983127
0.5,228,27,3.65,0.793108981706479
0.5,229,28,3.784,0.86990509376003
0.5,230,29,3.716,0.830933932419421
0.5,231,30,3.699,0.82119114208427
0.5,232,31,3.676,0.808009719866122
0.5,233,32,3.745,0.847553986520563
0.5,234,33,3.714,0.829787721791756
0.5,235,34,3.693,0.817752510201275
0.5,236,35,3.694,0.818325615515107
0.5,237,36,3.486,0.699119710237953
0.5,238,37,3.698,0.820618036770437
0.5,239,38,3.72,0.833226353674752
0.5,240,39,3.699,0.82119114208427
0.5,241,40,3.735,0.841822933382238
0.5,242,41,3.56,0.741529503461556
0.5,243,42,3.615,0.773050295722342
0.5,244,43,3.625,0.778781348860667
0.5,245,44,3.684,0.812594562376782
0.5,246,45,3.569,0.746687451286049
0.5,247,46,3.567,0.745541240658383
0.5,248,47,3.58,0.752991609738206
0.5,249,48,3.604,0.766746137270185
0.5,250,49,3.686,0.813740773004447
0.5,251,50,3.547,0.734079134381734
0.5,252,51,3.662,0.799986245472468
0.5,253,52,3.603,0.766173031956352
0.5,254,53,3.522,0.719751501535922
0.5,255,54,3.567,0.745541240658383
0.5,256,55,3.618,0.77476961166384
0.5,257,56,3.489,0.70083902617945
0.5,258,57,3.594,0.76101508413186
0.5,259,58,3.597,0.762734400073357
0.5,260,59,3.558,0.740383292833891
0.5,261,60,3.456,0.68192655082298
0.5,262,61,3.502,0.708289395259273
0.5,263,62,3.468,0.688803814588969
0.5,264,63,3.517,0.71688597496676
0.5,265,64,3.585,0.755857136307368
0.5,266,65,3.482,0.696827288982624
0.5,267,66,3.519,0.718032185594425
0.5,268,67,3.55,0.735798450323231
0.5,269,68,3.53,0.724336344046582
0.5,270,69,3.494,0.703704552748613
0.5,271,70,3.459,0.683645866764477
0.5,272,71,3.468,0.688803814588969
0.5,273,72,3.42,0.66129475952501
0.5,274,73,3.408,0.654417495759021
0.5,275,74,3.398,0.648686442620696
0.5,276,75,3.421,0.661867864838843
0.5,277,76,3.413,0.657283022328183
0.5,278,77,3.403,0.651551969189859
0.5,279,78,3.362,0.628054651322727
0.5,280,79,3.461,0.684792077392142
0.5,281,80,3.422,0.662440970152675
0.5,282,81,3.469,0.689376919902801
0.5,283,82,3.495,0.704277658062446
0.5,284,83,3.431,0.667598917977167
0.5,285,84,3.394,0.646394021365367
0.5,286,85,3.417,0.659575443583512
0.5,287,86,3.397,0.648113337306864
0.5,288,87,3.43,0.667025812663335
0.5,289,88,3.445,0.675622392370822
0.5,290,89,3.468,0.688803814588969
0.5,291,90,3.448,0.677341708312319
0.5,292,91,3.431,0.667598917977167
0.5,293,92,3.329,0.609142175966256
0.5,294,93,3.398,0.648686442620696
0.5,295,94,3.338,0.614300123790748
0.5,296,95,3.381,0.638943652285544
0.5,297,96,3.272,0.576475173077805
0.5,298,97,3.369,0.632066388519554
0.5,299,98,3.327,0.607995965338591
0.5,300,99,3.444,0.67504928705699
0.5,301,100,3.4,0.649832653248361
0.5,302,101,3.28,0.581060015588464
0.5,303,102,3.272,0.576475173077805
0.5,304,103,3.273,0.577048278391638
0.5,305,104,3.252,0.565013066801155
0.5,306,105,3.304,0.594814543120444
0.5,307,106,3.236,0.555843381779836
0.5,308,107,3.279,0.580486910274632
0.5,309,108,3.274,0.577621383705469
0.5,310,109,3.26,0.569597909311816
0.5,311,110,3.372,0.633785704461052
0.5,312,111,3.26,0.569597909311816
0.5,313,112,3.251,0.564439961487323
0.5,314,113,3.271,0.575902067763972
0.5,315,114,3.26,0.569597909311816
0.5,316,115,3.313,0.599972490944936
0.5,317,116,3.259,0.569024803997982
0.5,318,117,3.295,0.589656595295951
0.5,319,118,3.188,0.528334326715877
0.5,320,119,3.331,0.610288386593921
0.5,321,120,3.303,0.594241437806611
0.5,322,121,3.235,0.555270276466004
0.5,323,122,3.299,0.591949016551281
0.5,324,123,3.168,0.516872220439228
0.5,325,124,3.248,0.562720645545826
0.5,326,125,3.265,0.572463435880977
0.5,327,126,3.164,0.514579799183898
0.5,328,127,3.208,0.539796432992527
0.5,329,128,3.199,0.534638485168035
0.5,330,129,3.22,0.546673696758516
0.5,331,130,3.263,0.571317225253313
0.5,332,131,3.225,0.549539223327678
0.5,333,132,3.169,0.517445325753061
0.5,334,133,3.226,0.550112328641511
0.5,335,134,3.137,0.499105955710421
0.5,336,135,3.135,0.497959745082757
0.5,337,136,3.184,0.526041905460548
0.5,338,137,3.192,0.530626747971207
0.5,339,138,3.239,0.557562697721333
0.5,340,139,3.153,0.508275640731741
0.5,341,140,3.159,0.511714272614736
0.5,342,141,3.086,0.469877584704966
0.5,343,142,3.124,0.491655586630599
0.5,344,143,3.178,0.522603273577552
0.5,345,144,3.105,0.480766585667782
0.5,346,145,3.15,0.506556324790244
0.5,347,146,3.132,0.496240429141259
0.5,348,147,3.125,0.492228691944432
0.5,349,148,3.125,0.492228691944432
0.5,350,149,3.154,0.508848746045574
0.5,351,150,3.097,0.476181743157123
0.5,352,151,3.127,0.493374902572097
0.5,353,152,3.19,0.529480537343542
0.5,354,153,3.133,0.496813534455091
0.5,355,154,3.127,0.493374902572097
0.5,356,155,3.12,0.489363165375269
0.5,357,156,3.183,0.525468800146715
0.5,358,157,3.093,0.473889321901793
0.5,359,158,3.018,0.430906423364357
0.5,360,159,3.105,0.480766585667782
0.5,361,160,3.108,0.48248590160928
0.5,362,161,3.038,0.442368529641007
0.5,363,162,3.102,0.479047269726285
0.5,364,163,3.05,0.449245793406997
0.5,365,164,3.057,0.453257530603823
0.5,366,165,3.151,0.507129430104076
0.5,367,166,3.105,0.480766585667783
0.5,368,167,3.035,0.44064921369951
0.5,369,168,3.097,0.476181743157122
0.5,370,169,3.005,0.423456054284535
0.5,371,170,3.022,0.433198844619687
0.5,372,171,3.061,0.455549951859154
0.5,373,172,3.059,0.454403741231489
0.5,374,173,2.938,0.385057998257759
0.5,375,174,2.921,0.375315207922608
0.5,376,175,3.086,0.469877584704965
0.5,377,176,3.002,0.421736738343038
0.5,378,177,3.072,0.461854110311311
0.5,379,178,2.923,0.376461418550273
0.5,380,179,2.997,0.418871211773875
0.5,381,180,3.037,0.441795424327175
0.5,382,181,3.004,0.422882948970703
0.5,383,182,3.002,0.421736738343038
0.5,384,183,3.062,0.456123057172987
0.5,385,184,2.898,0.362133785704461
0.5,386,185,2.956,0.395373893906745
0.5,387,186,2.983,0.410847737380221
0.5,388,187,3.013,0.428040896795196
0.5,389,188,3.074,0.463000320938976
0.5,390,189,3.01,0.426321580853698
0.5,391,190,2.956,0.395373893906745
0.5,392,191,2.955,0.394800788592912
0.5,393,192,2.966,0.401104947045069
0.5,394,193,2.939,0.385631103571592
0.5,395,194,2.976,0.406836000183394
0.5,396,195,3.035,0.44064921369951
0.5,397,196,2.944,0.388496630140754
0.5,398,197,2.878,0.350671679427812
0.5,399,198,2.942,0.38735041951309
0.5,400,199,2.952,0.393081472651415
0.5,401,200,3.034,0.440076108385677
0.5,402,201,2.977,0.407409105497226
0.5,403,202,2.934,0.38276557700243
0.5,404,203,3.008,0.425175370226033
0.5,405,204,2.94,0.386204208885425
0.5,406,205,2.936,0.383911787630095
0.5,407,206,2.942,0.38735041951309
0.5,408,207,3.023,0.43377194993352
0.5,409,208,2.976,0.406836000183394
0.5,410,209,2.9,0.363279996332126
0.5,411,210,2.977,0.407409105497227
0.5,412,211,2.972,0.404543578928063
0.5,413,212,2.921,0.375315207922608
0.5,414,213,2.986,0.412567053321718
0.5,415,214,2.945,0.389069735454587
0.5,416,215,2.94,0.386204208885425
0.5,417,216,2.872,0.347233047544817
0.5,418,217,2.993,0.416578790518546
0.5,419,218,2.998,0.419444317087708
0.5,420,219,2.932,0.381619366374765
0.5,421,220,2.891,0.358122048507634
0.5,422,221,2.894,0.359841364449132
0.5,423,222,2.92,0.374742102608775
0.5,424,223,2.913,0.370730365411948
0.5,425,224,2.967,0.401678052358902
0.5,426,225,2.87,0.346086836917152
0.5,427,226,2.867,0.344367520975654
0.5,428,227,2.926,0.37818073449177
0.5,429,228,2.879,0.351244784741644
0.5,430,229,2.896,0.360987575076796
0.5,431,230,2.939,0.385631103571592
0.5,432,231,2.863,0.342075099720325
0.5,433,232,2.86,0.340355783778827
0.5,434,233,2.848,0.333478520012838
0.5,435,234,2.862,0.341501994406492
0.5,436,235,2.861,0.34092888909266
0.5,437,236,2.814,0.313992939342534
0.5,438,237,2.913,0.370730365411948
0.5,439,238,2.881,0.352390995369309
0.5,440,239,2.885,0.354683416624639
0.5,441,240,2.842,0.330039888129843
0.5,442,241,2.757,0.281325936454083
0.5,443,242,2.874,0.348379258172482
0.5,444,243,2.87,0.346086836917152
0.5,445,244,2.828,0.322016413736188
0.5,446,245,2.806,0.309408096831873
0.5,447,246,2.823,0.319150887167026
0.5,448,247,2.721,0.260694145156114
0.5,449,248,2.738,0.270436935491266
0.5,450,249,2.768,0.28763009490624
0.5,451,250,2.819,0.316858465911696
0.5,452,251,2.829,0.32258951905002
0.5,453,252,2.749,0.276741093943423
0.5,454,253,2.786,0.297945990555224
0.5,455,254,2.808,0.310554307459539
0.5,456,255,2.771,0.289349410847737
0.5,457,256,2.822,0.318577781853193
0.5,458,257,2.75,0.277314199257256
0.5,459,258,2.796,0.303677043693549
0.5,460,259,2.828,0.322016413736188
0.5,461,260,2.846,0.332332309385173
0.5,462,261,2.842,0.330039888129843
0.5,463,262,2.8,0.305969464948879
0.5,464,263,2.731,0.266425198294438
0.5,465,264,2.779,0.293934253358397
0.5,466,265,2.789,0.299665306496722
0.5,467,266,2.783,0.296226674613726
0.5,468,267,2.771,0.289349410847737
0.5,469,268,2.755,0.280179725826418
0.5,470,269,2.784,0.29679977992756
0.5,471,270,2.832,0.324308834991518
0.5,472,271,2.742,0.272729356746595
0.5,473,272,2.704,0.250951354820962
0.5,474,273,2.785,0.297372885241392
0.5,475,274,2.808,0.310554307459539
0.5,476,275,2.747,0.275594883315758
0.5,477,276,2.71,0.254389986703956
0.5,478,277,2.847,0.332905414699005
0.5,479,278,2.752,0.27846040988492
0.5,480,279,2.799,0.305396359635047
0.5,481,280,2.787,0.298519095869057
0.5,482,281,2.766,0.286483884278575
0.5,483,282,2.694,0.245220301682637
0.5,484,283,2.75,0.277314199257256
0.5,485,284,2.825,0.320297097794691
0.5,486,285,2.814,0.313992939342534
0.5,487,286,2.682,0.238343037916647
0.5,488,287,2.776,0.2922149374169
0.5,489,288,2.714,0.256682407959287
0.5,490,289,2.763,0.284764568337078
0.5,491,290,2.73,0.265852092980606
0.5,492,291,2.753,0.279033515198753
0.5,493,292,2.729,0.265278987666774
0.5,494,293,2.747,0.275594883315758
0.5,495,294,2.75,0.277314199257256
0.5,496,295,2.658,0.224588510384669
0.5,497,296,2.758,0.281899041767916
0.5,498,297,2.741,0.272156251432764
0.5,499,298,2.687,0.24120856448581
0.5,500,299,2.688,0.241781669799643
0.5,501,300,2.753,0.279033515198753
0.5,502,301,2.666,0.229173352895328
0.5,503,302,2.671,0.232038879464491
0.5,504,303,2.646,0.217711246618678
0.5,505,304,2.667,0.22974645820916
0.5,506,305,2.754,0.279606620512586
0.5,507,306,2.696,0.246366512310302
0.5,508,307,2.672,0.232611984778323
0.5,509,308,2.621,0.203383613772867
0.5,510,309,2.733,0.267571408922103
0.5,511,310,2.678,0.236050616661318
0.5,512,311,2.71,0.254389986703956
0.5,513,312,2.756,0.28075283114025
0.5,514,313,2.663,0.227454036953831
0.5,515,314,2.688,0.241781669799642
0.5,516,315,2.697,0.246939617624135
0.5,517,316,2.617,0.201091192517537
0.5,518,317,2.667,0.22974645820916
0.5,519,318,2.7,0.248658933565632
0.5,520,319,2.729,0.265278987666774
0.5,521,320,2.711,0.25496309201779
0.5,522,321,2.619,0.202237403145202
0.5,523,322,2.718,0.258974829214617
0.5,524,323,2.693,0.244647196368805
0.5,525,324,2.702,0.249805144193297
0.5,526,325,2.669,0.230892668836825
0.5,527,326,2.721,0.260694145156114
0.5,528,327,2.721,0.260694145156114
0.5,529,328,2.629,0.207968456283527
0.5,530,329,2.664,0.228027142267663
0.5,531,330,2.659,0.225161615698501
0.5,532,331,2.7,0.248658933565632
0.5,533,332,2.653,0.221722983815506
0.5,534,333,2.668,0.230319563522993
0.5,535,334,2.626,0.206249140342029
0.5,536,335,2.692,0.244074091054972
0.5,537,336,2.725,0.262986566411444
0.5,538,337,2.672,0.232611984778323
0.5,539,338,2.692,0.244074091054972
0.5,540,339,2.742,0.272729356746595
0.5,541,340,2.6,0.191348402182385
0.5,542,341,2.624,0.205102929714364
0.5,543,342,2.656,0.223442299757003
0.5,544,343,2.645,0.217138141304846
0.5,545,344,2.706,0.252097565448627
0.5,546,345,2.655,0.222869194443171
0.5,547,346,2.553,0.164412452432259
0.5,548,347,2.671,0.232038879464491
0.5,549,348,2.623,0.204529824400532
0.5,550,349,2.641,0.214845720049517
0.5,551,350,2.605,0.194213928751548
0.5,552,351,2.657,0.224015405070836
0.5,553,352,2.679,0.23662372197515
0.5,554,353,2.646,0.217711246618678
0.5,555,354,2.65,0.220003667874009
0.5,556,355,2.626,0.206249140342029
0.5,557,356,2.687,0.24120856448581
0.5,558,357,2.686,0.240635459171977
0.5,559,358,2.667,0.22974645820916
0.5,560,359,2.638,0.213126404108019
0.5,561,360,2.611,0.197652560634542
0.5,562,361,2.579,0.179313190591903
0.5,563,362,2.579,0.179313190591903
0.5,564,363,2.593,0.187336664985558
0.5,565,364,2.64,0.214272614735684
0.5,566,365,2.61,0.19707945532071
0.5,567,366,2.614,0.19937187657604
0.5,568,367,2.619,0.202237403145202
0.5,569,368,2.575,0.177020769336574
0.5,570,369,2.696,0.246366512310302
0.5,571,370,2.673,0.233185090092155
0.5,572,371,2.616,0.200518087203705
0.5,573,372,2.637,0.212553298794186
0.5,574,373,2.61,0.19707945532071
0.5,575,374,2.475,0.119710237953326
0.5,576,375,2.52,0.145499977075787
0.5,577,376,2.557,0.166704873687589
0.5,578,377,2.577,0.178166979964238
0.5,579,378,2.616,0.200518087203705
0.5,580,379,2.56,0.168424189629086
0.5,581,380,2.587,0.183898033102563
0.5,582,381,2.569,0.173582137453579
0.5,583,382,2.613,0.198798771262207
0.5,584,383,2.495,0.131172344229976
0.5,585,384,2.577,0.178166979964239
0.5,586,385,2.578,0.178740085278071
0.5,587,386,2.629,0.207968456283527
0.5,588,387,2.591,0.186190454357893
0.5,589,388,2.515,0.142634450506625
0.5,590,389,2.6,0.191348402182385
0.5,591,390,2.539,0.156388978038604
0.5,592,391,2.574,0.176447664022741
0.5,593,392,2.605,0.194213928751547
0.5,594,393,2.574,0.176447664022741
0.5,595,394,2.541,0.157535188666269
0.5,596,395,2.617,0.201091192517537
0.5,597,396,2.549,0.162120031176929
0.5,598,397,2.605,0.194213928751547
0.5,599,398,2.497,0.132318554857641
0.5,600,399,2.615,0.199944981889871
0.5,601,400,2.523,0.147219293017285
0.5,602,401,2.533,0.152950346155609
0.5,603,402,2.541,0.157535188666269
0.5,604,403,2.556,0.166131768373756
0.5,605,404,2.537,0.15524276741094
0.5,606,405,2.525,0.14836550364495
0.5,607,406,2.51,0.139768923937463
0.5,608,407,2.561,0.168997294942919
0.5,609,408,2.414,0.0847508138095455
0.5,610,409,2.589,0.185044243730228
0.5,611,410,2.576,0.177593874650406
0.5,612,411,2.538,0.155815872724772
0.5,613,412,2.588,0.184471138416395
0.5,614,413,2.568,0.173009032139746
0.5,615,414,2.545,0.159827609921599
0.5,616,415,2.489,0.127733712346981
0.5,617,416,2.509,0.13919581862363
0.5,618,417,2.57,0.174155242767411
0.5,619,418,2.508,0.138622713309798
0.5,620,419,2.544,0.159254504607767
0.5,621,420,2.64,0.214272614735684
0.5,622,421,2.536,0.154669662097107
0.5,623,422,2.538,0.155815872724772
0.5,624,423,2.62,0.202810508459034
0.5,625,424,2.535,0.154096556783275
0.5,626,425,2.553,0.164412452432259
0.5,627,426,2.458,0.109967447618175
0.5,628,427,2.558,0.167277979001421
0.5,629,428,2.482,0.123721975150154
0.5,630,429,2.562,0.169570400256751
0.5,631,430,2.578,0.178740085278071
0.5,632,431,2.492,0.129453028288478
0.5,633,432,2.543,0.158681399293934
0.5,634,433,2.568,0.173009032139746
0.5,635,434,2.59,0.18561734904406
0.5,636,435,2.479,0.122002659208657
0.5,637,436,2.57,0.174155242767411
0.5,638,437,2.52,0.145499977075787
0.5,639,438,2.527,0.149511714272614
0.5,640,439,2.517,0.14378066113429
0.5,641,440,2.619,0.202237403145202
0.5,642,441,2.514,0.142061345192793
0.5,643,442,2.487,0.126587501719316
0.5,644,443,2.414,0.0847508138095455
0.5,645,444,2.537,0.15524276741094
0.5,646,445,2.509,0.13919581862363
0.5,647,446,2.414,0.0847508138095458
0.5,648,447,2.431,0.0944936041446977
0.5,649,448,2.522,0.146646187703453
0.5,650,449,2.54,0.156962083352437
0.5,651,450,2.466,0.114552290128834
0.5,652,451,2.529,0.15065792490028
0.5,653,452,2.502,0.135184081426803
0.5,654,453,2.54,0.156962083352437
0.5,655,454,2.501,0.13461097611297
0.5,656,455,2.474,0.119137132639494
0.5,657,456,2.448,0.104236394479849
0.5,658,457,2.501,0.13461097611297
0.5,659,458,2.559,0.167851084315254
0.5,660,459,2.553,0.164412452432259
0.5,661,460,2.534,0.153523451469442
0.5,662,461,2.513,0.141488239878961
0.5,663,462,2.549,0.162120031176929
0.5,664,463,2.502,0.135184081426803
0.5,665,464,2.542,0.158108293980102
0.5,666,465,2.507,0.138049607995965
0.5,667,466,2.539,0.156388978038604
0.5,668,467,2.507,0.138049607995965
0.5,669,468,2.511,0.140342029251295
0.5,670,469,2.475,0.119710237953326
0.5,671,470,2.483,0.124295080463986
0.5,672,471,2.516,0.143207555820458
0.5,673,472,2.476,0.120283343267159
0.5,674,473,2.542,0.158108293980102
0.5,675,474,2.571,0.174728348081243
0.5,676,475,2.529,0.15065792490028
0.5,677,476,2.428,0.0927742882032
0.5,678,477,2.436,0.09735913071386
0.5,679,478,2.453,0.107101921049012
0.5,680,479,2.404,0.0790197606712212
0.5,681,480,2.527,0.149511714272615
0.5,682,481,2.49,0.128306817660813
0.5,683,482,2.475,0.119710237953326
0.5,684,483,2.471,0.117417816697997
0.5,685,484,2.448,0.104236394479849
0.5,686,485,2.539,0.156388978038604
0.5,687,486,2.489,0.127733712346981
0.5,688,487,2.476,0.120283343267159
0.5,689,488,2.564,0.170716610884416
0.5,690,489,2.509,0.13919581862363
0.5,691,490,2.581,0.180459401219568
0.5,692,491,2.532,0.152377240841778
0.5,693,492,2.58,0.179886295905736
0.5,694,493,2.478,0.121429553894823
0.5,695,494,2.467,0.115125395442666
0.5,696,495,2.458,0.109967447618175
0.5,697,496,2.574,0.176447664022742
0.5,698,497,2.535,0.154096556783275
0.5,699,498,2.487,0.126587501719316
0.5,700,499,2.442,0.100797762596855
0.5,701,500,2.453,0.107101921049012
0.5,702,501,2.468,0.115698500756499
0.5,703,502,2.411,0.0830314978680483
0.5,704,503,2.394,0.0732887075328964
0.5,705,504,2.513,0.14148823987896
0.5,706,505,2.523,0.147219293017285
0.5,707,506,2.457,0.109394342304342
0.5,708,507,2.453,0.107101921049012
0.5,709,508,2.507,0.138049607995965
0.5,710,509,2.47,0.116844711384164
0.5,711,510,2.425,0.0910549722617025
0.5,712,511,2.494,0.130599238916143
0.5,713,512,2.403,0.0784466553573885
0.5,714,513,2.512,0.140915134565127
0.5,715,514,2.456,0.10882123699051
0.5,716,515,2.462,0.112259868873504
0.5,717,516,2.443,0.101370867910687
0.5,718,517,2.394,0.0732887075328964
0.5,719,518,2.504,0.136330292054468
0.5,720,519,2.488,0.127160607033149
0.5,721,520,2.357,0.0520838109210953
0.5,722,521,2.447,0.103663289166017
0.5,723,522,2.53,0.151231030214112
0.5,724,523,2.469,0.116271606070331
0.5,725,524,2.434,0.0962129200861957
0.5,726,525,2.414,0.0847508138095455
0.5,727,526,2.465,0.113979184815002
0.5,728,527,2.428,0.0927742882032002
0.5,729,528,2.424,0.0904818669478706
0.5,730,529,2.356,0.0515107056072624
0.5,731,530,2.396,0.0744349181605609
0.5,732,531,2.487,0.126587501719316
0.5,733,532,2.485,0.125441291091651
0.5,734,533,2.469,0.116271606070331
0.5,735,534,2.459,0.110540552932007
0.5,736,535,2.475,0.119710237953326
0.5,737,536,2.461,0.111686763559672
0.5,738,537,2.531,0.151804135527945
0.5,739,538,2.436,0.09735913071386
0.5,740,539,2.392,0.0721424969052315
0.5,741,540,2.456,0.10882123699051
0.5,742,541,2.497,0.132318554857641
0.5,743,542,2.376,0.0629728118839118
0.5,744,543,2.504,0.136330292054468
0.5,745,544,2.452,0.10652881573518
0.5,746,545,2.513,0.14148823987896
0.5,747,546,2.451,0.105955710421347
0.5,748,547,2.414,0.0847508138095455
0.5,749,548,2.441,0.100224657283023
0.5,750,549,2.353,0.0497913896657649
0.5,751,550,2.284,0.010247123011325
0.5,752,551,2.442,0.100797762596855
0.5,753,552,2.392,0.0721424969052315
0.5,754,553,2.475,0.119710237953326
0.5,755,554,2.508,0.138622713309798
0.5,756,555,2.497,0.132318554857641
0.5,757,556,2.422,0.0893356563202053
0.5,758,557,2.482,0.123721975150154
0.5,759,558,2.447,0.103663289166017
0.5,760,559,2.375,0.0623997065700794
0.5,761,560,2.363,0.05552244280409
0.5,762,561,2.442,0.100797762596855
0.5,763,562,2.369,0.0589610746870847
0.5,764,563,2.373,0.061253495942414
0.5,765,564,2.386,0.0687038650222366
0.5,766,565,2.413,0.0841777084957131
0.5,767,566,2.41,0.0824583925542159
0.5,768,567,2.42,0.08818944569254
0.5,769,568,2.387,0.0692769703360687
0.5,770,569,2.378,0.0641190225115768
0.5,771,570,2.369,0.0589610746870847
0.5,772,571,2.365,0.0566686534317545
0.5,773,572,2.473,0.118564027325662
0.5,774,573,2.363,0.05552244280409
0.5,775,574,2.464,0.113406079501169
0.5,776,575,2.403,0.0784466553573885
0.5,777,576,2.41,0.0824583925542159
0.5,778,577,2.399,0.0761542341020581
0.5,779,578,2.395,0.0738618128467288
0.5,780,579,2.468,0.115698500756499
0.5,781,580,2.416,0.0858970244372108
0.5,782,581,2.469,0.116271606070331
0.5,783,582,2.41,0.0824583925542161
0.5,784,583,2.428,0.0927742882032002
0.5,785,584,2.406,0.080165971298886
0.5,786,585,2.413,0.0841777084957131
0.5,787,586,2.36,0.0538031268625925
0.5,788,587,2.43,0.0939204988308655
0.5,789,588,2.44,0.0996515519691901
0.5,790,589,2.397,0.0750080234743941
0.5,791,590,2.426,0.0916280775755349
0.5,792,591,2.425,0.0910549722617028
0.5,793,592,2.418,0.0870432350648759
0.5,794,593,2.381,0.0658383384530741
0.5,795,594,2.409,0.0818852872403837
0.5,796,595,2.337,0.0406217046444456
0.5,797,596,2.419,0.0876163403787078
0.5,798,597,2.383,0.0669845490807394
0.5,799,598,2.4,0.076727339415891
0.5,800,599,2.372,0.0606803906285819
0.5,801,600,2.407,0.0807390766127192
0.5,802,601,2.37,0.0595341800009168
0.5,803,602,2.418,0.0870432350648759
0.5,804,603,2.431,0.094493604144698
0.5,805,604,2.43,0.0939204988308655
0.5,806,605,2.435,0.0967860254000278
0.5,807,606,2.4,0.076727339415891
0.5,808,607,2.348,0.0469258630966031
0.5,809,608,2.358,0.0526569162349272
0.5,810,609,2.478,0.121429553894823
0.5,811,610,2.437,0.0979322360276929
0.5,812,611,2.337,0.0406217046444456
0.5,813,612,2.366,0.0572417587455874
0.5,814,613,2.357,0.0520838109210953
0.5,815,614,2.315,0.0280133877401311
0.5,816,615,2.41,0.0824583925542159
0.5,817,616,2.397,0.0750080234743938
0.5,818,617,2.342,0.0434872312136079
0.5,819,618,2.369,0.0589610746870847
0.5,820,619,2.355,0.0509376002934302
0.5,821,620,2.462,0.112259868873504
0.5,822,621,2.387,0.0692769703360687
0.5,823,622,2.411,0.083031497868048
0.5,824,623,2.336,0.0400485993306132
0.5,825,624,2.418,0.0870432350648756
0.5,826,625,2.411,0.0830314978680483
0.5,827,626,2.355,0.0509376002934297
0.5,828,627,2.374,0.0618266012562467
0.5,829,628,2.372,0.0606803906285819
0.5,830,629,2.438,0.0985053413415248
0.5,831,630,2.373,0.0612534959424143
0.5,832,631,2.351,0.0486451790381003
0.5,833,632,2.375,0.0623997065700794
0.5,834,633,2.328,0.0354637568199534
0.5,835,634,2.34,0.0423410205859428
0.5,836,635,2.375,0.0623997065700794
0.5,837,636,2.397,0.0750080234743938
0.5,838,637,2.306,0.0228554399156387
0.5,839,638,2.499,0.133464765485306
0.5,840,639,2.415,0.0853239191233787
0.5,841,640,2.448,0.104236394479849
0.5,842,641,2.377,0.0635459171977444
0.5,843,642,2.357,0.0520838109210953
0.5,844,643,2.378,0.0641190225115768
0.5,845,644,2.459,0.110540552932007
0.5,846,645,2.405,0.0795928659850533
0.5,847,646,2.365,0.056668653431754
0.5,848,647,2.409,0.0818852872403835
0.5,849,648,2.448,0.104236394479849
0.5,850,649,2.411,0.0830314978680478
0.5,851,650,2.372,0.0606803906285819
0.5,852,651,2.392,0.0721424969052315
0.5,853,652,2.343,0.0440603365274403
0.5,854,653,2.38,0.0652652331392419
0.5,855,654,2.36,0.0538031268625925
0.5,856,655,2.416,0.0858970244372108
0.5,857,656,2.43,0.0939204988308655
0.5,858,657,2.395,0.073861812846729
0.5,859,658,2.422,0.089335656320206
0.5,860,659,2.454,0.107675026362844
0.5,861,660,2.402,0.0778735500435559
0.5,862,661,2.342,0.0434872312136082
0.5,863,662,2.372,0.0606803906285819
0.5,864,663,2.447,0.103663289166017
0.5,865,664,2.392,0.0721424969052315
0.5,866,665,2.311,0.0257209664848013
0.5,867,666,2.41,0.0824583925542159
0.5,868,667,2.388,0.0698500756499017
0.5,869,668,2.323,0.0325982302507907
0.5,870,669,2.353,0.0497913896657649
0.5,871,670,2.401,0.0773004447297237
0.5,872,671,2.432,0.0950667094585301
0.5,873,672,2.364,0.0560955481179221
0.5,874,673,2.377,0.0635459171977444
0.5,875,674,2.368,0.0583879693732523
0.5,876,675,2.357,0.052083810921095
0.5,877,676,2.373,0.061253495942414
0.5,878,677,2.343,0.0440603365274403
0.5,879,678,2.413,0.0841777084957134
0.5,880,679,2.403,0.0784466553573888
0.5,881,680,2.371,0.0601072853147495
0.5,882,681,2.357,0.0520838109210953
0.5,883,682,2.332,0.0377561780752831
0.5,884,683,2.375,0.0623997065700794
0.5,885,684,2.363,0.05552244280409
0.5,886,685,2.269,0.00165054330383764
0.5,887,686,2.416,0.0858970244372106
0.5,888,687,2.381,0.0658383384530741
0.5,889,688,2.336,0.0400485993306132
0.5,890,689,2.345,0.0452065471551056
0.5,891,690,2.412,0.083604603181881
0.5,892,691,2.34,0.0423410205859428
0.5,893,692,2.425,0.0910549722617025
0.5,894,693,2.354,0.0503644949795978
0.5,895,694,2.332,0.0377561780752831
0.5,896,695,2.331,0.0371830727614509
0.5,897,696,2.356,0.0515107056072619
0.5,898,697,2.397,0.0750080234743938
0.5,899,698,2.313,0.0268671771124663
0.5,900,699,2.426,0.0916280775755346
0.5,901,700,2.373,0.061253495942414
0.5,902,701,2.387,0.0692769703360687
0.5,903,702,2.327,0.034890651506121
0.5,904,703,2.318,0.0297327036816284
0.5,905,704,2.31,0.0251478611709686
0.5,906,705,2.37,0.0595341800009168
0.5,907,706,2.323,0.0325982302507907
0.5,908,707,2.411,0.083031497868048
0.5,909,708,2.462,0.112259868873504
0.5,910,709,2.414,0.0847508138095455
0.5,911,710,2.446,0.103090183852185
0.5,912,711,2.326,0.0343175461922881
0.5,913,712,2.389,0.0704231809637338
0.5,914,713,2.367,0.0578148640594193
0.5,915,714,2.279,0.00738159644216221
0.5,916,715,2.36,0.0538031268625925
0.5,917,716,2.328,0.0354637568199534
0.5,918,717,2.356,0.0515107056072624
0.5,919,718,2.364,0.0560955481179219
0.5,920,719,2.272,0.00336985924533486
0.5,921,720,2.313,0.0268671771124661
0.5,922,721,2.373,0.0612534959424145
0.5,923,722,2.363,0.05552244280409
0.5,924,723,2.392,0.0721424969052313
0.5,925,724,2.306,0.0228554399156395
0.5,926,725,2.359,0.0532300215487593
0.5,927,726,2.366,0.0572417587455874
0.5,928,727,2.342,0.0434872312136079
0.5,929,728,2.36,0.0538031268625925
0.5,930,729,2.31,0.0251478611709686
0.5,931,730,2.402,0.0778735500435559
0.5,932,731,2.326,0.0343175461922881
0.5,933,732,2.363,0.05552244280409
0.5,934,733,2.436,0.09735913071386
0.5,935,734,2.353,0.0497913896657649
0.5,936,735,2.352,0.0492182843519327
0.5,937,736,2.317,0.0291595983677962
0.5,938,737,2.273,0.00394296455916752
0.5,939,738,2.27,0.00222364861766928
0.5,940,739,2.38,0.0652652331392419
0.5,941,740,2.405,0.0795928659850531
0.5,942,741,2.321,0.0314520196231258
0.5,943,742,2.347,0.0463527577827699
0.5,944,743,2.325,0.033744440878456
0.5,945,744,2.394,0.0732887075328964
0.5,946,745,2.343,0.0440603365274403
0.5,947,746,2.384,0.0675576543945715
0.5,948,747,2.4,0.076727339415891
0.5,949,748,2.376,0.0629728118839123
0.5,950,749,2.372,0.0606803906285819
1,1,-200,2.61,0.0606162441452608
1,2,-199,2.521,0.013883346285522
1,3,-198,2.447,-0.0249732204742603
1,4,-197,2.467,-0.0144714456743189
1,5,-196,2.484,-0.00554493709436937
1,6,-195,2.606,0.0585158891852723
1,7,-194,2.483,-0.00607002583436613
1,8,-193,2.479,-0.00817038079435391
1,9,-192,2.444,-0.0265484866942511
1,10,-191,2.486,-0.00449475961437466
1,11,-190,2.467,-0.0144714456743186
1,12,-189,2.423,-0.0375753502341897
1,13,-188,2.532,0.01965932242549
1,14,-187,2.495,0.000231039045598588
1,15,-186,2.566,0.0375123395853904
1,16,-185,2.45,-0.0233979542542686
1,17,-184,2.567,0.0380374283253872
1,18,-183,2.475,-0.0102707357543426
1,19,-182,2.414,-0.0423011488941632
1,20,-181,2.441,-0.0281237529142423
1,21,-180,2.402,-0.0486022137741282
1,22,-179,2.415,-0.0417760601541658
1,23,-178,2.42,-0.0391506164541807
1,24,-177,2.55,0.0291109197454367
1,25,-176,2.479,-0.00817038079435391
1,26,-175,2.516,0.0112579025855373
1,27,-174,2.627,0.0695427527252108
1,28,-173,2.495,0.000231039045598588
1,29,-172,2.507,0.00653210392556331
1,30,-171,2.477,-0.00922055827434838
1,31,-170,2.477,-0.00922055827434838
1,32,-169,2.514,0.010207725105543
1,33,-168,2.556,0.0322614521854192
1,34,-167,2.505,0.00548192644556954
1,35,-166,2.437,-0.0302241078742306
1,36,-165,2.528,0.0175589674655017
1,37,-164,2.549,0.0285858310054402
1,38,-163,2.477,-0.00922055827434838
1,39,-162,2.476,-0.00974564701434515
1,40,-161,2.448,-0.0244481317342633
1,41,-160,2.537,0.0222847661254757
1,42,-159,2.473,-0.0113209132343364
1,43,-158,2.424,-0.0370502614941923
1,44,-157,2.528,0.0175589674655022
1,45,-156,2.555,0.0317363634454224
1,46,-155,2.524,0.0154586125055133
1,47,-154,2.537,0.0222847661254757
1,48,-153,2.478,-0.00869546953435161
1,49,-152,2.532,0.01965932242549
1,50,-151,2.533,0.020184411165487
1,51,-150,2.509,0.00758228140555731
1,52,-149,2.514,0.010207725105543
1,53,-148,2.525,0.0159837012455107
1,54,-147,2.476,-0.00974564701434515
1,55,-146,2.487,-0.00396967087437789
1,56,-145,2.525,0.015983701245511
1,57,-144,2.543,0.0254352985654577
1,58,-143,2.469,-0.0134212681943246
1,59,-142,2.453,-0.0218226880342776
1,60,-141,2.484,-0.00554493709436913
1,61,-140,2.534,0.0207094999054842
1,62,-139,2.531,0.0191342336854928
1,63,-138,2.494,-0.000294049694398181
1,64,-137,2.572,0.0406628720253726
1,65,-136,2.505,0.00548192644556954
1,66,-135,2.556,0.0322614521854194
1,67,-134,2.479,-0.00817038079435391
1,68,-133,2.493,-0.000819138434395183
1,69,-132,2.442,-0.0275986641742453
1,70,-131,2.465,-0.0155216231543131
1,71,-130,2.521,0.013883346285522
1,72,-129,2.504,0.0049568377055723
1,73,-128,2.501,0.0033815714855813
1,74,-127,2.411,-0.0438764151141542
1,75,-126,2.54,0.0238600323454667
1,76,-125,2.542,0.0249102098254598
1,77,-124,2.41,-0.0444015038541512
1,78,-123,2.503,0.0044317489655753
1,79,-122,2.573,0.0411879607653692
1,80,-121,2.506,0.00600701518556631
1,81,-120,2.471,-0.0123710907143306
1,82,-119,2.517,0.011782991325534
1,83,-118,2.517,0.0117829913255336
1,84,-117,2.53,0.018609144945496
1,85,-116,2.552,0.0301610972254314
1,86,-115,2.44,-0.0286488416542395
1,87,-114,2.56,0.0343618071454077
1,88,-113,2.517,0.0117829913255336
1,89,-112,2.484,-0.00554493709436937
1,90,-111,2.547,0.0275356535254457
1,91,-110,2.509,0.00758228140555731
1,92,-109,2.589,0.0495893806053224
1,93,-108,2.496,0.000756127785596056
1,94,-107,2.459,-0.0186721555942951
1,95,-106,2.508,0.00705719266556078
1,96,-105,2.448,-0.0244481317342633
1,97,-104,2.441,-0.0281237529142423
1,98,-103,2.421,-0.0386255277141835
1,99,-102,2.533,0.020184411165487
1,100,-101,2.472,-0.0118460019743336
1,101,-100,2.477,-0.00922055827434861
1,102,-99,2.539,0.0233349436054695
1,103,-98,2.454,-0.0212975992942808
1,104,-97,2.517,0.0117829913255343
1,105,-96,2.494,-0.000294049694398181
1,106,-95,2.454,-0.0212975992942808
1,107,-94,2.482,-0.00659511457436267
1,108,-93,2.494,-0.000294049694398181
1,109,-92,2.574,0.0417130495053666
1,110,-91,2.511,0.00863245888555202
1,111,-90,2.536,0.021759677385478
1,112,-89,2.477,-0.00922055827434838
1,113,-88,2.494,-0.000294049694398181
1,114,-87,2.537,0.0222847661254755
1,115,-86,2.5,0.00285648274558406
1,116,-85,2.528,0.017558967465502
1,117,-84,2.479,-0.00817038079435391
1,118,-83,2.363,-0.0690806746340129
1,119,-82,2.433,-0.032324462834219
1,120,-81,2.477,-0.00922055827434745
1,121,-80,2.459,-0.0186721555942953
1,122,-79,2.484,-0.00554493709436937
1,123,-78,2.482,-0.0065951145743629
1,124,-77,2.474,-0.0107958244943394
1,125,-76,2.499,0.00233139400558706
1,126,-75,2.424,-0.0370502614941923
1,127,-74,2.508,0.00705719266556078
1,128,-73,2.376,-0.0622545210140514
1,129,-72,2.457,-0.0197223330742898
1,130,-71,2.481,-0.00712020331436037
1,131,-70,2.504,0.0049568377055723
1,132,-69,2.449,-0.0239230429942656
1,133,-68,2.47,-0.0128961794543276
1,134,-67,2.505,0.00548192644556954
1,135,-66,2.438,-0.0296990191342338
1,136,-65,2.508,0.00705719266556078
1,137,-64,2.491,-0.00186931591438919
1,138,-63,2.432,-0.032849551574216
1,139,-62,2.46,-0.0181470668542988
1,140,-61,2.479,-0.00817038079435391
1,141,-60,2.408,-0.0454516813341459
1,142,-59,2.484,-0.0055449370943696
1,143,-58,2.539,0.023334943605469
1,144,-57,2.437,-0.0302241078742308
1,145,-56,2.5,0.00285648274558406
1,146,-55,2.508,0.00705719266556078
1,147,-54,2.508,0.00705719266556078
1,148,-53,2.517,0.0117829913255343
1,149,-52,2.508,0.00705719266556054
1,150,-51,2.372,-0.0643548759740396
1,151,-50,2.454,-0.0212975992942808
1,152,-49,2.469,-0.0134212681943249
1,153,-48,2.489,-0.00291949339438366
1,154,-47,2.474,-0.0107958244943394
1,155,-46,2.538,0.0228098548654722
1,156,-45,2.538,0.0228098548654722
1,157,-44,2.464,-0.0160467118943096
1,158,-43,2.525,0.0159837012455105
1,159,-42,2.559,0.0338367184054104
1,160,-41,2.494,-0.000294049694398181
1,161,-40,2.469,-0.0134212681943251
1,162,-39,2.488,-0.00344458213438043
1,163,-38,2.46,-0.0181470668542986
1,164,-37,2.426,-0.0360000840141987
1,165,-36,2.506,0.00600701518556631
1,166,-35,2.507,0.00653210392556354
1,167,-34,2.501,0.0033815714855813
1,168,-33,2.421,-0.0386255277141835
1,169,-32,2.539,0.0233349436054695
1,170,-31,2.465,-0.0155216231543131
1,171,-30,2.49,-0.00239440465438665
1,172,-29,2.427,-0.035474995274201
1,173,-28,2.436,-0.0307491966142278
1,174,-27,2.498,0.00180630526558983
1,175,-26,2.508,0.00705719266556054
1,176,-25,2.485,-0.00501984835437166
1,177,-24,2.455,-0.0207725105542836
1,178,-23,2.473,-0.0113209132343364
1,179,-22,2.556,0.0322614521854192
1,180,-21,2.474,-0.0107958244943396
1,181,-20,2.484,-0.00554493709436913
1,182,-19,2.552,0.0301610972254314
1,183,-18,2.569,0.0390876058053814
1,184,-17,2.468,-0.0139463569343219
1,185,-16,2.457,-0.0197223330742898
1,186,-15,2.562,0.0354119846254017
1,187,-14,2.628,0.0700678414652078
1,188,-13,2.538,0.0228098548654722
1,189,-12,2.526,0.0165087899855075
1,190,-11,2.468,-0.0139463569343219
1,191,-10,2.434,-0.031799374094222
1,192,-9,2.459,-0.0186721555942956
1,193,-8,2.506,0.00600701518556631
1,194,-7,2.514,0.010207725105543
1,195,-6,2.474,-0.0107958244943394
1,196,-5,2.485,-0.00501984835437166
1,197,-4,2.547,0.0275356535254457
1,198,-3,2.481,-0.00712020331436037
1,199,-2,2.496,0.00075612778559559
1,200,-1,2.492,-0.00134422717439265
1,201,0,4.122,0.854550419020815
1,202,1,4.357,0.977946272920124
1,203,2,4.295,0.945390771040306
1,204,3,4.284,0.939614794900339
1,205,4,4.23,0.911260002940497
1,206,5,4.399,1
1,207,6,4.227,0.909684736720505
1,208,7,4.318,0.957467812060239
1,209,8,4.234,0.913360357900485
1,210,9,4.345,0.97164520804016
1,211,10,4.275,0.934888996240366
1,212,11,4.246,0.91966142278045
1,213,12,4.212,0.90180840562055
1,214,13,4.07,0.827245804540968
1,215,14,4.219,0.905484026800529
1,216,15,4.15,0.869252903740733
1,217,16,4.163,0.876079057360694
1,218,17,4.214,0.902858583100545
1,219,18,4.232,0.912310180420492
1,220,19,4.17,0.879754678540673
1,221,20,4.154,0.871353258700721
1,222,21,4.19,0.890256453340615
1,223,22,4.259,0.926487576400412
1,224,23,4.245,0.919136334040453
1,225,24,4.244,0.918611245300456
1,226,25,4.122,0.854550419020815
1,227,26,4.12,0.853500241540821
1,228,27,4.136,0.861901661380774
1,229,28,4.083,0.83407195816093
1,230,29,4.087,0.836172313120918
1,231,30,4.088,0.836697401860914
1,232,31,4.152,0.870303081220726
1,233,32,4.071,0.827770893280965
1,234,33,4.092,0.838797756820903
1,235,34,3.958,0.768435865661297
1,236,35,4.03,0.806242254941085
1,237,36,4.109,0.847724265400853
1,238,37,4.192,0.891306630820609
1,239,38,4.054,0.818844384701015
1,240,39,4.034,0.808342609901074
1,241,40,4.046,0.814643674781038
1,242,41,4.081,0.833021780680936
1,243,42,3.992,0.786288882821197
1,244,43,4.086,0.835647224380921
1,245,44,3.99,0.785238705341203
1,246,45,4.044,0.813593497301044
1,247,46,4.025,0.8036168112411
1,248,47,4.048,0.815693852261032
1,249,48,3.95,0.764235155741321
1,250,49,4.006,0.793640125181156
1,251,50,4.054,0.818844384701015
1,252,51,3.994,0.787339060301191
1,253,52,3.941,0.759509357081347
1,254,53,3.927,0.752158114721388
1,255,54,3.904,0.740081073701456
1,256,55,3.94,0.75898426834135
1,257,56,3.843,0.708050660561635
1,258,57,3.908,0.742181428661444
1,259,58,3.937,0.757409002121359
1,260,59,3.906,0.74113125118145
1,261,60,3.945,0.761609712041335
1,262,61,3.943,0.760559534561342
1,263,62,3.965,0.772111486841277
1,264,63,3.886,0.730629476381509
1,265,64,3.882,0.72852912142152
1,266,65,3.841,0.707000483081641
1,267,66,3.949,0.763710067001324
1,268,67,3.907,0.741656339921447
1,269,68,3.911,0.743756694881435
1,270,69,3.868,0.721177879061562
1,271,70,3.856,0.714876814181597
1,272,71,3.855,0.7143517254416
1,273,72,3.879,0.726953855201529
1,274,73,3.84,0.706475394341644
1,275,74,3.829,0.700699418201676
1,276,75,3.794,0.68232131230178
1,277,76,3.835,0.703849950641659
1,278,77,3.716,0.641364390582008
1,279,78,3.801,0.685996933481758
1,280,79,3.766,0.667618827581861
1,281,80,3.762,0.665518472621873
1,282,81,3.794,0.68232131230178
1,283,82,3.839,0.705950305601647
1,284,83,3.8,0.685471844741762
1,285,84,3.728,0.647665455461973
1,286,85,3.805,0.688097288441747
1,287,86,3.706,0.636113503182038
1,288,87,3.727,0.647140366721977
1,289,88,3.728,0.647665455461973
1,290,89,3.685,0.6250866396421
1,291,90,3.712,0.63926403562202
1,292,91,3.722,0.644514923021991
1,293,92,3.634,0.59830711390225
1,294,93,3.774,0.671819537501838
1,295,94,3.76,0.66446829514188
1,296,95,3.71,0.638213858142026
1,297,96,3.73,0.648715632941967
1,298,97,3.726,0.64661527798198
1,299,98,3.648,0.605658356262209
1,300,99,3.613,0.587280250362312
1,301,100,3.66,0.611959421142173
1,302,101,3.634,0.59830711390225
1,303,102,3.671,0.617735397282141
1,304,103,3.645,0.604083090042218
1,305,104,3.67,0.617210308542143
1,306,105,3.686,0.625611728382097
1,307,106,3.695,0.63033752704207
1,308,107,3.637,0.599882380122241
1,309,108,3.66,0.611959421142173
1,310,109,3.604,0.582554451702338
1,311,110,3.658,0.610909243662179
1,312,111,3.645,0.604083090042218
1,313,112,3.64,0.601457646342232
1,314,113,3.59,0.575203209342379
1,315,114,3.573,0.566276700762429
1,316,115,3.607,0.58412971792233
1,317,116,3.559,0.55892545840247
1,318,117,3.604,0.582554451702338
1,319,118,3.608,0.584654806662326
1,320,119,3.544,0.551049127302514
1,321,120,3.637,0.599882380122241
1,322,121,3.656,0.609859066182185
1,323,122,3.551,0.554724748482494
1,324,123,3.524,0.540547352502573
1,325,124,3.631,0.596731847682259
1,326,125,3.575,0.567326878242424
1,327,126,3.477,0.515868181722711
1,328,127,3.599,0.579929008002353
1,329,128,3.538,0.547898594862532
1,330,129,3.549,0.5536745710025
1,331,130,3.479,0.516918359202706
1,332,131,3.598,0.579403919262356
1,333,132,3.535,0.546323328642541
1,334,133,3.501,0.528470311482641
1,335,134,3.463,0.508516939362752
1,336,135,3.538,0.547898594862532
1,337,136,3.486,0.520593980382685
1,338,137,3.445,0.499065342042805
1,339,138,3.444,0.498540253302809
1,340,139,3.473,0.513767826762724
1,341,140,3.403,0.477011614962929
1,342,141,3.504,0.530045577702631
1,343,142,3.554,0.556300014702485
1,344,143,3.519,0.537921908802588
1,345,144,3.4,0.475436348742938
1,346,145,3.449,0.501165697002794
1,347,146,3.42,0.485938123542879
1,348,147,3.494,0.524794690302662
1,349,148,3.434,0.493289365902838
1,350,149,3.468,0.511142383062738
1,351,150,3.441,0.496964987082817
1,352,151,3.511,0.533721198882612
1,353,152,3.502,0.528995400222638
1,354,153,3.473,0.513767826762724
1,355,154,3.394,0.472285816302956
1,356,155,3.427,0.489613744722859
1,357,156,3.431,0.491714099682846
1,358,157,3.551,0.554724748482493
1,359,158,3.438,0.495389720862826
1,360,159,3.341,0.444456113083111
1,361,160,3.453,0.503266051962781
1,362,161,3.385,0.467560017642982
1,363,162,3.332,0.439730314423137
1,364,163,3.423,0.48751338976287
1,365,164,3.422,0.486988301022873
1,366,165,3.25,0.396673037743379
1,367,166,3.329,0.438155048203146
1,368,167,3.351,0.449707000483082
1,369,168,3.414,0.482787591102897
1,370,169,3.383,0.466509840162988
1,371,170,3.352,0.450232089223079
1,372,171,3.406,0.47858688118292
1,373,172,3.425,0.488563567242864
1,374,173,3.396,0.473335993782949
1,375,174,3.321,0.43395433828317
1,376,175,3.309,0.427653273403205
1,377,176,3.373,0.461258952763017
1,378,177,3.355,0.45180735544307
1,379,178,3.368,0.458633509063032
1,380,179,3.292,0.418726764823255
1,381,180,3.313,0.429753628363194
1,382,181,3.335,0.441305580643129
1,383,182,3.325,0.436054693243159
1,384,183,3.322,0.434479427023167
1,385,184,3.304,0.42502782970322
1,386,185,3.24,0.391422150343408
1,387,186,3.353,0.450757177963076
1,388,187,3.248,0.395622860263385
1,389,188,3.312,0.429228539623196
1,390,189,3.337,0.442355758123123
1,391,190,3.322,0.434479427023167
1,392,191,3.251,0.397198126483376
1,393,192,3.297,0.42135220852324
1,394,193,3.35,0.449181911743084
1,395,194,3.331,0.439205225683141
1,396,195,3.242,0.392472327823402
1,397,196,3.262,0.402974102623343
1,398,197,3.259,0.401398836403352
1,399,198,3.238,0.390371972863414
1,400,199,3.288,0.416626409863267
1,401,200,3.328,0.43762995946315
1,402,201,3.247,0.395097771523388
1,403,202,3.286,0.415576232383273
1,404,203,3.219,0.38039528680347
1,405,204,3.21,0.375669488143496
1,406,205,3.246,0.394572682783391
1,407,206,3.298,0.421877297263237
1,408,207,3.31,0.428178362143202
1,409,208,3.221,0.381445464283463
1,410,209,3.241,0.391947239083406
1,411,210,3.185,0.36254226964357
1,412,211,3.295,0.420302031043246
1,413,212,3.322,0.434479427023167
1,414,213,3.297,0.421352208523241
1,415,214,3.183,0.361492092163576
1,416,215,3.165,0.352040494843629
1,417,216,3.188,0.364117535863561
1,418,217,3.254,0.398773392703367
1,419,218,3.251,0.397198126483376
1,420,219,3.252,0.397723215223373
1,421,220,3.179,0.359391737203588
1,422,221,3.152,0.345214341223667
1,423,222,3.246,0.394572682783391
1,424,223,3.239,0.390897061603411
1,425,224,3.18,0.359916825943585
1,426,225,3.152,0.345214341223667
1,427,226,3.098,0.316859549263826
1,428,227,3.131,0.334187477683729
1,429,228,3.141,0.3394383650837
1,430,229,3.127,0.332087122723741
1,431,230,3.149,0.343639075003676
1,432,231,3.228,0.385121085463443
1,433,232,3.212,0.376719665623491
1,434,233,3.204,0.372518955703514
1,435,234,3.18,0.359916825943585
1,436,235,3.23,0.386171262943437
1,437,236,3.208,0.374619310663502
1,438,237,3.219,0.38039528680347
1,439,238,3.12,0.328411501543761
1,440,239,3.162,0.350465228623638
1,441,240,3.206,0.373569133183508
1,442,241,3.146,0.342063808783684
1,443,242,3.168,0.35361576106362
1,444,243,3.204,0.372518955703514
1,445,244,3.131,0.334187477683729
1,446,245,3.08,0.307407951943879
1,447,246,3.089,0.312133750603852
1,448,247,3.159,0.348889962403647
1,449,248,3.121,0.328936590283758
1,450,249,3.068,0.301106887063914
1,451,250,3.145,0.341538720043688
1,452,251,3.084,0.309508306903867
1,453,252,3.018,0.274852450064061
1,454,253,3.116,0.326311146583773
1,455,254,3.075,0.304782508243893
1,456,255,3.105,0.320535170443805
1,457,256,2.981,0.25542416668417
1,458,257,3.073,0.303732330763899
1,459,258,2.986,0.258049610384155
1,460,259,3.076,0.30530759698389
1,461,260,3.079,0.306882863203881
1,462,261,3.039,0.285879313603999
1,463,262,3.091,0.313183928083846
1,464,263,3.05,0.291655289743967
1,465,264,3.167,0.353090672323622
1,466,265,3.025,0.278528071244041
1,467,266,3.078,0.306357774463885
1,468,267,3.024,0.278002982504043
1,469,268,3.056,0.294805822183949
1,470,269,3.124,0.330511856503749
1,471,270,3.108,0.322110436663796
1,472,271,2.957,0.242822036924241
1,473,272,3.027,0.279578248724034
1,474,273,3.044,0.288504757303984
1,475,274,3.053,0.293230555963958
1,476,275,3.088,0.311608661863855
1,477,276,2.965,0.247022746844217
1,478,277,3.04,0.286404402343997
1,479,278,3.045,0.289029846043981
1,480,279,2.965,0.247022746844217
1,481,280,3.013,0.272227006364076
1,482,281,3.023,0.277477893764046
1,483,282,3.049,0.29113020100397
1,484,283,3.082,0.308458129423873
1,485,284,3.022,0.276952805024049
1,486,285,3.077,0.305832685723888
1,487,286,3.051,0.292180378483964
1,488,287,3.01,0.270651740144085
1,489,288,3.005,0.2680262964441
1,490,289,3.003,0.266976118964105
1,491,290,3.01,0.270651740144084
1,492,291,2.964,0.24649765810422
1,493,292,3.011,0.271176828884082
1,494,293,2.96,0.244397303144231
1,495,294,3,0.265400852744114
1,496,295,3.033,0.282728781164017
1,497,296,3.031,0.281678603684023
1,498,297,3.027,0.279578248724034
1,499,298,3.01,0.270651740144085
1,500,299,3.001,0.265925941484111
1,501,300,3.004,0.267501207704102
1,502,301,3.039,0.285879313603999
1,503,302,3.016,0.273802272584068
1,504,303,2.96,0.244397303144231
1,505,304,2.943,0.235470794564282
1,506,305,2.938,0.232845350864296
1,507,306,2.963,0.245972569364223
1,508,307,2.94,0.233895528344291
1,509,308,2.99,0.260149965344143
1,510,309,2.981,0.25542416668417
1,511,310,2.956,0.242296948184243
1,512,311,3.067,0.300581798323917
1,513,312,3.038,0.285354224864002
1,514,313,2.954,0.241246770704249
1,515,314,2.931,0.229169729684317
1,516,315,3.016,0.273802272584067
1,517,316,2.947,0.23757114952427
1,518,317,2.985,0.257524521644158
1,519,318,2.989,0.259624876604146
1,520,319,3.092,0.313709016823844
1,521,320,3.082,0.308458129423873
1,522,321,3.057,0.295330910923946
1,523,322,2.95,0.239146415744261
1,524,323,2.924,0.225494108504338
1,525,324,2.927,0.227069374724329
1,526,325,3.035,0.283778958644011
1,527,326,2.962,0.245447480624226
1,528,327,2.918,0.222343576064355
1,529,328,2.955,0.241771859444247
1,530,329,2.899,0.212366890004411
1,531,330,2.889,0.20711600260444
1,532,331,2.917,0.221818487324357
1,533,332,2.954,0.241246770704249
1,534,333,2.849,0.186112453004558
1,535,334,2.88,0.202390203944467
1,536,335,2.863,0.193463695364517
1,537,336,2.91,0.218142866144379
1,538,337,2.948,0.238096238264267
1,539,338,2.965,0.247022746844217
1,540,339,3.027,0.279578248724034
1,541,340,2.962,0.245447480624226
1,542,341,2.83,0.176135766944614
1,543,342,2.886,0.205540736384449
1,544,343,2.876,0.200289848984479
1,545,344,2.908,0.217092688664384
1,546,345,2.914,0.220243221104367
1,547,346,2.871,0.197664405284493
1,548,347,2.916,0.221293398584361
1,549,348,2.905,0.215517422444393
1,550,349,2.887,0.206065825124446
1,551,350,2.873,0.198714582764487
1,552,351,2.839,0.180861565604587
1,553,352,3.003,0.266976118964105
1,554,353,2.898,0.211841801264413
1,555,354,2.95,0.239146415744261
1,556,355,2.802,0.161433282224696
1,557,356,2.903,0.214467244964399
1,558,357,2.917,0.221818487324358
1,559,358,2.868,0.196089139064502
1,560,359,2.936,0.231795173384302
1,561,360,2.913,0.21971813236437
1,562,361,2.857,0.190313162924535
1,563,362,2.851,0.187162630484552
1,564,363,2.931,0.229169729684317
1,565,364,2.838,0.18033647686459
1,566,365,2.898,0.211841801264414
1,567,366,2.929,0.228119552204323
1,568,367,2.859,0.191363340404528
1,569,368,2.832,0.177185944424608
1,570,369,2.819,0.170359790804646
1,571,370,2.834,0.178236121904602
1,572,371,2.799,0.159858016004705
1,573,372,2.82,0.170884879544643
1,574,373,2.848,0.185587364264561
1,575,374,2.932,0.229694818424314
1,576,375,2.832,0.177185944424608
1,577,376,2.82,0.170884879544643
1,578,377,2.912,0.219193043624373
1,579,378,2.889,0.20711600260444
1,580,379,2.87,0.197139316544496
1,581,380,2.832,0.177185944424608
1,582,381,2.803,0.161958370964693
1,583,382,2.851,0.187162630484552
1,584,383,2.773,0.146205708764781
1,585,384,2.938,0.232845350864296
1,586,385,2.873,0.198714582764487
1,587,386,2.837,0.179811388124593
1,588,387,2.765,0.142004998844805
1,589,388,2.833,0.177711033164605
1,590,389,2.822,0.171935057024638
1,591,390,2.809,0.165108903404675
1,592,391,2.851,0.187162630484552
1,593,392,2.815,0.168259435844658
1,594,393,2.863,0.193463695364517
1,595,394,2.785,0.152506773644746
1,596,395,2.826,0.174035411984625
1,597,396,2.873,0.198714582764487
1,598,397,2.84,0.181386654344584
1,599,398,2.859,0.191363340404528
1,600,399,2.824,0.172985234504632
1,601,400,2.8,0.160383104744702
1,602,401,2.8,0.160383104744702
1,603,402,2.801,0.160908193484699
1,604,403,2.843,0.182961920564575
1,605,404,2.8,0.160383104744702
1,606,405,2.839,0.180861565604588
1,607,406,2.832,0.177185944424608
1,608,407,2.787,0.153556951124741
1,609,408,2.671,0.0926466572850814
1,610,409,2.848,0.185587364264561
1,611,410,2.886,0.205540736384449
1,612,411,2.828,0.17508558946462
1,613,412,2.832,0.177185944424608
1,614,413,2.916,0.221293398584361
1,615,414,2.859,0.191363340404528
1,616,415,2.842,0.182436831824579
1,617,416,2.765,0.142004998844805
1,618,417,2.869,0.196614227804499
1,619,418,2.806,0.163533637184684
1,620,419,2.748,0.133078490264855
1,621,420,2.819,0.170359790804646
1,622,421,2.755,0.136754111444835
1,623,422,2.665,0.0894961248450989
1,624,423,2.844,0.183487009304573
1,625,424,2.839,0.180861565604588
1,626,425,2.801,0.160908193484699
1,627,426,2.8,0.160383104744702
1,628,427,2.886,0.205540736384449
1,629,428,2.734,0.125727247904896
1,630,429,2.729,0.123101804204911
1,631,430,2.768,0.143580265064796
1,632,431,2.778,0.148831152464767
1,633,432,2.788,0.154082039864737
1,634,433,2.758,0.138329377664826
1,635,434,2.827,0.174560500724623
1,636,435,2.743,0.13045304656487
1,637,436,2.8,0.160383104744702
1,638,437,2.768,0.143580265064796
1,639,438,2.787,0.153556951124741
1,640,439,2.775,0.147255886244776
1,641,440,2.807,0.164058725924681
1,642,441,2.698,0.106824053265002
1,643,442,2.713,0.114700384364958
1,644,443,2.803,0.161958370964693
1,645,444,2.818,0.169834702064649
1,646,445,2.775,0.147255886244776
1,647,446,2.772,0.145680620024784
1,648,447,2.721,0.118901094284934
1,649,448,2.773,0.146205708764781
1,650,449,2.722,0.119426183024932
1,651,450,2.728,0.122576715464914
1,652,451,2.734,0.125727247904896
1,653,452,2.795,0.157757661044716
1,654,453,2.754,0.136229022704837
1,655,454,2.722,0.119426183024931
1,656,455,2.733,0.125202159164899
1,657,456,2.776,0.147780974984772
1,658,457,2.771,0.145155531284787
1,659,458,2.772,0.145680620024784
1,660,459,2.788,0.154082039864737
1,661,460,2.85,0.186637541744555
1,662,461,2.764,0.141479910104808
1,663,462,2.719,0.11785091680494
1,664,463,2.819,0.170359790804646
1,665,464,2.828,0.17508558946462
1,666,465,2.702,0.10892440822499
1,667,466,2.722,0.119426183024931
1,668,467,2.798,0.159332927264708
1,669,468,2.819,0.170359790804646
1,670,469,2.783,0.151456596164752
1,671,470,2.743,0.130453046564869
1,672,471,2.627,0.069542752725211
1,673,472,2.691,0.103148432085023
1,674,473,2.703,0.109449496964987
1,675,474,2.704,0.109974585704984
1,676,475,2.7,0.107874230744996
1,677,476,2.787,0.153556951124741
1,678,477,2.782,0.150931507424756
1,679,478,2.729,0.123101804204911
1,680,479,2.72,0.118376005544938
1,681,480,2.779,0.149356241204764
1,682,481,2.704,0.109974585704984
1,683,482,2.712,0.114175295624961
1,684,483,2.708,0.112074940664973
1,685,484,2.814,0.167734347104661
1,686,485,2.702,0.10892440822499
1,687,486,2.69,0.102623343345025
1,688,487,2.812,0.166684169624667
1,689,488,2.623,0.067442397765222
1,690,489,2.746,0.132028312784861
1,691,490,2.744,0.130978135304867
1,692,491,2.676,0.0952721009850662
1,693,492,2.694,0.104723698305014
1,694,493,2.74,0.128877780344878
1,695,494,2.602,0.0564155342252846
1,696,495,2.821,0.17140996828464
1,697,496,2.752,0.135178845224843
1,698,497,2.668,0.0910713910650904
1,699,498,2.693,0.104198609565016
1,700,499,2.743,0.13045304656487
1,701,500,2.744,0.130978135304867
1,702,501,2.719,0.11785091680494
1,703,502,2.659,0.0863455924051169
1,704,503,2.712,0.114175295624961
1,705,504,2.718,0.117325828064943
1,706,505,2.725,0.121001449244922
1,707,506,2.664,0.0889710361051017
1,708,507,2.657,0.0852954149251225
1,709,508,2.718,0.117325828064943
1,710,509,2.718,0.117325828064943
1,711,510,2.796,0.158282749784714
1,712,511,2.657,0.0852954149251227
1,713,512,2.709,0.11260002940497
1,714,513,2.647,0.0800445275251517
1,715,514,2.662,0.0879208586251082
1,716,515,2.705,0.110499674444981
1,717,516,2.668,0.0910713910650904
1,718,517,2.73,0.123626892944908
1,719,518,2.726,0.12152653798492
1,720,519,2.665,0.0894961248450992
1,721,520,2.665,0.0894961248450994
1,722,521,2.766,0.142530087584802
1,723,522,2.733,0.125202159164899
1,724,523,2.636,0.0742685513851845
1,725,524,2.654,0.0837201487051314
1,726,525,2.711,0.113650206884964
1,727,526,2.685,0.0999978996450404
1,728,527,2.781,0.150406418684758
1,729,528,2.714,0.115225473104955
1,730,529,2.617,0.0642918653252398
1,731,530,2.668,0.0910713910650904
1,732,531,2.746,0.132028312784861
1,733,532,2.639,0.0758438176051755
1,734,533,2.677,0.0957971897250637
1,735,534,2.793,0.156707483564723
1,736,535,2.674,0.0942219235050726
1,737,536,2.724,0.120476360504925
1,738,537,2.703,0.109449496964987
1,739,538,2.642,0.0774190838251667
1,740,539,2.656,0.0847703261851257
1,741,540,2.802,0.161433282224696
1,742,541,2.625,0.0684925752452165
1,743,542,2.683,0.0989477221650459
1,744,543,2.66,0.0868706811451137
1,745,544,2.626,0.0690176639852133
1,746,545,2.707,0.111549851924975
1,747,546,2.698,0.106824053265002
1,748,547,2.66,0.0868706811451137
1,749,548,2.651,0.0821448824851404
1,750,549,2.605,0.0579908004452753
1,751,550,2.613,0.062191510365252
1,752,551,2.643,0.0779441725651633
1,753,552,2.653,0.0831950599651344
1,754,553,2.657,0.0852954149251225
1,755,554,2.723,0.119951271764929
1,756,555,2.68,0.0973724559450547
1,757,556,2.567,0.0380374283253872
1,758,557,2.668,0.0910713910650902
1,759,558,2.618,0.064816954065237
1,760,559,2.731,0.124151981684905
1,761,560,2.654,0.0837201487051312
1,762,561,2.658,0.0858205036651195
1,763,562,2.586,0.0480141143853316
1,764,563,2.63,0.0711180189452015
1,765,564,2.635,0.0737434626451872
1,766,565,2.731,0.124151981684904
1,767,566,2.625,0.0684925752452165
1,768,567,2.735,0.126252336644893
1,769,568,2.612,0.0616664216252543
1,770,569,2.736,0.12677742538489
1,771,570,2.681,0.0978975446850517
1,772,571,2.564,0.0364621621053959
1,773,572,2.652,0.0826699712251367
1,774,573,2.677,0.0957971897250639
1,775,574,2.716,0.116275650584949
1,776,575,2.697,0.106298964525005
1,777,576,2.648,0.0805696162651492
1,778,577,2.655,0.0842452374451284
1,779,578,2.67,0.0921215685450837
1,780,579,2.629,0.0705929302052048
1,781,580,2.614,0.0627165991052486
1,782,581,2.669,0.0915964798050872
1,783,582,2.641,0.0768939950851697
1,784,583,2.641,0.0768939950851697
1,785,584,2.691,0.103148432085023
1,786,585,2.604,0.0574657117052786
1,787,586,2.693,0.104198609565016
1,788,587,2.619,0.0653420428052343
1,789,588,2.594,0.0522148243053074
1,790,589,2.725,0.121001449244922
1,791,590,2.558,0.0333116296654134
1,792,591,2.666,0.0900212135850957
1,793,592,2.638,0.0753187288651785
1,794,593,2.643,0.0779441725651635
1,795,594,2.622,0.0669173090252253
1,796,595,2.61,0.0606162441452608
1,797,596,2.695,0.105248787045011
1,798,597,2.638,0.0753187288651787
1,799,598,2.599,0.0548402680052931
1,800,599,2.71,0.113125118144967
1,801,600,2.616,0.063766776585243
1,802,601,2.638,0.0753187288651787
1,803,602,2.628,0.0700678414652078
1,804,603,2.659,0.0863455924051169
1,805,604,2.689,0.102098254605028
1,806,605,2.657,0.0852954149251225
1,807,606,2.608,0.0595660666652663
1,808,607,2.592,0.0511646468253136
1,809,608,2.498,0.00180630526559006
1,810,609,2.628,0.0700678414652078
1,811,610,2.595,0.0527399130453051
1,812,611,2.634,0.07321837390519
1,813,612,2.615,0.0632416878452456
1,814,613,2.656,0.0847703261851254
1,815,614,2.629,0.0705929302052048
1,816,615,2.646,0.0795194387851545
1,817,616,2.615,0.0632416878452458
1,818,617,2.604,0.0574657117052786
1,819,618,2.676,0.095272100985066
1,820,619,2.528,0.017558967465502
1,821,620,2.626,0.0690176639852133
1,822,621,2.581,0.0453886706853461
1,823,622,2.57,0.0396126945453782
1,824,623,2.658,0.0858205036651192
1,825,624,2.666,0.0900212135850957
1,826,625,2.594,0.0522148243053074
1,827,626,2.625,0.0684925752452165
1,828,627,2.61,0.0606162441452608
1,829,628,2.556,0.0322614521854192
1,830,629,2.721,0.118901094284934
1,831,630,2.62,0.065867131545231
1,832,631,2.585,0.0474890256453339
1,833,632,2.588,0.0490642918653251
1,834,633,2.672,0.0931717460250784
1,835,634,2.608,0.0595660666652663
1,836,635,2.645,0.0789943500451577
1,837,636,2.581,0.0453886706853459
1,838,637,2.599,0.0548402680052931
1,839,638,2.707,0.111549851924975
1,840,639,2.579,0.0443384932053516
1,841,640,2.546,0.027010564785449
1,842,641,2.582,0.0459137594253426
1,843,642,2.583,0.0464388481653401
1,844,643,2.552,0.0301610972254314
1,845,644,2.643,0.0779441725651633
1,846,645,2.626,0.0690176639852135
1,847,646,2.653,0.0831950599651344
1,848,647,2.7,0.107874230744996
1,849,648,2.601,0.0558904454852873
1,850,649,2.636,0.0742685513851842
1,851,650,2.605,0.0579908004452756
1,852,651,2.542,0.0249102098254605
1,853,652,2.639,0.0758438176051755
1,854,653,2.514,0.010207725105543
1,855,654,2.614,0.0627165991052488
1,856,655,2.561,0.0348868958854047
1,857,656,2.603,0.0569406229652813
1,858,657,2.618,0.064816954065237
1,859,658,2.53,0.0186091449454955
1,860,659,2.591,0.0506395580853164
1,861,660,2.688,0.101573165865031
1,862,661,2.629,0.0705929302052048
1,863,662,2.593,0.0516897355653106
1,864,663,2.665,0.0894961248450992
1,865,664,2.626,0.0690176639852138
1,866,665,2.622,0.0669173090252253
1,867,666,2.527,0.0170338787255043
1,868,667,2.599,0.0548402680052931
1,869,668,2.554,0.0312112747054254
1,870,669,2.544,0.0259603873054552
1,871,670,2.575,0.0422381382453636
1,872,671,2.644,0.078469261305161
1,873,672,2.548,0.0280607422654425
1,874,673,2.646,0.0795194387851545
1,875,674,2.579,0.0443384932053516
1,876,675,2.6,0.0553653567452898
1,877,676,2.601,0.0558904454852873
1,878,677,2.624,0.0679674865052195
1,879,678,2.647,0.0800445275251522
1,880,679,2.682,0.0984226334250489
1,881,680,2.593,0.0516897355653106
1,882,681,2.615,0.0632416878452456
1,883,682,2.608,0.0595660666652663
1,884,683,2.604,0.0574657117052786
1,885,684,2.592,0.0511646468253136
1,886,685,2.581,0.0453886706853461
1,887,686,2.573,0.0411879607653694
1,888,687,2.672,0.0931717460250782
1,889,688,2.681,0.0978975446850519
1,890,689,2.624,0.0679674865052195
1,891,690,2.498,0.00180630526558983
1,892,691,2.542,0.0249102098254602
1,893,692,2.534,0.0207094999054842
1,894,693,2.578,0.0438134044653549
1,895,694,2.654,0.0837201487051312
1,896,695,2.556,0.0322614521854192
1,897,696,2.566,0.0375123395853902
1,898,697,2.549,0.0285858310054402
1,899,698,2.543,0.0254352985654577
1,900,699,2.597,0.0537900905252988
1,901,700,2.555,0.0317363634454224
1,902,701,2.577,0.0432883157253581
1,903,702,2.566,0.0375123395853902
1,904,703,2.64,0.0763689063451723
1,905,704,2.616,0.063766776585243
1,906,705,2.577,0.0432883157253583
1,907,706,2.629,0.0705929302052048
1,908,707,2.656,0.0847703261851254
1,909,708,2.569,0.0390876058053814
1,910,709,2.581,0.0453886706853461
1,911,710,2.565,0.0369872508453932
1,912,711,2.569,0.0390876058053814
1,913,712,2.529,0.0180840562054992
1,914,713,2.581,0.0453886706853461
1,915,714,2.627,0.0695427527252108
1,916,715,2.606,0.0585158891852719
1,917,716,2.531,0.019134233685493
1,918,717,2.554,0.0312112747054254
1,919,718,2.65,0.0816197937451432
1,920,719,2.646,0.0795194387851545
1,921,720,2.685,0.0999978996450401
1,922,721,2.553,0.0306861859654282
1,923,722,2.551,0.0296360084854337
1,924,723,2.523,0.014933523765516
1,925,724,2.584,0.0469639369053371
1,926,725,2.623,0.067442397765222
1,927,726,2.571,0.0401377832853756
1,928,727,2.579,0.0443384932053516
1,929,728,2.646,0.0795194387851545
1,930,729,2.593,0.0516897355653099
1,931,730,2.582,0.0459137594253426
1,932,731,2.563,0.0359370733653989
1,933,732,2.523,0.0149335237655165
1,934,733,2.592,0.0511646468253136
1,935,734,2.546,0.027010564785449
1,936,735,2.547,0.0275356535254457
1,937,736,2.57,0.0396126945453782
1,938,737,2.518,0.0123080800655308
1,939,738,2.59,0.0501144693453194
1,940,739,2.561,0.0348868958854047
1,941,740,2.589,0.0495893806053228
1,942,741,2.65,0.0816197937451432
1,943,742,2.665,0.0894961248450994
1,944,743,2.607,0.0590409779252696
1,945,744,2.556,0.0322614521854192
1,946,745,2.554,0.0312112747054252
1,947,746,2.56,0.0343618071454077
1,948,747,2.577,0.0432883157253579
1,949,748,2.544,0.0259603873054547
1,950,749,2.602,0.0564155342252841
1.5,1,-200,2.936,0.0778529980657638
1.5,2,-199,2.817,0.0203094777562864
1.5,3,-198,2.82,0.0217601547388781
1.5,4,-197,2.819,0.0212765957446811
1.5,5,-196,2.766,-0.00435203094777558
1.5,6,-195,2.787,0.00580270793036772
1.5,7,-194,2.754,-0.0101547388781429
1.5,8,-193,2.815,0.0193423597678917
1.5,9,-192,2.803,0.013539651837524
1.5,10,-191,2.774,-0.000483558994197668
1.5,11,-190,2.777,0.000967117988394478
1.5,12,-189,2.802,0.0130560928433272
1.5,13,-188,2.755,-0.00967117988394564
1.5,14,-187,2.728,-0.0227272727272726
1.5,15,-186,2.837,0.029980657640232
1.5,16,-185,2.801,0.0125725338491293
1.5,17,-184,2.869,0.0454545454545456
1.5,18,-183,2.748,-0.0130560928433267
1.5,19,-182,2.749,-0.0125725338491293
1.5,20,-181,2.74,-0.0169245647969055
1.5,21,-180,2.695,-0.0386847195357834
1.5,22,-179,2.774,-0.000483558994197668
1.5,23,-178,2.74,-0.0169245647969055
1.5,24,-177,2.758,-0.0082205029013537
1.5,25,-176,2.754,-0.0101547388781431
1.5,26,-175,2.815,0.0193423597678917
1.5,27,-174,2.751,-0.011605415860735
1.5,28,-173,2.808,0.0159574468085106
1.5,29,-172,2.838,0.0304642166344293
1.5,30,-171,2.809,0.0164410058027076
1.5,31,-170,2.791,0.00773694390715689
1.5,32,-169,2.773,-0.000967117988394478
1.5,33,-168,2.855,0.0386847195357838
1.5,34,-167,2.808,0.0159574468085106
1.5,35,-166,2.758,-0.0082205029013537
1.5,36,-165,2.792,0.00822050290135349
1.5,37,-164,2.745,-0.0145067698259189
1.5,38,-163,2.761,-0.00676982591876177
1.5,39,-162,2.886,0.0536750483558995
1.5,40,-161,2.729,-0.0222437137330751
1.5,41,-160,2.771,-0.0019342359767896
1.5,42,-159,2.711,-0.0309477756286263
1.5,43,-158,2.749,-0.0125725338491295
1.5,44,-157,2.721,-0.0261121856866539
1.5,45,-156,2.793,0.00870406189555159
1.5,46,-155,2.754,-0.0101547388781431
1.5,47,-154,2.795,0.00967117988394564
1.5,48,-153,2.658,-0.0565764023210832
1.5,49,-152,2.733,-0.0203094777562864
1.5,50,-151,2.721,-0.0261121856866537
1.5,51,-150,2.722,-0.0256286266924564
1.5,52,-149,2.74,-0.0169245647969055
1.5,53,-148,2.796,0.0101547388781433
1.5,54,-147,2.721,-0.0261121856866537
1.5,55,-146,2.82,0.0217601547388779
1.5,56,-145,2.83,0.0265957446808514
1.5,57,-144,2.747,-0.0135396518375242
1.5,58,-143,2.728,-0.022727272727273
1.5,59,-142,2.706,-0.0333655705996129
1.5,60,-141,2.768,-0.00338491295938132
1.5,61,-140,2.702,-0.0352998065764023
1.5,62,-139,2.735,-0.0193423597678915
1.5,63,-138,2.788,0.00628626692456475
1.5,64,-137,2.802,0.0130560928433272
1.5,65,-136,2.815,0.0193423597678917
1.5,66,-135,2.847,0.0348162475822048
1.5,67,-134,2.795,0.00967117988394564
1.5,68,-133,2.84,0.031431334622824
1.5,69,-132,2.847,0.0348162475822048
1.5,70,-131,2.796,0.0101547388781433
1.5,71,-130,2.684,-0.0440038684719535
1.5,72,-129,2.771,-0.00193423597678938
1.5,73,-128,2.75,-0.0120889748549323
1.5,74,-127,2.68,-0.0459381044487426
1.5,75,-126,2.748,-0.0130560928433272
1.5,76,-125,2.692,-0.0401353965183751
1.5,77,-124,2.814,0.0188588007736945
1.5,78,-123,2.805,0.0145067698259189
1.5,79,-122,2.776,0.000483558994197454
1.5,80,-121,2.781,0.00290135396518408
1.5,81,-120,2.785,0.00483558994197303
1.5,82,-119,2.755,-0.00967117988394564
1.5,83,-118,2.744,-0.0149903288201159
1.5,84,-117,2.791,0.00773694390715668
1.5,85,-116,2.74,-0.0169245647969053
1.5,86,-115,2.755,-0.00967117988394585
1.5,87,-114,2.794,0.00918762088974904
1.5,88,-113,2.859,0.0406189555125721
1.5,89,-112,2.852,0.0372340425531921
1.5,90,-111,2.796,0.0101547388781433
1.5,91,-110,2.763,-0.0058027079303673
1.5,92,-109,2.757,-0.00870406189555116
1.5,93,-108,2.745,-0.0145067698259189
1.5,94,-107,2.771,-0.00193423597678938
1.5,95,-106,2.707,-0.0328820116054161
1.5,96,-105,2.806,0.0149903288201163
1.5,97,-104,2.74,-0.0169245647969057
1.5,98,-103,2.788,0.00628626692456475
1.5,99,-102,2.746,-0.0140232108317214
1.5,100,-101,2.749,-0.0125725338491295
1.5,101,-100,2.723,-0.025145067698259
1.5,102,-99,2.827,0.0251450676982596
1.5,103,-98,2.838,0.030464216634429
1.5,104,-97,2.774,-0.000483558994197454
1.5,105,-96,2.728,-0.0227272727272728
1.5,106,-95,2.757,-0.00870406189555116
1.5,107,-94,2.803,0.0135396518375242
1.5,108,-93,2.765,-0.00483558994197303
1.5,109,-92,2.824,0.0236943907156677
1.5,110,-91,2.822,0.022727272727273
1.5,111,-90,2.8,0.012088974854932
1.5,112,-89,2.787,0.00580270793036794
1.5,113,-88,2.796,0.0101547388781433
1.5,114,-87,2.724,-0.0246615087040618
1.5,115,-86,2.753,-0.0106382978723403
1.5,116,-85,2.712,-0.0304642166344293
1.5,117,-84,2.773,-0.000967117988394478
1.5,118,-83,2.77,-0.00241779497098641
1.5,119,-82,2.801,0.0125725338491291
1.5,120,-81,2.729,-0.0222437137330751
1.5,121,-80,2.805,0.0145067698259189
1.5,122,-79,2.897,0.0589941972920698
1.5,123,-78,2.732,-0.0207930367504832
1.5,124,-77,2.709,-0.0319148936170212
1.5,125,-76,2.747,-0.0135396518375242
1.5,126,-75,2.798,0.0111218568665376
1.5,127,-74,2.767,-0.00386847195357812
1.5,128,-73,2.751,-0.0116054158607348
1.5,129,-72,2.809,0.0164410058027078
1.5,130,-71,2.808,0.0159574468085106
1.5,131,-70,2.767,-0.00386847195357834
1.5,132,-69,2.775,4.29486663297933e-16
1.5,133,-68,2.769,-0.00290135396518343
1.5,134,-67,2.821,0.0222437137330756
1.5,135,-66,2.854,0.0382011605415864
1.5,136,-65,2.813,0.018375241779497
1.5,137,-64,2.791,0.00773694390715711
1.5,138,-63,2.788,0.00628626692456475
1.5,139,-62,2.734,-0.0198259187620889
1.5,140,-61,2.773,-0.000967117988394478
1.5,141,-60,2.711,-0.0309477756286267
1.5,142,-59,2.738,-0.0178916827852996
1.5,143,-58,2.834,0.0285299806576405
1.5,144,-57,2.817,0.0203094777562864
1.5,145,-56,2.766,-0.00435203094777536
1.5,146,-55,2.867,0.0444874274661516
1.5,147,-54,2.881,0.0512572533849129
1.5,148,-53,2.819,0.0212765957446811
1.5,149,-52,2.754,-0.0101547388781431
1.5,150,-51,2.835,0.0290135396518373
1.5,151,-50,2.81,0.0169245647969053
1.5,152,-49,2.823,0.0232108317214698
1.5,153,-48,2.83,0.0265957446808518
1.5,154,-47,2.737,-0.0183752417794977
1.5,155,-46,2.84,0.031431334622824
1.5,156,-45,2.719,-0.0270793036750488
1.5,157,-44,2.764,-0.00531914893617049
1.5,158,-43,2.739,-0.0174081237911027
1.5,159,-42,2.777,0.000967117988394263
1.5,160,-41,2.735,-0.0193423597678915
1.5,161,-40,2.681,-0.0454545454545456
1.5,162,-39,2.739,-0.0174081237911027
1.5,163,-38,2.768,-0.00338491295938132
1.5,164,-37,2.878,0.0498065764023212
1.5,165,-36,2.782,0.0033849129593811
1.5,166,-35,2.794,0.00918762088974861
1.5,167,-34,2.698,-0.0372340425531917
1.5,168,-33,2.704,-0.0343326885880078
1.5,169,-32,2.81,0.0169245647969053
1.5,170,-31,2.748,-0.0130560928433272
1.5,171,-30,2.816,0.0198259187620892
1.5,172,-29,2.789,0.00676982591876199
1.5,173,-28,2.761,-0.00676982591876177
1.5,174,-27,2.684,-0.0440038684719537
1.5,175,-26,2.807,0.0154738878143134
1.5,176,-25,2.746,-0.0140232108317214
1.5,177,-24,2.847,0.0348162475822048
1.5,178,-23,2.85,0.0362669245647968
1.5,179,-22,2.784,0.00435203094777579
1.5,180,-21,2.727,-0.02321083172147
1.5,181,-20,2.743,-0.0154738878143134
1.5,182,-19,2.834,0.0285299806576403
1.5,183,-18,2.712,-0.0304642166344293
1.5,184,-17,2.754,-0.0101547388781431
1.5,185,-16,2.778,0.00145067698259215
1.5,186,-15,2.753,-0.0106382978723403
1.5,187,-14,2.812,0.0178916827853
1.5,188,-13,2.797,0.0106382978723403
1.5,189,-12,2.801,0.0125725338491291
1.5,190,-11,2.793,0.00870406189555137
1.5,191,-10,2.728,-0.0227272727272728
1.5,192,-9,2.795,0.00967117988394542
1.5,193,-8,2.758,-0.00822050290135413
1.5,194,-7,2.739,-0.0174081237911027
1.5,195,-6,2.81,0.0169245647969055
1.5,196,-5,2.76,-0.00725338491295923
1.5,197,-4,2.769,-0.00290135396518322
1.5,198,-3,2.799,0.0116054158607352
1.5,199,-2,2.756,-0.00918762088974861
1.5,200,-1,2.872,0.0469052224371373
1.5,201,0,4.449,0.809477756286267
1.5,202,1,4.711,0.936170212765958
1.5,203,2,4.782,0.970502901353966
1.5,204,3,4.699,0.93036750483559
1.5,205,4,4.684,0.92311411992263
1.5,206,5,4.718,0.939555125725338
1.5,207,6,4.843,1
1.5,208,7,4.744,0.952127659574468
1.5,209,8,4.694,0.927949709864604
1.5,210,9,4.715,0.938104448742747
1.5,211,10,4.624,0.894100580270793
1.5,212,11,4.752,0.955996131528047
1.5,213,12,4.581,0.87330754352031
1.5,214,13,4.63,0.897001934235977
1.5,215,14,4.657,0.910058027079304
1.5,216,15,4.625,0.89458413926499
1.5,217,16,4.552,0.859284332688588
1.5,218,17,4.674,0.918278529980658
1.5,219,18,4.704,0.932785299806576
1.5,220,19,4.553,0.859767891682785
1.5,221,20,4.561,0.863636363636364
1.5,222,21,4.635,0.899419729206964
1.5,223,22,4.606,0.885396518375242
1.5,224,23,4.586,0.875725338491297
1.5,225,24,4.563,0.864603481624759
1.5,226,25,4.449,0.809477756286267
1.5,227,26,4.487,0.827852998065764
1.5,228,27,4.588,0.87669245647969
1.5,229,28,4.587,0.876208897485493
1.5,230,29,4.531,0.849129593810445
1.5,231,30,4.577,0.871373307543521
1.5,232,31,4.671,0.916827852998066
1.5,233,32,4.597,0.881044487427466
1.5,234,33,4.465,0.817214700193423
1.5,235,34,4.509,0.838491295938105
1.5,236,35,4.421,0.795938104448743
1.5,237,36,4.471,0.820116054158607
1.5,238,37,4.555,0.86073500967118
1.5,239,38,4.584,0.874758220502901
1.5,240,39,4.45,0.809961315280464
1.5,241,40,4.47,0.81963249516441
1.5,242,41,4.533,0.850096711798839
1.5,243,42,4.483,0.825918762088975
1.5,244,43,4.471,0.820116054158607
1.5,245,44,4.39,0.780947775628627
1.5,246,45,4.489,0.828820116054159
1.5,247,46,4.467,0.818181818181818
1.5,248,47,4.479,0.823984526112186
1.5,249,48,4.441,0.805609284332689
1.5,250,49,4.523,0.845261121856866
1.5,251,50,4.52,0.843810444874275
1.5,252,51,4.389,0.78046421663443
1.5,253,52,4.382,0.777079303675049
1.5,254,53,4.404,0.787717601547389
1.5,255,54,4.374,0.77321083172147
1.5,256,55,4.394,0.782882011605416
1.5,257,56,4.365,0.768858800773694
1.5,258,57,4.374,0.77321083172147
1.5,259,58,4.367,0.769825918762089
1.5,260,59,4.348,0.760638297872341
1.5,261,60,4.302,0.738394584139265
1.5,262,61,4.305,0.739845261121857
1.5,263,62,4.338,0.755802707930367
1.5,264,63,4.348,0.760638297872341
1.5,265,64,4.295,0.735009671179883
1.5,266,65,4.335,0.754352030947775
1.5,267,66,4.35,0.761605415860735
1.5,268,67,4.335,0.754352030947775
1.5,269,68,4.365,0.768858800773694
1.5,270,69,4.305,0.739845261121857
1.5,271,70,4.282,0.728723404255319
1.5,272,71,4.318,0.746131528046422
1.5,273,72,4.213,0.695357833655706
1.5,274,73,4.31,0.742263056092844
1.5,275,74,4.251,0.713733075435203
1.5,276,75,4.306,0.740328820116054
1.5,277,76,4.313,0.743713733075435
1.5,278,77,4.251,0.713733075435203
1.5,279,78,4.276,0.725822050290135
1.5,280,79,4.257,0.716634429400388
1.5,281,80,4.268,0.721953578336557
1.5,282,81,4.188,0.683268858800774
1.5,283,82,4.333,0.753384912959381
1.5,284,83,4.253,0.714700193423598
1.5,285,84,4.228,0.702611218568665
1.5,286,85,4.135,0.657640232108318
1.5,287,86,4.233,0.705029013539652
1.5,288,87,4.286,0.730657640232108
1.5,289,88,4.186,0.682301740812379
1.5,290,89,4.192,0.685203094777563
1.5,291,90,4.123,0.65183752417795
1.5,292,91,4.166,0.672630560928433
1.5,293,92,4.189,0.683752417794971
1.5,294,93,4.148,0.663926499032882
1.5,295,94,4.17,0.674564796905222
1.5,296,95,4.097,0.63926499032882
1.5,297,96,4.097,0.63926499032882
1.5,298,97,4.078,0.630077369439072
1.5,299,98,4.154,0.666827852998066
1.5,300,99,4.203,0.690522243713732
1.5,301,100,4.164,0.671663442940039
1.5,302,101,4.152,0.665860735009671
1.5,303,102,4.079,0.630560928433268
1.5,304,103,4.09,0.635880077369439
1.5,305,104,4.075,0.62862669245648
1.5,306,105,4.02,0.602030947775628
1.5,307,106,4.084,0.632978723404255
1.5,308,107,4.082,0.632011605415861
1.5,309,108,4.106,0.643617021276596
1.5,310,109,4.044,0.613636363636363
1.5,311,110,3.993,0.588974854932302
1.5,312,111,4.007,0.595744680851064
1.5,313,112,4.106,0.643617021276595
1.5,314,113,4.022,0.602998065764024
1.5,315,114,4.055,0.618955512572534
1.5,316,115,3.964,0.57495164410058
1.5,317,116,3.97,0.577852998065764
1.5,318,117,3.941,0.563829787234043
1.5,319,118,3.986,0.585589941972921
1.5,320,119,3.976,0.580754352030948
1.5,321,120,3.972,0.578820116054158
1.5,322,121,3.976,0.580754352030948
1.5,323,122,4.088,0.634912959381044
1.5,324,123,4.068,0.625241779497099
1.5,325,124,4.013,0.598646034816248
1.5,326,125,3.937,0.561895551257253
1.5,327,126,4.048,0.615570599613152
1.5,328,127,3.964,0.574951644100581
1.5,329,128,4.081,0.631528046421664
1.5,330,129,3.978,0.581721470019342
1.5,331,130,3.966,0.575918762088975
1.5,332,131,3.939,0.562862669245648
1.5,333,132,3.965,0.575435203094777
1.5,334,133,3.893,0.540618955512572
1.5,335,134,3.903,0.545454545454546
1.5,336,135,3.886,0.537234042553192
1.5,337,136,3.997,0.590909090909091
1.5,338,137,3.938,0.562379110251451
1.5,339,138,3.881,0.534816247582205
1.5,340,139,3.942,0.56431334622824
1.5,341,140,3.927,0.557059961315281
1.5,342,141,3.967,0.576402321083172
1.5,343,142,3.929,0.558027079303675
1.5,344,143,3.957,0.571566731141199
1.5,345,144,3.929,0.558027079303675
1.5,346,145,3.906,0.546905222437137
1.5,347,146,3.911,0.549323017408124
1.5,348,147,3.759,0.475822050290135
1.5,349,148,3.814,0.502417794970986
1.5,350,149,3.893,0.540618955512572
1.5,351,150,3.879,0.53384912959381
1.5,352,151,3.861,0.525145067698259
1.5,353,152,3.874,0.531431334622824
1.5,354,153,3.889,0.538684719535783
1.5,355,154,3.872,0.530464216634429
1.5,356,155,3.851,0.520309477756287
1.5,357,156,3.842,0.515957446808511
1.5,358,157,3.881,0.534816247582205
1.5,359,158,3.819,0.504835589941973
1.5,360,159,3.807,0.499032882011605
1.5,361,160,3.908,0.547872340425531
1.5,362,161,3.799,0.495164410058026
1.5,363,162,3.854,0.521760154738878
1.5,364,163,3.76,0.476305609284333
1.5,365,164,3.836,0.513056092843327
1.5,366,165,3.887,0.537717601547389
1.5,367,166,3.887,0.537717601547389
1.5,368,167,3.881,0.534816247582205
1.5,369,168,3.832,0.511121856866537
1.5,370,169,3.802,0.496615087040619
1.5,371,170,3.787,0.48936170212766
1.5,372,171,3.78,0.485976789168278
1.5,373,172,3.813,0.501934235976789
1.5,374,173,3.787,0.48936170212766
1.5,375,174,3.704,0.449226305609284
1.5,376,175,3.763,0.477756286266925
1.5,377,176,3.683,0.439071566731141
1.5,378,177,3.667,0.431334622823984
1.5,379,178,3.715,0.454545454545455
1.5,380,179,3.803,0.497098646034817
1.5,381,180,3.813,0.501934235976789
1.5,382,181,3.716,0.455029013539652
1.5,383,182,3.723,0.458413926499033
1.5,384,183,3.74,0.466634429400387
1.5,385,184,3.693,0.443907156673114
1.5,386,185,3.67,0.432785299806576
1.5,387,186,3.686,0.440522243713733
1.5,388,187,3.76,0.476305609284333
1.5,389,188,3.747,0.470019342359768
1.5,390,189,3.787,0.48936170212766
1.5,391,190,3.75,0.47147001934236
1.5,392,191,3.728,0.460831721470019
1.5,393,192,3.707,0.450676982591876
1.5,394,193,3.694,0.444390715667311
1.5,395,194,3.7,0.447292069632495
1.5,396,195,3.583,0.390715667311412
1.5,397,196,3.686,0.440522243713733
1.5,398,197,3.721,0.457446808510638
1.5,399,198,3.671,0.433268858800774
1.5,400,199,3.704,0.449226305609284
1.5,401,200,3.703,0.448742746615087
1.5,402,201,3.692,0.443423597678917
1.5,403,202,3.698,0.4463249516441
1.5,404,203,3.607,0.402321083172147
1.5,405,204,3.707,0.450676982591876
1.5,406,205,3.656,0.426015473887814
1.5,407,206,3.693,0.443907156673114
1.5,408,207,3.71,0.452127659574468
1.5,409,208,3.654,0.42504835589942
1.5,410,209,3.611,0.404255319148936
1.5,411,210,3.667,0.431334622823984
1.5,412,211,3.652,0.424081237911025
1.5,413,212,3.659,0.427466150870407
1.5,414,213,3.667,0.431334622823984
1.5,415,214,3.614,0.405705996131528
1.5,416,215,3.617,0.40715667311412
1.5,417,216,3.602,0.399903288201161
1.5,418,217,3.648,0.422147001934236
1.5,419,218,3.528,0.364119922630561
1.5,420,219,3.501,0.351063829787234
1.5,421,220,3.602,0.399903288201161
1.5,422,221,3.517,0.358800773694391
1.5,423,222,3.539,0.369439071566731
1.5,424,223,3.594,0.396034816247582
1.5,425,224,3.565,0.382011605415861
1.5,426,225,3.551,0.375241779497098
1.5,427,226,3.45,0.326402321083172
1.5,428,227,3.573,0.385880077369439
1.5,429,228,3.479,0.340425531914894
1.5,430,229,3.526,0.363152804642167
1.5,431,230,3.614,0.405705996131528
1.5,432,231,3.484,0.34284332688588
1.5,433,232,3.496,0.348646034816248
1.5,434,233,3.589,0.393617021276596
1.5,435,234,3.569,0.38394584139265
1.5,436,235,3.532,0.36605415860735
1.5,437,236,3.582,0.390232108317215
1.5,438,237,3.555,0.377176015473888
1.5,439,238,3.48,0.340909090909091
1.5,440,239,3.511,0.355899419729207
1.5,441,240,3.627,0.411992263056093
1.5,442,241,3.543,0.371373307543521
1.5,443,242,3.557,0.378143133462282
1.5,444,243,3.558,0.37862669245648
1.5,445,244,3.419,0.311411992263056
1.5,446,245,3.5,0.350580270793037
1.5,447,246,3.454,0.328336557059961
1.5,448,247,3.468,0.335106382978723
1.5,449,248,3.518,0.359284332688588
1.5,450,249,3.481,0.341392649903288
1.5,451,250,3.504,0.352514506769826
1.5,452,251,3.526,0.363152804642166
1.5,453,252,3.469,0.335589941972921
1.5,454,253,3.523,0.361702127659575
1.5,455,254,3.464,0.333172147001934
1.5,456,255,3.467,0.334622823984526
1.5,457,256,3.409,0.306576402321083
1.5,458,257,3.535,0.367504835589942
1.5,459,258,3.484,0.34284332688588
1.5,460,259,3.438,0.320599613152805
1.5,461,260,3.536,0.367988394584139
1.5,462,261,3.504,0.352514506769826
1.5,463,262,3.51,0.35541586073501
1.5,464,263,3.447,0.32495164410058
1.5,465,264,3.438,0.320599613152805
1.5,466,265,3.386,0.295454545454545
1.5,467,266,3.372,0.288684719535783
1.5,468,267,3.513,0.356866537717602
1.5,469,268,3.445,0.323984526112186
1.5,470,269,3.473,0.33752417794971
1.5,471,270,3.506,0.35348162475822
1.5,472,271,3.447,0.32495164410058
1.5,473,272,3.378,0.291586073500967
1.5,474,273,3.439,0.321083172147002
1.5,475,274,3.434,0.318665377176015
1.5,476,275,3.4,0.302224371373308
1.5,477,276,3.365,0.285299806576402
1.5,478,277,3.433,0.318181818181818
1.5,479,278,3.484,0.34284332688588
1.5,480,279,3.465,0.333655705996131
1.5,481,280,3.458,0.330270793036751
1.5,482,281,3.429,0.316247582205029
1.5,483,282,3.451,0.326885880077369
1.5,484,283,3.376,0.290618955512572
1.5,485,284,3.523,0.361702127659574
1.5,486,285,3.41,0.307059961315281
1.5,487,286,3.382,0.293520309477756
1.5,488,287,3.475,0.338491295938104
1.5,489,288,3.425,0.31431334622824
1.5,490,289,3.393,0.298839458413926
1.5,491,290,3.374,0.289651837524178
1.5,492,291,3.335,0.270793036750483
1.5,493,292,3.363,0.284332688588008
1.5,494,293,3.394,0.299323017408124
1.5,495,294,3.457,0.329787234042553
1.5,496,295,3.457,0.329787234042553
1.5,497,296,3.394,0.299323017408124
1.5,498,297,3.383,0.294003868471954
1.5,499,298,3.322,0.264506769825919
1.5,500,299,3.376,0.290618955512573
1.5,501,300,3.288,0.248065764023211
1.5,502,301,3.314,0.26063829787234
1.5,503,302,3.362,0.28384912959381
1.5,504,303,3.351,0.27852998065764
1.5,505,304,3.247,0.228239845261122
1.5,506,305,3.271,0.239845261121856
1.5,507,306,3.285,0.246615087040619
1.5,508,307,3.3,0.253868471953578
1.5,509,308,3.367,0.286266924564797
1.5,510,309,3.402,0.303191489361702
1.5,511,310,3.35,0.278046421663443
1.5,512,311,3.286,0.247098646034816
1.5,513,312,3.314,0.26063829787234
1.5,514,313,3.329,0.2678916827853
1.5,515,314,3.304,0.255802707930368
1.5,516,315,3.329,0.2678916827853
1.5,517,316,3.256,0.232591876208897
1.5,518,317,3.345,0.275628626692457
1.5,519,318,3.327,0.266924564796905
1.5,520,319,3.349,0.277562862669245
1.5,521,320,3.303,0.25531914893617
1.5,522,321,3.357,0.281431334622824
1.5,523,322,3.32,0.263539651837524
1.5,524,323,3.264,0.236460348162476
1.5,525,324,3.31,0.258704061895551
1.5,526,325,3.322,0.264506769825919
1.5,527,326,3.262,0.235493230174081
1.5,528,327,3.308,0.257736943907157
1.5,529,328,3.291,0.249516441005803
1.5,530,329,3.253,0.231141199226306
1.5,531,330,3.362,0.28384912959381
1.5,532,331,3.331,0.268858800773694
1.5,533,332,3.252,0.230657640232108
1.5,534,333,3.24,0.224854932301741
1.5,535,334,3.338,0.272243713733075
1.5,536,335,3.226,0.218085106382979
1.5,537,336,3.227,0.218568665377176
1.5,538,337,3.329,0.2678916827853
1.5,539,338,3.277,0.24274661508704
1.5,540,339,3.278,0.243230174081238
1.5,541,340,3.226,0.218085106382979
1.5,542,341,3.24,0.224854932301741
1.5,543,342,3.136,0.174564796905223
1.5,544,343,3.25,0.229690522243714
1.5,545,344,3.245,0.227272727272727
1.5,546,345,3.284,0.246131528046422
1.5,547,346,3.32,0.263539651837524
1.5,548,347,3.27,0.23936170212766
1.5,549,348,3.231,0.220502901353965
1.5,550,349,3.271,0.239845261121857
1.5,551,350,3.283,0.245647969052224
1.5,552,351,3.18,0.195841392649903
1.5,553,352,3.275,0.241779497098646
1.5,554,353,3.258,0.233558994197292
1.5,555,354,3.265,0.236943907156673
1.5,556,355,3.226,0.218085106382979
1.5,557,356,3.214,0.212282398452612
1.5,558,357,3.285,0.246615087040619
1.5,559,358,3.263,0.235976789168279
1.5,560,359,3.194,0.202611218568665
1.5,561,360,3.146,0.179400386847195
1.5,562,361,3.31,0.258704061895551
1.5,563,362,3.19,0.200676982591876
1.5,564,363,3.169,0.190522243713733
1.5,565,364,3.137,0.17504835589942
1.5,566,365,3.143,0.177949709864603
1.5,567,366,3.189,0.200193423597679
1.5,568,367,3.193,0.202127659574468
1.5,569,368,3.187,0.199226305609284
1.5,570,369,3.194,0.202611218568666
1.5,571,370,3.185,0.19825918762089
1.5,572,371,3.175,0.193423597678917
1.5,573,372,3.214,0.212282398452612
1.5,574,373,3.168,0.190038684719536
1.5,575,374,3.173,0.192456479690522
1.5,576,375,3.184,0.197775628626692
1.5,577,376,3.17,0.19100580270793
1.5,578,377,3.186,0.198742746615087
1.5,579,378,3.102,0.158123791102514
1.5,580,379,3.18,0.195841392649903
1.5,581,380,3.203,0.206963249516441
1.5,582,381,3.165,0.188588007736944
1.5,583,382,3.272,0.240328820116055
1.5,584,383,3.214,0.212282398452611
1.5,585,384,3.111,0.16247582205029
1.5,586,385,3.161,0.186653771760154
1.5,587,386,3.171,0.191489361702128
1.5,588,387,3.157,0.184719535783366
1.5,589,388,3.12,0.166827852998066
1.5,590,389,3.047,0.131528046421663
1.5,591,390,3.159,0.185686653771761
1.5,592,391,3.14,0.176499032882011
1.5,593,392,3.206,0.208413926499033
1.5,594,393,3.205,0.207930367504836
1.5,595,394,3.098,0.156189555125726
1.5,596,395,3.198,0.204545454545454
1.5,597,396,3.245,0.227272727272727
1.5,598,397,3.175,0.193423597678917
1.5,599,398,3.106,0.160058027079303
1.5,600,399,3.129,0.171179883945841
1.5,601,400,3.236,0.222920696324952
1.5,602,401,3.244,0.22678916827853
1.5,603,402,3.18,0.195841392649903
1.5,604,403,3.17,0.19100580270793
1.5,605,404,3.144,0.178433268858801
1.5,606,405,3.052,0.13394584139265
1.5,607,406,3.111,0.16247582205029
1.5,608,407,3.255,0.2321083172147
1.5,609,408,3.18,0.195841392649904
1.5,610,409,3.129,0.171179883945842
1.5,611,410,3.149,0.180851063829787
1.5,612,411,3.211,0.21083172147002
1.5,613,412,3.159,0.185686653771761
1.5,614,413,3.13,0.171663442940039
1.5,615,414,3.025,0.120889748549323
1.5,616,415,3.08,0.147485493230174
1.5,617,416,3.086,0.150386847195358
1.5,618,417,3.101,0.157640232108317
1.5,619,418,3.12,0.166827852998066
1.5,620,419,3.114,0.163926499032882
1.5,621,420,3.117,0.165377176015474
1.5,622,421,3.136,0.174564796905223
1.5,623,422,3.074,0.144584139264991
1.5,624,423,3.108,0.161025145067698
1.5,625,424,3.085,0.14990328820116
1.5,626,425,2.939,0.079303675048356
1.5,627,426,3.101,0.157640232108317
1.5,628,427,3.12,0.166827852998066
1.5,629,428,3.08,0.147485493230174
1.5,630,429,3.129,0.171179883945841
1.5,631,430,3.095,0.154738878143134
1.5,632,431,3.083,0.148936170212766
1.5,633,432,3.185,0.19825918762089
1.5,634,433,3.087,0.150870406189555
1.5,635,434,3.099,0.156673114119923
1.5,636,435,2.992,0.104932301740812
1.5,637,436,3.094,0.154255319148936
1.5,638,437,3.137,0.17504835589942
1.5,639,438,3.086,0.150386847195358
1.5,640,439,3.1,0.15715667311412
1.5,641,440,3.044,0.130077369439071
1.5,642,441,3.079,0.147001934235977
1.5,643,442,3.103,0.158607350096712
1.5,644,443,3.075,0.145067698259188
1.5,645,444,3.074,0.14458413926499
1.5,646,445,3.143,0.177949709864603
1.5,647,446,3.058,0.136847195357834
1.5,648,447,3.018,0.117504835589942
1.5,649,448,3.024,0.120406189555125
1.5,650,449,3.112,0.162959381044487
1.5,651,450,3.135,0.174081237911026
1.5,652,451,3.1,0.15715667311412
1.5,653,452,3.09,0.152321083172147
1.5,654,453,3.032,0.124274661508704
1.5,655,454,3.107,0.160541586073501
1.5,656,455,3.089,0.15183752417795
1.5,657,456,3.202,0.206479690522244
1.5,658,457,3.077,0.146034816247582
1.5,659,458,3.086,0.150386847195358
1.5,660,459,3.071,0.143133462282398
1.5,661,460,3.123,0.168278529980658
1.5,662,461,3.123,0.168278529980658
1.5,663,462,3.036,0.126208897485493
1.5,664,463,3.046,0.131044487427466
1.5,665,464,3.028,0.122340425531915
1.5,666,465,3.066,0.140715667311412
1.5,667,466,3.051,0.133462282398452
1.5,668,467,3.076,0.145551257253385
1.5,669,468,3.109,0.161508704061896
1.5,670,469,2.993,0.10541586073501
1.5,671,470,3.038,0.127176015473888
1.5,672,471,2.995,0.106382978723404
1.5,673,472,3.031,0.123791102514507
1.5,674,473,3.081,0.147969052224372
1.5,675,474,3.046,0.131044487427466
1.5,676,475,2.956,0.0875241779497101
1.5,677,476,3.065,0.140232108317215
1.5,678,477,3.097,0.155705996131528
1.5,679,478,3.106,0.160058027079303
1.5,680,479,3.082,0.148452611218569
1.5,681,480,3.017,0.117021276595745
1.5,682,481,3,0.108800773694391
1.5,683,482,3.011,0.114119922630561
1.5,684,483,3.092,0.153288201160542
1.5,685,484,3.077,0.146034816247582
1.5,686,485,3.058,0.136847195357834
1.5,687,486,3,0.108800773694391
1.5,688,487,3.028,0.122340425531915
1.5,689,488,3.066,0.140715667311412
1.5,690,489,3.008,0.112669245647969
1.5,691,490,3.022,0.119439071566732
1.5,692,491,2.976,0.097195357833656
1.5,693,492,3.026,0.12137330754352
1.5,694,493,3.074,0.144584139264991
1.5,695,494,3.005,0.111218568665377
1.5,696,495,2.951,0.0851063829787233
1.5,697,496,3.062,0.138781431334623
1.5,698,497,3.006,0.111702127659574
1.5,699,498,3.052,0.13394584139265
1.5,700,499,3.005,0.111218568665377
1.5,701,500,3.054,0.134912959381044
1.5,702,501,2.965,0.0918762088974853
1.5,703,502,2.935,0.0773694390715664
1.5,704,503,3.069,0.142166344294004
1.5,705,504,3.015,0.11605415860735
1.5,706,505,2.959,0.0889748549323018
1.5,707,506,2.995,0.106382978723404
1.5,708,507,2.96,0.0894584139264988
1.5,709,508,3.092,0.153288201160542
1.5,710,509,3.05,0.132978723404255
1.5,711,510,3.063,0.13926499032882
1.5,712,511,3.073,0.144100580270793
1.5,713,512,3.01,0.113636363636364
1.5,714,513,3.022,0.119439071566731
1.5,715,514,2.943,0.0812379110251449
1.5,716,515,3.078,0.14651837524178
1.5,717,516,3.028,0.122340425531915
1.5,718,517,2.999,0.108317214700194
1.5,719,518,2.955,0.0870406189555126
1.5,720,519,3.012,0.114603481624758
1.5,721,520,2.979,0.0986460348162477
1.5,722,521,3.038,0.127176015473888
1.5,723,522,3.042,0.129110251450677
1.5,724,523,3.077,0.146034816247583
1.5,725,524,3.058,0.136847195357834
1.5,726,525,3.029,0.122823984526112
1.5,727,526,2.991,0.104448742746615
1.5,728,527,3.037,0.126692456479691
1.5,729,528,2.962,0.0904255319148933
1.5,730,529,3.017,0.117021276595744
1.5,731,530,2.969,0.0938104448742746
1.5,732,531,2.93,0.0749516441005804
1.5,733,532,2.972,0.0952611218568661
1.5,734,533,2.94,0.0797872340425536
1.5,735,534,3.026,0.121373307543521
1.5,736,535,2.961,0.0899419729206965
1.5,737,536,3.03,0.123307543520309
1.5,738,537,2.965,0.0918762088974855
1.5,739,538,3.045,0.130560928433269
1.5,740,539,2.961,0.0899419729206967
1.5,741,540,3.035,0.125725338491296
1.5,742,541,3.025,0.120889748549323
1.5,743,542,3.019,0.11798839458414
1.5,744,543,2.98,0.0991295938104451
1.5,745,544,3.048,0.132011605415861
1.5,746,545,2.918,0.0691489361702131
1.5,747,546,3.066,0.140715667311412
1.5,748,547,2.938,0.0788201160541585
1.5,749,548,2.903,0.0618955512572537
1.5,750,549,2.977,0.097678916827853
1.5,751,550,2.994,0.105899419729207
1.5,752,551,2.986,0.102030947775629
1.5,753,552,2.961,0.0899419729206965
1.5,754,553,2.914,0.0672147001934237
1.5,755,554,2.963,0.0909090909090908
1.5,756,555,2.973,0.095744680851064
1.5,757,556,3.034,0.125241779497099
1.5,758,557,3.028,0.122340425531915
1.5,759,558,3.019,0.11798839458414
1.5,760,559,2.987,0.102514506769825
1.5,761,560,3.013,0.115087040618956
1.5,762,561,2.989,0.10348162475822
1.5,763,562,2.957,0.0880077369439069
1.5,764,563,2.946,0.0826885880077371
1.5,765,564,3,0.108800773694391
1.5,766,565,2.935,0.0773694390715668
1.5,767,566,3,0.108800773694391
1.5,768,567,2.942,0.0807543520309479
1.5,769,568,2.95,0.084622823984526
1.5,770,569,2.978,0.0981624758220502
1.5,771,570,2.894,0.0575435203094781
1.5,772,571,2.96,0.0894584139264988
1.5,773,572,2.956,0.0875241779497099
1.5,774,573,2.943,0.0812379110251449
1.5,775,574,2.98,0.0991295938104447
1.5,776,575,3.049,0.132495164410058
1.5,777,576,2.964,0.0913926499032887
1.5,778,577,2.917,0.068665377176015
1.5,779,578,3.005,0.111218568665377
1.5,780,579,2.937,0.0783365570599617
1.5,781,580,2.95,0.0846228239845265
1.5,782,581,2.986,0.102030947775629
1.5,783,582,2.998,0.107833655705996
1.5,784,583,2.926,0.0730174081237908
1.5,785,584,3.029,0.122823984526112
1.5,786,585,2.98,0.0991295938104451
1.5,787,586,2.956,0.0875241779497099
1.5,788,587,2.996,0.106866537717602
1.5,789,588,2.925,0.0725338491295938
1.5,790,589,3.026,0.121373307543521
1.5,791,590,2.877,0.0493230174081237
1.5,792,591,2.922,0.071083172147002
1.5,793,592,3.025,0.120889748549323
1.5,794,593,3.002,0.109767891682785
1.5,795,594,3.03,0.123307543520309
1.5,796,595,2.977,0.097678916827853
1.5,797,596,2.904,0.0623791102514511
1.5,798,597,2.905,0.0628626692456477
1.5,799,598,2.937,0.0783365570599613
1.5,800,599,2.839,0.0309477756286269
1.5,801,600,2.916,0.068181818181818
1.5,802,601,2.921,0.0705996131528048
1.5,803,602,3.084,0.149419729206963
1.5,804,603,2.944,0.0817214700193424
1.5,805,604,2.95,0.0846228239845258
1.5,806,605,2.957,0.0880077369439069
1.5,807,606,2.897,0.0589941972920696
1.5,808,607,2.878,0.0498065764023212
1.5,809,608,2.913,0.0667311411992263
1.5,810,609,2.964,0.0913926499032884
1.5,811,610,2.877,0.0493230174081239
1.5,812,611,2.946,0.0826885880077371
1.5,813,612,3.039,0.127659574468085
1.5,814,613,2.927,0.0735009671179887
1.5,815,614,2.871,0.0464216634429401
1.5,816,615,2.868,0.0449709864603481
1.5,817,616,2.996,0.106866537717602
1.5,818,617,2.95,0.084622823984526
1.5,819,618,2.991,0.104448742746615
1.5,820,619,2.944,0.0817214700193426
1.5,821,620,2.928,0.0739845261121855
1.5,822,621,2.936,0.077852998065764
1.5,823,622,2.802,0.0130560928433272
1.5,824,623,2.894,0.0575435203094783
1.5,825,624,2.952,0.0855899419729211
1.5,826,625,2.896,0.0585106382978721
1.5,827,626,2.816,0.0198259187620892
1.5,828,627,2.934,0.0768858800773694
1.5,829,628,2.953,0.086073500967118
1.5,830,629,2.965,0.0918762088974855
1.5,831,630,2.94,0.0797872340425532
1.5,832,631,2.909,0.0647969052224373
1.5,833,632,2.838,0.0304642166344293
1.5,834,633,2.932,0.0759187620889749
1.5,835,634,2.908,0.0643133462282396
1.5,836,635,2.762,-0.00628626692456496
1.5,837,636,2.831,0.0270793036750486
1.5,838,637,2.881,0.0512572533849129
1.5,839,638,3.028,0.122340425531915
1.5,840,639,2.941,0.0802707930367507
1.5,841,640,2.925,0.0725338491295938
1.5,842,641,2.943,0.0812379110251449
1.5,843,642,2.916,0.0681818181818184
1.5,844,643,2.915,0.0676982591876212
1.5,845,644,2.841,0.031914893617021
1.5,846,645,2.926,0.073017408123791
1.5,847,646,2.837,0.029980657640232
1.5,848,647,2.844,0.0333655705996129
1.5,849,648,2.863,0.042553191489362
1.5,850,649,2.937,0.0783365570599615
1.5,851,650,2.898,0.059477756286267
1.5,852,651,2.942,0.0807543520309479
1.5,853,652,2.857,0.0396518375241783
1.5,854,653,2.919,0.0696324951644101
1.5,855,654,2.953,0.0860735009671175
1.5,856,655,2.925,0.0725338491295942
1.5,857,656,2.939,0.079303675048356
1.5,858,657,2.885,0.0531914893617027
1.5,859,658,2.944,0.0817214700193426
1.5,860,659,2.918,0.0691489361702131
1.5,861,660,2.916,0.0681818181818182
1.5,862,661,2.959,0.0889748549323018
1.5,863,662,2.924,0.0720502901353967
1.5,864,663,2.896,0.0585106382978721
1.5,865,664,2.818,0.0207930367504836
1.5,866,665,2.836,0.0294970986460348
1.5,867,666,2.864,0.0430367504835588
1.5,868,667,2.926,0.0730174081237908
1.5,869,668,2.911,0.0657640232108318
1.5,870,669,2.919,0.0696324951644099
1.5,871,670,2.886,0.0536750483558997
1.5,872,671,2.98,0.0991295938104453
1.5,873,672,2.88,0.0507736943907159
1.5,874,673,2.902,0.0614119922630558
1.5,875,674,2.922,0.0710831721470018
1.5,876,675,2.958,0.0884912959381046
1.5,877,676,2.868,0.0449709864603481
1.5,878,677,2.892,0.0565764023210832
1.5,879,678,2.822,0.0227272727272728
1.5,880,679,2.876,0.0488394584139267
1.5,881,680,2.906,0.0633462282398454
1.5,882,681,2.856,0.0391682785299804
1.5,883,682,2.827,0.0251450676982596
1.5,884,683,2.886,0.0536750483558995
1.5,885,684,2.856,0.0391682785299802
1.5,886,685,2.978,0.0981624758220502
1.5,887,686,2.988,0.102998065764023
1.5,888,687,2.842,0.0323984526112187
1.5,889,688,2.77,-0.00241779497098641
1.5,890,689,2.873,0.0473887814313346
1.5,891,690,2.895,0.0580270793036747
1.5,892,691,2.917,0.0686653771760152
1.5,893,692,2.931,0.0754352030947776
1.5,894,693,2.9,0.0604448742746619
1.5,895,694,2.874,0.047872340425532
1.5,896,695,2.962,0.0904255319148933
1.5,897,696,2.87,0.0459381044487426
1.5,898,697,2.794,0.00918762088974861
1.5,899,698,2.813,0.018375241779497
1.5,900,699,2.906,0.0633462282398454
1.5,901,700,2.843,0.0328820116054159
1.5,902,701,2.871,0.0464216634429401
1.5,903,702,2.881,0.0512572533849129
1.5,904,703,2.934,0.0768858800773694
1.5,905,704,2.952,0.0855899419729211
1.5,906,705,2.871,0.0464216634429401
1.5,907,706,2.924,0.0720502901353967
1.5,908,707,2.953,0.0860735009671182
1.5,909,708,2.918,0.0691489361702131
1.5,910,709,2.927,0.0735009671179887
1.5,911,710,2.799,0.0116054158607352
1.5,912,711,2.779,0.00193423597678917
1.5,913,712,2.808,0.0159574468085106
1.5,914,713,2.859,0.0406189555125724
1.5,915,714,2.825,0.0241779497098649
1.5,916,715,2.843,0.0328820116054159
1.5,917,716,2.865,0.043520309477756
1.5,918,717,2.842,0.0323984526112191
1.5,919,718,2.854,0.0382011605415864
1.5,920,719,2.82,0.0217601547388781
1.5,921,720,2.912,0.0662475822050292
1.5,922,721,2.949,0.0841392649903292
1.5,923,722,2.965,0.0918762088974855
1.5,924,723,2.855,0.0386847195357834
1.5,925,724,2.782,0.00338491295938132
1.5,926,725,2.856,0.0391682785299802
1.5,927,726,2.865,0.043520309477756
1.5,928,727,2.926,0.073017408123791
1.5,929,728,2.87,0.0459381044487426
1.5,930,729,2.833,0.0280464216634431
1.5,931,730,2.849,0.0357833655705998
1.5,932,731,2.873,0.0473887814313346
1.5,933,732,2.846,0.0343326885880076
1.5,934,733,2.907,0.0638297872340426
1.5,935,734,2.839,0.0309477756286269
1.5,936,735,2.895,0.0580270793036753
1.5,937,736,2.918,0.0691489361702131
1.5,938,737,2.858,0.040135396518376
1.5,939,738,2.816,0.0198259187620885
1.5,940,739,2.838,0.0304642166344293
1.5,941,740,2.836,0.029497098646035
1.5,942,741,2.93,0.0749516441005804
1.5,943,742,2.913,0.0667311411992265
1.5,944,743,2.805,0.0145067698259189
1.5,945,744,2.848,0.0352998065764027
1.5,946,745,2.877,0.0493230174081239
1.5,947,746,2.875,0.0483558994197292
1.5,948,747,2.762,-0.00628626692456496
1.5,949,748,2.915,0.0676982591876212
1.5,950,749,2.876,0.0488394584139265
2,1,-200,3.285,0.068650097015615
2,2,-199,3.145,0.00397302041947722
2,3,-198,3.108,-0.0131202069666453
2,4,-197,3.18,0.0201422895685115
2,5,-196,3.114,-0.0103483322553824
2,6,-195,3.134,-0.0011087498845053
2,7,-194,3.157,0.00951676984200312
2,8,-193,3.158,0.00997874896054691
2,9,-192,3.169,0.0150605192645294
2,10,-191,3.015,-0.0560842649912226
2,11,-190,3.039,-0.0449967661461706
2,12,-189,2.98,-0.0722535341402571
2,13,-188,3.061,-0.0348332255382057
2,14,-187,3.017,-0.0551603067541352
2,15,-186,3.105,-0.0145061443222767
2,16,-185,3.134,-0.00110874988450551
2,17,-184,3.164,0.0127506236718097
2,18,-183,3.234,0.0450891619698787
2,19,-182,3.23,0.0432412454957038
2,20,-181,3.034,-0.0473066617388895
2,21,-180,3.069,-0.0311373925898554
2,22,-179,3.067,-0.0320613508269426
2,23,-178,3.011,-0.0579321814653978
2,24,-177,3.117,-0.00896239489975078
2,25,-176,3.115,-0.00988635313683898
2,26,-175,3.074,-0.0288274969971352
2,27,-174,3.116,-0.00942437401829437
2,28,-173,3.149,0.00582093689365218
2,29,-172,3.086,-0.0232837475746093
2,30,-171,3.118,-0.00850041578120678
2,31,-170,3.151,0.00674489513074017
2,32,-169,3.188,0.0238381225168623
2,33,-168,3.171,0.015984477501617
2,34,-167,3.051,-0.0394530167236445
2,35,-166,2.98,-0.0722535341402571
2,36,-165,3.098,-0.0177399981520834
2,37,-164,3.158,0.0099787489605465
2,38,-163,3.104,-0.0149681234408203
2,39,-162,3.18,0.0201422895685118
2,40,-161,3.143,0.00304906218238902
2,41,-160,3.105,-0.0145061443222769
2,42,-159,3.151,0.00674489513074017
2,43,-158,2.997,-0.0643998891250117
2,44,-157,3.193,0.0261480181095815
2,45,-156,3.176,0.0182943730943358
2,46,-155,3.063,-0.0339092673011178
2,47,-154,3.101,-0.0163540607964518
2,48,-153,3.156,0.00905479072345954
2,49,-152,3.133,-0.00157072900304889
2,50,-151,3.075,-0.0283655178785919
2,51,-150,3.141,0.00212510394530205
2,52,-149,3.126,-0.00480458283285604
2,53,-148,3.169,0.0150605192645296
2,54,-147,3.184,0.0219902060426869
2,55,-146,3.161,0.0113646863161781
2,56,-145,3.116,-0.00942437401829437
2,57,-144,3.162,0.0118266654347225
2,58,-143,3.059,-0.0357571837752933
2,59,-142,3.074,-0.0288274969971354
2,60,-141,3.154,0.00813083248637154
2,61,-140,3.18,0.0201422895685115
2,62,-139,3.152,0.00720687424928355
2,63,-138,3.164,0.0127506236718099
2,64,-137,3.227,0.0418553081400724
2,65,-136,3.21,0.0340016631248263
2,66,-135,3.123,-0.00619052018848762
2,67,-134,3.094,-0.0195879146262592
2,68,-133,3.135,-0.000646770765961308
2,69,-132,3.142,0.00258708306384523
2,70,-131,3.183,0.0215282269241429
2,71,-130,3.095,-0.0191259355077148
2,72,-129,3.128,-0.00388062459576826
2,73,-128,3.117,-0.00896239489975037
2,74,-127,3.167,0.0141365610274412
2,75,-126,3.146,0.0044349995380206
2,76,-125,3.127,-0.00434260371431205
2,77,-124,3.156,0.00905479072345933
2,78,-123,3.196,0.0275339554652126
2,79,-122,3.246,0.050632911392405
2,80,-121,3.172,0.0164464566201608
2,81,-120,3.143,0.00304906218238902
2,82,-119,3.162,0.0118266654347225
2,83,-118,3.123,-0.00619052018848721
2,84,-117,3.137,0.00027718747112607
2,85,-116,3.172,0.0164464566201608
2,86,-115,3.077,-0.0274415596415041
2,87,-114,3.036,-0.0463827035018018
2,88,-113,3.078,-0.0269795805229603
2,89,-112,3.131,-0.00249468724013688
2,90,-111,3.132,-0.00203270812159268
2,91,-110,3.202,0.0303058301764764
2,92,-109,3.177,0.0187563522128802
2,93,-108,3.182,0.0210662478055991
2,94,-107,3.189,0.0243001016354061
2,95,-106,3.139,0.00120114570821365
2,96,-105,3.082,-0.0251316640487853
2,97,-104,3.126,-0.00480458283285604
2,98,-103,3.108,-0.0131202069666453
2,99,-102,3.112,-0.0112722904924699
2,100,-101,3.074,-0.0288274969971356
2,101,-100,3.076,-0.0279035387600483
2,102,-99,3.165,0.0132126027903541
2,103,-98,3.115,-0.00988635313683836
2,104,-97,3.072,-0.0297514552342236
2,105,-96,3.137,0.00027718747112607
2,106,-95,3.193,0.0261480181095812
2,107,-94,3.171,0.015984477501617
2,108,-93,3.123,-0.00619052018848721
2,109,-92,3.133,-0.00157072900304992
2,110,-91,3.172,0.0164464566201606
2,111,-90,3.123,-0.00619052018848762
2,112,-89,3.161,0.0113646863161785
2,113,-88,3.136,-0.000184791647417516
2,114,-87,3.091,-0.0209738519818906
2,115,-86,3.111,-0.0117342696110137
2,116,-85,3.073,-0.0292894761156798
2,117,-84,3.126,-0.00480458283285625
2,118,-83,3.131,-0.00249468724013688
2,119,-82,3.163,0.0122886445532661
2,120,-81,3.18,0.0201422895685115
2,121,-80,3.111,-0.0117342696110131
2,122,-79,3.134,-0.00110874988450551
2,123,-78,3.056,-0.0371431211309245
2,124,-77,3.064,-0.0334472881825742
2,125,-76,3.157,0.00951676984200312
2,126,-75,3.225,0.0409313499029838
2,127,-74,3.247,0.0510948905109488
2,128,-73,3.211,0.0344636422433707
2,129,-72,3.097,-0.0182019772706278
2,130,-71,3.196,0.0275339554652128
2,131,-70,3.072,-0.0297514552342234
2,132,-69,3.103,-0.0154301025593647
2,133,-68,3.117,-0.00896239489975037
2,134,-67,3.164,0.0127506236718099
2,135,-66,3.081,-0.0255936431673287
2,136,-65,3.128,-0.00388062459576826
2,137,-64,3.084,-0.0242077058116973
2,138,-63,3.126,-0.00480458283285543
2,139,-62,3.099,-0.0172780190335398
2,140,-61,3.115,-0.00988635313683857
2,141,-60,3.052,-0.0389910376051001
2,142,-59,3.035,-0.0468446826203455
2,143,-58,3.132,-0.00203270812159289
2,144,-57,3.081,-0.0255936431673295
2,145,-56,3.153,0.00766885336782775
2,146,-55,3.124,-0.00572854106994383
2,147,-54,3.132,-0.00203270812159289
2,148,-53,3.068,-0.031599371708399
2,149,-52,3.091,-0.0209738519818908
2,150,-51,3.084,-0.0242077058116973
2,151,-50,3.102,-0.0158920816779081
2,152,-49,3.087,-0.0228217684560657
2,153,-48,3.134,-0.00110874988450551
2,154,-47,3.164,0.0127506236718097
2,155,-46,3.127,-0.00434260371431225
2,156,-45,3.154,0.00813083248637154
2,157,-44,3.115,-0.00988635313683857
2,158,-43,3.083,-0.0246696849302407
2,159,-42,3.123,-0.00619052018848742
2,160,-41,3.141,0.00212510394530164
2,161,-40,3.185,0.0224521851612305
2,162,-39,3.214,0.0358495795990021
2,163,-38,3.146,0.0044349995380206
2,164,-37,3.187,0.0233761433983183
2,165,-36,3.206,0.0321537466506509
2,166,-35,3.192,0.0256860389910377
2,167,-34,3.174,0.0173704148572486
2,168,-33,3.149,0.00582093689365197
2,169,-32,3.187,0.0233761433983183
2,170,-31,3.182,0.0210662478055991
2,171,-30,3.137,0.00027718747112607
2,172,-29,3.054,-0.0380670793680125
2,173,-28,3.181,0.0206042686870551
2,174,-27,3.115,-0.00988635313683836
2,175,-26,3.113,-0.0108103113739257
2,176,-25,3.191,0.0252240598724941
2,177,-24,3.234,0.0450891619698787
2,178,-23,3.079,-0.0265176014044167
2,179,-22,3.06,-0.0352952046567495
2,180,-21,3.088,-0.0223597893375224
2,181,-20,3.051,-0.0394530167236447
2,182,-19,3.044,-0.0426868705534504
2,183,-18,3.146,0.0044349995380206
2,184,-17,3.167,0.0141365610274412
2,185,-16,3.121,-0.00711447842557541
2,186,-15,3.123,-0.00619052018848742
2,187,-14,3.125,-0.00526656195139983
2,188,-13,3.128,-0.00388062459576826
2,189,-12,3.108,-0.0131202069666453
2,190,-11,3.189,0.0243001016354061
2,191,-10,3.187,0.0233761433983183
2,192,-9,3.09,-0.0214358311004344
2,193,-8,3.129,-0.00341864547722446
2,194,-7,3.098,-0.0177399981520832
2,195,-6,3.091,-0.0209738519818908
2,196,-5,3.141,0.00212510394530205
2,197,-4,3.156,0.00905479072345933
2,198,-3,3.157,0.00951676984200312
2,199,-2,3.121,-0.0071144784255752
2,200,-1,3.144,0.00351104130093343
2,201,0,4.849,0.791185438418183
2,202,1,5.163,0.93624688164095
2,203,2,5.301,1
2,204,3,5.276,0.988450522036405
2,205,4,5.292,0.995842187933105
2,206,5,5.286,0.993070313221842
2,207,6,5.16,0.934860944285319
2,208,7,5.223,0.963965628753581
2,209,8,5.185,0.946410422248915
2,210,9,5.138,0.924697403677354
2,211,10,5.172,0.940404693707845
2,212,11,5.19,0.948720317841634
2,213,12,5.231,0.967661461701931
2,214,13,5.152,0.931165111336968
2,215,14,5.185,0.946410422248915
2,216,15,5.209,0.957497921093967
2,217,16,5.146,0.928393236625705
2,218,17,5.086,0.900674489513074
2,219,18,5.122,0.917305737780653
2,220,19,5.237,0.970433336413194
2,221,20,5.238,0.970895315531738
2,222,21,5.104,0.908990113646864
2,223,22,5.054,0.885891157719671
2,224,23,4.996,0.859096368844128
2,225,24,5.097,0.905756259817056
2,226,25,5.117,0.914995842187933
2,227,26,5.067,0.891896886260741
2,228,27,5.065,0.890972928023654
2,229,28,5.058,0.887739074193847
2,230,29,5.053,0.885429178601127
2,231,30,5.033,0.87618959623025
2,232,31,5.01,0.865564076503743
2,233,32,5.059,0.88820105331239
2,234,33,5.051,0.88450522036404
2,235,34,4.97,0.847084911761989
2,236,35,5.044,0.881271366534233
2,237,36,5.063,0.890048969786566
2,238,37,5.004,0.86279220179248
2,239,38,4.987,0.854938556777234
2,240,39,5.039,0.878961470941514
2,241,40,5.015,0.867873972096461
2,242,41,5.003,0.862330222673935
2,243,42,4.979,0.851242723828883
2,244,43,5.005,0.863254180911023
2,245,44,4.997,0.859558347962672
2,246,45,4.916,0.822138039360621
2,247,46,4.854,0.793495334010903
2,248,47,4.938,0.832301579968586
2,249,48,4.867,0.799501062551973
2,250,49,4.857,0.794881271366535
2,251,50,4.88,0.805506791093043
2,252,51,4.939,0.83276355908713
2,253,52,4.93,0.828605747020235
2,254,53,4.989,0.855862515014322
2,255,54,4.888,0.809202624041394
2,256,55,4.921,0.82444793495334
2,257,56,4.932,0.829529705257322
2,258,57,4.848,0.79072345929964
2,259,58,4.803,0.769934398965167
2,260,59,4.871,0.801348979026148
2,261,60,4.857,0.794881271366535
2,262,61,4.827,0.78102189781022
2,263,62,4.921,0.82444793495334
2,264,63,4.844,0.788875542825464
2,265,64,4.777,0.757922941883027
2,266,65,4.836,0.785179709877114
2,267,66,4.825,0.780097939573132
2,268,67,4.753,0.746835443037975
2,269,68,4.82,0.777788043980412
2,270,69,4.816,0.775940127506237
2,271,70,4.793,0.765314607779729
2,272,71,4.802,0.769472419846623
2,273,72,4.8,0.768548461609536
2,274,73,4.896,0.812898456989744
2,275,74,4.809,0.77270627367643
2,276,75,4.748,0.744525547445255
2,277,76,4.736,0.73898179802273
2,278,77,4.807,0.771782315439342
2,279,78,4.735,0.738519818904186
2,280,79,4.678,0.712187009147187
2,281,80,4.73,0.736209923311467
2,282,81,4.672,0.709415134435924
2,283,82,4.6,0.676152637900767
2,284,83,4.701,0.722812528873695
2,285,84,4.775,0.75699898364594
2,286,85,4.665,0.706181280606117
2,287,86,4.705,0.724660445347871
2,288,87,4.68,0.713110967384274
2,289,88,4.709,0.726508361822045
2,290,89,4.708,0.726046382703503
2,291,90,4.623,0.686778157627276
2,292,91,4.691,0.718192737688257
2,293,92,4.663,0.70525732236903
2,294,93,4.64,0.694631802642521
2,295,94,4.602,0.677076596137855
2,296,95,4.617,0.684006282916012
2,297,96,4.627,0.688626074101451
2,298,97,4.645,0.69694169823524
2,299,98,4.533,0.645200036958329
2,300,99,4.542,0.649357849025224
2,301,100,4.562,0.658597431396101
2,302,101,4.564,0.659521389633189
2,303,102,4.616,0.683544303797468
2,304,103,4.559,0.657211494040469
2,305,104,4.496,0.628106809572207
2,306,105,4.627,0.688626074101451
2,307,106,4.536,0.646585974313961
2,308,107,4.617,0.684006282916012
2,309,108,4.533,0.645200036958329
2,310,109,4.479,0.620253164556962
2,311,110,4.524,0.641042224891435
2,312,111,4.586,0.669684930241153
2,313,112,4.569,0.661831285225908
2,314,113,4.552,0.653977640210663
2,315,114,4.461,0.611937540423174
2,316,115,4.514,0.636422433705997
2,317,116,4.532,0.644738057839787
2,318,117,4.496,0.628106809572207
2,319,118,4.523,0.640580245772892
2,320,119,4.523,0.640580245772892
2,321,120,4.479,0.620253164556963
2,322,121,4.488,0.624410976623857
2,323,122,4.56,0.657673473159014
2,324,123,4.516,0.637346391943085
2,325,124,4.492,0.626258893098032
2,326,125,4.403,0.58514275154763
2,327,126,4.361,0.565739628568789
2,328,127,4.539,0.647971911669592
2,329,128,4.555,0.655363577566294
2,330,129,4.475,0.618405248082786
2,331,130,4.436,0.600388062459577
2,332,131,4.359,0.564815670331701
2,333,132,4.463,0.61286149866026
2,334,133,4.51,0.634574517231822
2,335,134,4.484,0.622563060149681
2,336,135,4.358,0.564353691213157
2,337,136,4.347,0.559271920909175
2,338,137,4.398,0.582832855954911
2,339,138,4.375,0.572207336228403
2,340,139,4.392,0.580060981243648
2,341,140,4.423,0.594382333918507
2,342,141,4.418,0.592072438325788
2,343,142,4.382,0.57544119005821
2,344,143,4.356,0.56342973297607
2,345,144,4.396,0.581908897717823
2,346,145,4.341,0.556500046197912
2,347,146,4.331,0.551880255012473
2,348,147,4.396,0.581908897717823
2,349,148,4.346,0.558809941790631
2,350,149,4.292,0.533863069389263
2,351,150,4.369,0.56943546151714
2,352,151,4.341,0.556500046197912
2,353,152,4.34,0.556038067079368
2,354,153,4.287,0.531553173796545
2,355,154,4.375,0.572207336228403
2,356,155,4.199,0.490899011364687
2,357,156,4.369,0.56943546151714
2,358,157,4.427,0.596230250392682
2,359,158,4.361,0.565739628568789
2,360,159,4.203,0.492746927838862
2,361,160,4.172,0.478425575164003
2,362,161,4.333,0.552804213249562
2,363,162,4.278,0.52739536172965
2,364,163,4.285,0.530629215559457
2,365,164,4.316,0.544950568234316
2,366,165,4.273,0.525085466136931
2,367,166,4.31,0.542178693523053
2,368,167,4.219,0.500138593735563
2,369,168,4.281,0.528781299085282
2,370,169,4.325,0.549108380301211
2,371,170,4.281,0.528781299085282
2,372,171,4.234,0.507068280513721
2,373,172,4.252,0.51538390464751
2,374,173,4.338,0.55511410884228
2,375,174,4.251,0.514921925528966
2,376,175,4.32,0.546798484708491
2,377,176,4.283,0.529705257322369
2,378,177,4.248,0.513535988173335
2,379,178,4.261,0.519541716714405
2,380,179,4.186,0.484893282823616
2,381,180,4.177,0.480735470756722
2,382,181,4.196,0.489513074009056
2,383,182,4.229,0.504758384921002
2,384,183,4.172,0.478425575164003
2,385,184,4.144,0.465490159844775
2,386,185,4.267,0.522313591425668
2,387,186,4.206,0.494132865194494
2,388,187,4.163,0.474267763097109
2,389,188,4.155,0.470571930148757
2,390,189,4.163,0.474267763097108
2,391,190,4.127,0.45763651482953
2,392,191,4.078,0.434999538020882
2,393,192,4.133,0.460408389540793
2,394,193,4.12,0.454402660999723
2,395,194,4.039,0.416982352397672
2,396,195,4.159,0.472419846622933
2,397,196,4.127,0.45763651482953
2,398,197,4.141,0.464104222489144
2,399,198,4.17,0.477501616926915
2,400,199,4.141,0.464104222489144
2,401,200,4.107,0.448396932458653
2,402,201,4.145,0.465952138963319
2,403,202,4.11,0.449782869814285
2,404,203,4.118,0.453478702762635
2,405,204,4.144,0.465490159844775
2,406,205,4.172,0.478425575164003
2,407,206,4.086,0.438695370969232
2,408,207,4.069,0.430841725953987
2,409,208,4.023,0.40959068650097
2,410,209,4.125,0.456712556592442
2,411,210,4.031,0.413286519449321
2,412,211,4.039,0.416982352397672
2,413,212,4.081,0.436385475376513
2,414,213,4.111,0.450244848932828
2,415,214,4.082,0.436847454495056
2,416,215,3.968,0.384181834981059
2,417,216,3.966,0.383257876743971
2,418,217,4.018,0.407280790908251
2,419,218,4.121,0.454864640118267
2,420,219,4.129,0.458560473066618
2,421,220,4.057,0.425297976531461
2,422,221,4.136,0.461794326896424
2,423,222,4.002,0.39988912501155
2,424,223,4.002,0.39988912501155
2,425,224,3.936,0.369398503187656
2,426,225,4.041,0.41790631063476
2,427,226,4.048,0.421140164464566
2,428,227,4.01,0.403584957959901
2,429,228,4.038,0.416520373279128
2,430,229,4.014,0.405432874434075
2,431,230,3.98,0.389725584403585
2,432,231,4.024,0.410052665619514
2,433,232,4.043,0.418830268871847
2,434,233,3.945,0.37355631525455
2,435,234,4.065,0.428993809479811
2,436,235,4.013,0.404970895315532
2,437,236,4.068,0.430379746835443
2,438,237,3.954,0.377714127321445
2,439,238,3.92,0.362006837290954
2,440,239,3.918,0.361082879053867
2,441,240,3.999,0.398503187655918
2,442,241,4.002,0.39988912501155
2,443,242,3.961,0.380947981151252
2,444,243,3.897,0.351381317564446
2,445,244,4.005,0.401275062367181
2,446,245,3.93,0.366626628476393
2,447,246,3.987,0.392959438233392
2,448,247,3.884,0.345375589023376
2,449,248,3.931,0.367088607594937
2,450,249,4.008,0.402660999722813
2,451,250,4,0.398965166774462
2,452,251,3.976,0.38787766792941
2,453,252,3.884,0.345375589023376
2,454,253,3.94,0.371246419661832
2,455,254,4.003,0.400351104130094
2,456,255,3.91,0.357387046105516
2,457,256,3.848,0.328744340755798
2,458,257,3.984,0.39157350087776
2,459,258,3.904,0.354615171394253
2,460,259,3.998,0.398041208537374
2,461,260,4.032,0.413748498567865
2,462,261,3.946,0.374018294373095
2,463,262,3.879,0.343065693430657
2,464,263,3.977,0.388339647047953
2,465,264,3.928,0.365702670239305
2,466,265,3.833,0.321814653977641
2,467,266,3.853,0.331054236348517
2,468,267,3.875,0.341217776956482
2,469,268,3.847,0.328282361637254
2,470,269,3.97,0.385105793218147
2,471,270,3.864,0.336136006652499
2,472,271,3.84,0.325048507807447
2,473,272,3.878,0.342603714312113
2,474,273,3.794,0.30379746835443
2,475,274,3.901,0.353229234038622
2,476,275,3.926,0.364778712002217
2,477,276,3.912,0.358311004342604
2,478,277,3.853,0.331054236348517
2,479,278,3.904,0.354615171394254
2,480,279,3.982,0.390649542640673
2,481,280,3.812,0.31211309248822
2,482,281,3.934,0.368474544950568
2,483,282,3.852,0.330592257229973
2,484,283,3.851,0.33013027811143
2,485,284,3.829,0.319966737503465
2,486,285,3.78,0.297329760694816
2,487,286,3.869,0.338445902245219
2,488,287,3.886,0.346299547260464
2,489,288,3.807,0.3098031968955
2,490,289,3.773,0.29409590686501
2,491,290,3.728,0.273306846530536
2,492,291,3.78,0.297329760694816
2,493,292,3.776,0.295481844220641
2,494,293,3.764,0.289938094798115
2,495,294,3.836,0.323200591333272
2,496,295,3.791,0.302411530998799
2,497,296,3.815,0.313499029843851
2,498,297,3.825,0.31811882102929
2,499,298,3.764,0.289938094798115
2,500,299,3.739,0.278388616834519
2,501,300,3.739,0.278388616834519
2,502,301,3.839,0.324586528688904
2,503,302,3.839,0.324586528688904
2,504,303,3.804,0.308417259539869
2,505,304,3.726,0.27238288829345
2,506,305,3.702,0.261295389448397
2,507,306,3.73,0.274230804767625
2,508,307,3.697,0.258985493855677
2,509,308,3.736,0.277002679478888
2,510,309,3.771,0.293171948627922
2,511,310,3.773,0.29409590686501
2,512,311,3.822,0.316732883673658
2,513,312,3.699,0.259909452092766
2,514,313,3.692,0.256675598262959
2,515,314,3.734,0.2760787212418
2,516,315,3.779,0.296867781576273
2,517,316,3.789,0.301487572761711
2,518,317,3.818,0.314884967199483
2,519,318,3.718,0.268687055345098
2,520,319,3.803,0.307955280421325
2,521,320,3.816,0.313961008962395
2,522,321,3.707,0.263605285041116
2,523,322,3.677,0.249745911484801
2,524,323,3.724,0.271458930056362
2,525,324,3.695,0.25806153561859
2,526,325,3.678,0.250207890603345
2,527,326,3.683,0.252517786196064
2,528,327,3.7,0.260371431211309
2,529,328,3.716,0.267763097108011
2,530,329,3.839,0.324586528688903
2,531,330,3.82,0.31580892543657
2,532,331,3.821,0.316270904555115
2,533,332,3.755,0.285780282731221
2,534,333,3.662,0.242816224706643
2,535,334,3.724,0.271458930056362
2,536,335,3.601,0.214635498475469
2,537,336,3.735,0.276540700360344
2,538,337,3.641,0.233114663217223
2,539,338,3.642,0.233576642335766
2,540,339,3.692,0.256675598262959
2,541,340,3.739,0.278388616834519
2,542,341,3.633,0.229418830268872
2,543,342,3.618,0.222489143490714
2,544,343,3.548,0.190150605192645
2,545,344,3.621,0.223875080846346
2,546,345,3.609,0.218331331423819
2,547,346,3.613,0.220179247897995
2,548,347,3.672,0.247436015892082
2,549,348,3.667,0.245126120299362
2,550,349,3.639,0.232190704980135
2,551,350,3.612,0.219717268779451
2,552,351,3.725,0.271920909174905
2,553,352,3.678,0.250207890603345
2,554,353,3.741,0.279312575071607
2,555,354,3.727,0.272844867411993
2,556,355,3.581,0.205395916104592
2,557,356,3.629,0.227570913794697
2,558,357,3.616,0.221565185253627
2,559,358,3.552,0.191998521666821
2,560,359,3.575,0.202624041393329
2,561,360,3.591,0.21001570729003
2,562,361,3.575,0.202624041393329
2,563,362,3.565,0.198004250207891
2,564,363,3.654,0.239120391758293
2,565,364,3.66,0.241892266469556
2,566,365,3.648,0.23634851704703
2,567,366,3.615,0.221103206135082
2,568,367,3.702,0.261295389448398
2,569,368,3.562,0.196618312852259
2,570,369,3.574,0.202162062274785
2,571,370,3.662,0.242816224706643
2,572,371,3.641,0.233114663217223
2,573,372,3.68,0.251131848840433
2,574,373,3.6,0.214173519356925
2,575,374,3.555,0.193384459022452
2,576,375,3.618,0.222489143490714
2,577,376,3.551,0.191536542548277
2,578,377,3.594,0.211401644645662
2,579,378,3.627,0.226646955557609
2,580,379,3.563,0.197080291970803
2,581,380,3.589,0.209091749052943
2,582,381,3.7,0.26037143121131
2,583,382,3.787,0.300563614524624
2,584,383,3.584,0.206781853460224
2,585,384,3.611,0.219255289660907
2,586,385,3.565,0.19800425020789
2,587,386,3.613,0.220179247897995
2,588,387,3.561,0.196156333733715
2,589,388,3.591,0.21001570729003
2,590,389,3.674,0.24835997412917
2,591,390,3.575,0.202624041393329
2,592,391,3.572,0.201238104037698
2,593,392,3.536,0.184606855770119
2,594,393,3.55,0.191074563429733
2,595,394,3.58,0.204933936986049
2,596,395,3.497,0.166589670146909
2,597,396,3.585,0.207243832578767
2,598,397,3.592,0.210477686408574
2,599,398,3.588,0.208629769934399
2,600,399,3.57,0.20031414580061
2,601,400,3.593,0.210939665527118
2,602,401,3.562,0.196618312852259
2,603,402,3.599,0.213711540238381
2,604,403,3.492,0.16427977455419
2,605,404,3.589,0.209091749052943
2,606,405,3.535,0.184144876651575
2,607,406,3.565,0.198004250207891
2,608,407,3.671,0.246974036773538
2,609,408,3.555,0.193384459022452
2,610,409,3.448,0.143952693338261
2,611,410,3.459,0.149034463642243
2,612,411,3.519,0.176753210754874
2,613,412,3.554,0.192922479903908
2,614,413,3.54,0.186454772244295
2,615,414,3.52,0.177215189873418
2,616,415,3.602,0.215097477594013
2,617,416,3.608,0.217869352305276
2,618,417,3.553,0.192460500785364
2,619,418,3.513,0.173981336043611
2,620,419,3.577,0.203547999630417
2,621,420,3.566,0.198466229326435
2,622,421,3.51,0.17259539868798
2,623,422,3.52,0.177215189873418
2,624,423,3.512,0.173519356925067
2,625,424,3.445,0.142566755982629
2,626,425,3.5,0.167975607502541
2,627,426,3.648,0.23634851704703
2,628,427,3.531,0.1822969601774
2,629,428,3.475,0.156426129538944
2,630,429,3.446,0.143028735101173
2,631,430,3.424,0.132865194493209
2,632,431,3.515,0.174905294280698
2,633,432,3.595,0.211863623764206
2,634,433,3.57,0.20031414580061
2,635,434,3.601,0.214635498475469
2,636,435,3.491,0.163817795435647
2,637,436,3.443,0.141642797745542
2,638,437,3.42,0.131017278019033
2,639,438,3.487,0.161969878961471
2,640,439,3.418,0.130093319781946
2,641,440,3.546,0.189226646955558
2,642,441,3.553,0.192460500785364
2,643,442,3.473,0.155502171301858
2,644,443,3.594,0.211401644645662
2,645,444,3.505,0.17028550309526
2,646,445,3.594,0.211401644645662
2,647,446,3.544,0.18830268871847
2,648,447,3.475,0.156426129538945
2,649,448,3.554,0.192922479903909
2,650,449,3.444,0.142104776864086
2,651,450,3.517,0.175829252517786
2,652,451,3.521,0.177677168991961
2,653,452,3.625,0.225722997320521
2,654,453,3.558,0.194770396378084
2,655,454,3.446,0.143028735101174
2,656,455,3.487,0.16196987896147
2,657,456,3.489,0.162893837198559
2,658,457,3.429,0.135175090085928
2,659,458,3.417,0.129631340663402
2,660,459,3.422,0.131941236256121
2,661,460,3.44,0.14025686038991
2,662,461,3.429,0.135175090085928
2,663,462,3.43,0.135637069204472
2,664,463,3.427,0.134251131848841
2,665,464,3.462,0.150420400997875
2,666,465,3.474,0.155964150420401
2,667,466,3.512,0.173519356925067
2,668,467,3.427,0.134251131848841
2,669,468,3.469,0.153654254827682
2,670,469,3.449,0.144414672456806
2,671,470,3.386,0.115309987988543
2,672,471,3.5,0.167975607502541
2,673,472,3.455,0.147186547168068
2,674,473,3.598,0.213249561119838
2,675,474,3.556,0.193846438140996
2,676,475,3.414,0.12824540330777
2,677,476,3.479,0.15827404601312
2,678,477,3.378,0.111614155040192
2,679,478,3.4,0.121777695648157
2,680,479,3.424,0.132865194493209
2,681,480,3.343,0.0954448858911573
2,682,481,3.513,0.173981336043611
2,683,482,3.494,0.165203732791278
2,684,483,3.338,0.0931349902984383
2,685,484,3.494,0.165203732791278
2,686,485,3.449,0.144414672456806
2,687,486,3.428,0.134713110967384
2,688,487,3.391,0.117619883581263
2,689,488,3.433,0.137023006560103
2,690,489,3.397,0.120391758292526
2,691,490,3.497,0.166589670146909
2,692,491,3.499,0.167513628383997
2,693,492,3.403,0.123163633003788
2,694,493,3.431,0.136099048323016
2,695,494,3.35,0.0986787397209647
2,696,495,3.367,0.10653238473621
2,697,496,3.471,0.154578213064769
2,698,497,3.406,0.12454957035942
2,699,498,3.447,0.143490714219718
2,700,499,3.364,0.105146447380578
2,701,500,3.442,0.141180818626998
2,702,501,3.435,0.137946964797191
2,703,502,3.344,0.0959068650097013
2,704,503,3.416,0.129169361544858
2,705,504,3.299,0.0751178046752288
2,706,505,3.42,0.131017278019033
2,707,506,3.487,0.161969878961471
2,708,507,3.428,0.134713110967384
2,709,508,3.441,0.140718839508454
2,710,509,3.471,0.154578213064769
2,711,510,3.44,0.14025686038991
2,712,511,3.391,0.117619883581262
2,713,512,3.443,0.141642797745542
2,714,513,3.385,0.114848008869999
2,715,514,3.427,0.134251131848841
2,716,515,3.339,0.0935969694169825
2,717,516,3.342,0.0949829067726139
2,718,517,3.355,0.100988635313684
2,719,518,3.366,0.106070405617666
2,720,519,3.424,0.132865194493209
2,721,520,3.374,0.109766238566017
2,722,521,3.401,0.122239674766701
2,723,522,3.362,0.10422248914349
2,724,523,3.469,0.153654254827682
2,725,524,3.465,0.151806338353506
2,726,525,3.36,0.103298530906403
2,727,526,3.447,0.143490714219718
2,728,527,3.392,0.118081862699806
2,729,528,3.457,0.148110505405155
2,730,529,3.448,0.143952693338261
2,731,530,3.406,0.12454957035942
2,732,531,3.442,0.141180818626998
2,733,532,3.335,0.0917490529428066
2,734,533,3.351,0.0991407188395086
2,735,534,3.359,0.102836551787859
2,736,535,3.401,0.122239674766701
2,737,536,3.403,0.123163633003789
2,738,537,3.342,0.0949829067726139
2,739,538,3.291,0.0714219717268783
2,740,539,3.404,0.123625612122333
2,741,540,3.355,0.100988635313684
2,742,541,3.314,0.0820474914533863
2,743,542,3.377,0.111152175921648
2,744,543,3.384,0.114386029751455
2,745,544,3.309,0.079737595860667
2,746,545,3.378,0.111614155040192
2,747,546,3.414,0.12824540330777
2,748,547,3.412,0.127321445070683
2,749,548,3.373,0.109304259447473
2,750,549,3.389,0.116695925344174
2,751,550,3.358,0.102374572669316
2,752,551,3.362,0.104222489143491
2,753,552,3.42,0.131017278019034
2,754,553,3.332,0.0903631155871752
2,755,554,3.351,0.0991407188395089
2,756,555,3.326,0.0875912408759122
2,757,556,3.287,0.0695740552527029
2,758,557,3.352,0.0996026979580522
2,759,558,3.475,0.156426129538945
2,760,559,3.399,0.121315716529613
2,761,560,3.441,0.140718839508455
2,762,561,3.349,0.0982167606024204
2,763,562,3.387,0.115771967107087
2,764,563,3.321,0.0852813452831931
2,765,564,3.228,0.0423172872586158
2,766,565,3.297,0.0741938464381417
2,767,566,3.354,0.10052665619514
2,768,567,3.377,0.111152175921648
2,769,568,3.416,0.129169361544858
2,770,569,3.288,0.0700360343712465
2,771,570,3.29,0.0709599926083343
2,772,571,3.389,0.116695925344174
2,773,572,3.345,0.0963688441282457
2,774,573,3.421,0.131479257137578
2,775,574,3.284,0.0681881178970714
2,776,575,3.415,0.128707382426315
2,777,576,3.407,0.125011549477964
2,778,577,3.42,0.131017278019033
2,779,578,3.44,0.14025686038991
2,780,579,3.348,0.0977547814838773
2,781,580,3.438,0.139332902152823
2,782,581,3.342,0.0949829067726141
2,783,582,3.397,0.120391758292525
2,784,583,3.342,0.0949829067726139
2,785,584,3.323,0.0862053035202806
2,786,585,3.32,0.0848193661646491
2,787,586,3.279,0.0658782223043518
2,788,587,3.316,0.0829714496904735
2,789,588,3.379,0.112076134158736
2,790,589,3.322,0.0857433244017369
2,791,590,3.333,0.09082509470572
2,792,591,3.414,0.12824540330777
2,793,592,3.347,0.0972928023653329
2,794,593,3.337,0.0926730111798948
2,795,594,3.344,0.0959068650097013
2,796,595,3.255,0.0547907234593
2,797,596,3.386,0.115309987988543
2,798,597,3.342,0.0949829067726141
2,799,598,3.343,0.0954448858911569
2,800,599,3.366,0.106070405617666
2,801,600,3.304,0.0774277002679474
2,802,601,3.202,0.0303058301764766
2,803,602,3.325,0.0871292617573684
2,804,603,3.39,0.117157904462718
2,805,604,3.439,0.139794881271367
2,806,605,3.315,0.0825094705719305
2,807,606,3.258,0.0561766608149309
2,808,607,3.307,0.0788136376235796
2,809,608,3.252,0.0534047861036682
2,810,609,3.283,0.0677261387785272
2,811,610,3.39,0.117157904462718
2,812,611,3.324,0.0866672826388253
2,813,612,3.278,0.0654162431858082
2,814,613,3.408,0.125473528596507
2,815,614,3.348,0.0977547814838771
2,816,615,3.303,0.0769657211494038
2,817,616,3.326,0.0875912408759122
2,818,617,3.314,0.0820474914533863
2,819,618,3.288,0.0700360343712465
2,820,619,3.347,0.0972928023653329
2,821,620,3.369,0.107456342973298
2,822,621,3.37,0.107918322091842
2,823,622,3.216,0.0367735378360895
2,824,623,3.382,0.113462071514367
2,825,624,3.324,0.0866672826388251
2,826,625,3.329,0.0889771782315438
2,827,626,3.349,0.0982167606024209
2,828,627,3.265,0.0594105146447379
2,829,628,3.346,0.0968308232467893
2,830,629,3.271,0.0621823893560009
2,831,630,3.293,0.0723459299639659
2,832,631,3.249,0.0520188487480364
2,833,632,3.308,0.0792756167421232
2,834,633,3.368,0.106994363854754
2,835,634,3.335,0.0917490529428068
2,836,635,3.298,0.0746558255566842
2,837,636,3.23,0.0432412454957038
2,838,637,3.275,0.0640303058301766
2,839,638,3.321,0.0852813452831931
2,840,639,3.406,0.12454957035942
2,841,640,3.285,0.068650097015615
2,842,641,3.262,0.0580245772891063
2,843,642,3.316,0.0829714496904743
2,844,643,3.388,0.116233946225631
2,845,644,3.356,0.101450614432227
2,846,645,3.356,0.101450614432228
2,847,646,3.271,0.0621823893560009
2,848,647,3.339,0.0935969694169825
2,849,648,3.196,0.027533955465213
2,850,649,3.238,0.0469370784440545
2,851,650,3.276,0.0644922849487212
2,852,651,3.328,0.0885151991129996
2,853,652,3.291,0.0714219717268779
2,854,653,3.341,0.0945209276540699
2,855,654,3.283,0.0677261387785272
2,856,655,3.251,0.0529428069851242
2,857,656,3.321,0.0852813452831933
2,858,657,3.254,0.0543287443407558
2,859,658,3.366,0.106070405617666
2,860,659,3.333,0.0908250947057198
2,861,660,3.298,0.0746558255566844
2,862,661,3.299,0.0751178046752288
2,863,662,3.293,0.0723459299639659
2,864,663,3.331,0.0899011364686318
2,865,664,3.207,0.0326157257691949
2,866,665,3.273,0.0631063475930884
2,867,666,3.292,0.0718839508454215
2,868,667,3.351,0.0991407188395089
2,869,668,3.329,0.0889771782315438
2,870,669,3.353,0.100064677076596
2,871,670,3.29,0.0709599926083341
2,872,671,3.241,0.0483230157996859
2,873,672,3.3,0.0755797837937722
2,874,673,3.306,0.0783516585050354
2,875,674,3.294,0.0728079090825093
2,876,675,3.344,0.0959068650097011
2,877,676,3.309,0.079737595860667
2,878,677,3.245,0.050170932273861
2,879,678,3.241,0.0483230157996861
2,880,679,3.261,0.0575625981705629
2,881,680,3.285,0.068650097015615
2,882,681,3.257,0.0557146816963874
2,883,682,3.28,0.0663402014228954
2,884,683,3.231,0.0437032246142472
2,885,684,3.175,0.0178323939757922
2,886,685,3.385,0.114848008869999
2,887,686,3.271,0.0621823893560006
2,888,687,3.263,0.0584865564076505
2,889,688,3.356,0.101450614432227
2,890,689,3.314,0.0820474914533863
2,891,690,3.34,0.0940589485355257
2,892,691,3.285,0.0686500970156152
2,893,692,3.328,0.088515199113
2,894,693,3.316,0.0829714496904741
2,895,694,3.309,0.0797375958606672
2,896,695,3.318,0.0838954079275619
2,897,696,3.299,0.0751178046752288
2,898,697,3.24,0.0478610366811419
2,899,698,3.2,0.0293818719393884
2,900,699,3.284,0.0681881178970714
2,901,700,3.232,0.0441652037327916
2,902,701,3.118,-0.00850041578120576
2,903,702,3.193,0.0261480181095819
2,904,703,3.309,0.079737595860667
2,905,704,3.349,0.0982167606024207
2,906,705,3.243,0.0492469740367733
2,907,706,3.255,0.0547907234592998
2,908,707,3.169,0.0150605192645292
2,909,708,3.216,0.0367735378360895
2,910,709,3.301,0.076041762912316
2,911,710,3.281,0.0668021805414396
2,912,711,3.312,0.081123533216299
2,913,712,3.231,0.0437032246142472
2,914,713,3.162,0.0118266654347227
2,915,714,3.23,0.0432412454957036
2,916,715,3.199,0.0289198928208448
2,917,716,3.168,0.0145985401459856
2,918,717,3.216,0.0367735378360895
2,919,718,3.262,0.0580245772891063
2,920,719,3.2,0.0293818719393882
2,921,720,3.256,0.0552527025778434
2,922,721,3.239,0.0473990575625979
2,923,722,3.222,0.0395454125473528
2,924,723,3.212,0.0349256213619137
2,925,724,3.234,0.0450891619698783
2,926,725,3.251,0.0529428069851244
2,927,726,3.286,0.0691120761341583
2,928,727,3.354,0.10052665619514
2,929,728,3.309,0.079737595860667
2,930,729,3.328,0.0885151991130002
2,931,730,3.272,0.0626443684745448
2,932,731,3.28,0.0663402014228954
2,933,732,3.225,0.0409313499029842
2,934,733,3.258,0.0561766608149314
2,935,734,3.242,0.0487849949182295
2,936,735,3.252,0.0534047861036684
2,937,736,3.176,0.0182943730943354
2,938,737,3.286,0.0691120761341583
2,939,738,3.212,0.0349256213619139
2,940,739,3.29,0.0709599926083343
2,941,740,3.264,0.0589485355261941
2,942,741,3.319,0.0843573870461057
2,943,742,3.271,0.0621823893560006
2,944,743,3.347,0.0972928023653329
2,945,744,3.269,0.0612584311189135
2,946,745,3.187,0.0233761433983187
2,947,746,3.21,0.0340016631248263
2,948,747,3.192,0.025686038991037
2,949,748,3.159,0.0104407280790911
2,950,749,3.279,0.065878222304352
2.5,1,-200,3.782,0.0942910944748084
2.5,2,-199,3.622,0.0208055848987276
2.5,3,-198,3.604,0.0125384650714189
2.5,4,-197,3.585,0.00381206080925886
2.5,5,-196,3.58,0.0015156386350068
2.5,6,-195,3.544,-0.0150186010196115
2.5,7,-194,3.54,-0.0168557387590133
2.5,8,-193,3.578,0.00059706976530569
2.5,9,-192,3.59,0.00610848298351152
2.5,10,-191,3.544,-0.0150186010196109
2.5,11,-190,3.668,0.0419326689018511
2.5,12,-189,3.568,-0.00399577458319924
2.5,13,-188,3.636,0.027235566986635
2.5,14,-187,3.673,0.0442290910761031
2.5,15,-186,3.559,-0.00812933449685413
2.5,16,-185,3.575,-0.000780783539245871
2.5,17,-184,3.526,-0.0232857208469205
2.5,18,-183,3.548,-0.0131814632802097
2.5,19,-182,3.571,-0.00261792127864809
2.5,20,-181,3.59,0.00610848298351152
2.5,21,-180,3.604,0.0125384650714189
2.5,22,-179,3.625,0.0221834382032792
2.5,23,-178,3.639,0.0286134202911863
2.5,24,-177,3.544,-0.0150186010196117
2.5,25,-176,3.538,-0.0177743076287146
2.5,26,-175,3.501,-0.0347678317181832
2.5,27,-174,3.556,-0.00950718780140569
2.5,28,-173,3.575,-0.000780783539246075
2.5,29,-172,3.588,0.00518991411381042
2.5,30,-171,3.575,-0.000780783539245871
2.5,31,-170,3.56,-0.00767005006200347
2.5,32,-169,3.685,0.0497405042943094
2.5,33,-168,3.663,0.0396362467275988
2.5,34,-167,3.676,0.0456069443806543
2.5,35,-166,3.575,-0.000780783539245667
2.5,36,-165,3.524,-0.0242042897166218
2.5,37,-164,3.56,-0.00767005006200327
2.5,38,-163,3.549,-0.0127221788453589
2.5,39,-162,3.575,-0.000780783539246075
2.5,40,-161,3.582,0.0024342075047073
2.5,41,-160,3.563,-0.00629219675745191
2.5,42,-159,3.604,0.0125384650714189
2.5,43,-158,3.533,-0.0200707298029673
2.5,44,-157,3.513,-0.029256418499977
2.5,45,-156,3.461,-0.0531392091122029
2.5,46,-155,3.549,-0.0127221788453593
2.5,47,-154,3.668,0.0419326689018511
2.5,48,-153,3.687,0.0506590731640105
2.5,49,-152,3.516,-0.0278785651954252
2.5,50,-151,3.511,-0.0301749873696781
2.5,51,-150,3.614,0.0171313094199238
2.5,52,-149,3.59,0.00610848298351152
2.5,53,-148,3.566,-0.00491434345290055
2.5,54,-147,3.568,-0.00399577458319945
2.5,55,-146,3.639,0.0286134202911863
2.5,56,-145,3.616,0.0180498782896247
2.5,57,-144,3.667,0.0414733844669996
2.5,58,-143,3.639,0.0286134202911861
2.5,59,-142,3.608,0.0143756028108205
2.5,60,-141,3.655,0.0359619712487942
2.5,61,-140,3.633,0.0258577136820834
2.5,62,-139,3.57,-0.00307720571349854
2.5,63,-138,3.624,0.0217241537684285
2.5,64,-137,3.56,-0.00767005006200347
2.5,65,-136,3.502,-0.0343085472833324
2.5,66,-135,3.549,-0.0127221788453589
2.5,67,-134,3.503,-0.0338492628484821
2.5,68,-133,3.473,-0.0476277958939971
2.5,69,-132,3.548,-0.0131814632802099
2.5,70,-131,3.616,0.0180498782896249
2.5,71,-130,3.71,0.0612226151655717
2.5,72,-129,3.606,0.0134570339411194
2.5,73,-128,3.656,0.0364212556836448
2.5,74,-127,3.598,0.00978275846231576
2.5,75,-126,3.607,0.0139163183759704
2.5,76,-125,3.454,-0.0563542001561569
2.5,77,-124,3.545,-0.0145593165847613
2.5,78,-123,3.611,0.015753456115372
2.5,79,-122,3.545,-0.0145593165847615
2.5,80,-121,3.62,0.0198870160290265
2.5,81,-120,3.625,0.0221834382032792
2.5,82,-119,3.532,-0.0205300142378176
2.5,83,-118,3.599,0.0102420428971658
2.5,84,-117,3.635,0.0267762825517847
2.5,85,-116,3.608,0.0143756028108207
2.5,86,-115,3.634,0.0263169981169337
2.5,87,-114,3.578,0.000597069765305078
2.5,88,-113,3.597,0.0093234740274651
2.5,89,-112,3.752,0.0805125614292932
2.5,90,-111,3.636,0.0272355669866348
2.5,91,-110,3.595,0.0084049051577642
2.5,92,-109,3.555,-0.00996647223625573
2.5,93,-108,3.637,0.027694851421485
2.5,94,-107,3.601,0.0111606117668673
2.5,95,-106,3.758,0.0832682680383961
2.5,96,-105,3.603,0.0120791806365678
2.5,97,-104,3.602,0.0116198962017176
2.5,98,-103,3.613,0.0166720249850734
2.5,99,-102,3.654,0.0355026868139437
2.5,100,-101,3.595,0.0084049051577642
2.5,101,-100,3.635,0.0267762825517843
2.5,102,-99,3.606,0.0134570339411194
2.5,103,-98,3.629,0.0240205759426812
2.5,104,-97,3.579,0.00105635420015594
2.5,105,-96,3.603,0.012079180636568
2.5,106,-95,3.571,-0.00261792127864748
2.5,107,-94,3.506,-0.0324714095439307
2.5,108,-93,3.549,-0.0127221788453589
2.5,109,-92,3.574,-0.00124006797409632
2.5,110,-91,3.541,-0.0163964543241631
2.5,111,-90,3.568,-0.00399577458319945
2.5,112,-89,3.652,0.0345841179442426
2.5,113,-88,3.562,-0.00675148119230236
2.5,114,-87,3.508,-0.0315528406742298
2.5,115,-86,3.592,0.00702705185321304
2.5,116,-85,3.604,0.0125384650714191
2.5,117,-84,3.617,0.018509162724475
2.5,118,-83,3.595,0.0084049051577642
2.5,119,-82,3.576,-0.000321499104395623
2.5,120,-81,3.545,-0.0145593165847615
2.5,121,-80,3.683,0.0488219354246083
2.5,122,-79,3.575,-0.000780783539245871
2.5,123,-78,3.603,0.012079180636568
2.5,124,-77,3.632,0.0253984292472328
2.5,125,-76,3.675,0.0451476599458043
2.5,126,-75,3.611,0.015753456115372
2.5,127,-74,3.587,0.00473062967895976
2.5,128,-73,3.5,-0.0352271161530337
2.5,129,-72,3.618,0.0189684471593256
2.5,130,-71,3.677,0.0460662288155056
2.5,131,-70,3.607,0.0139163183759704
2.5,132,-69,3.501,-0.0347678317181826
2.5,133,-68,3.617,0.0185091627244752
2.5,134,-67,3.558,-0.00858861893170458
2.5,135,-66,3.62,0.0198870160290265
2.5,136,-65,3.525,-0.0237450052817707
2.5,137,-64,3.558,-0.00858861893170397
2.5,138,-63,3.623,0.0212648693335783
2.5,139,-62,3.624,0.0217241537684289
2.5,140,-61,3.616,0.0180498782896247
2.5,141,-60,3.652,0.0345841179442424
2.5,142,-59,3.681,0.0479033665549074
2.5,143,-58,3.592,0.00702705185321263
2.5,144,-57,3.598,0.00978275846231596
2.5,145,-56,3.568,-0.00399577458319945
2.5,146,-55,3.655,0.0359619712487942
2.5,147,-54,3.589,0.00564919854866148
2.5,148,-53,3.636,0.027235566986635
2.5,149,-52,3.616,0.0180498782896247
2.5,150,-51,3.586,0.00427134524410992
2.5,151,-50,3.6,0.0107013273320167
2.5,152,-49,3.678,0.0465255132503558
2.5,153,-48,3.639,0.0286134202911863
2.5,154,-47,3.588,0.00518991411381021
2.5,155,-46,3.501,-0.034767831718183
2.5,156,-45,3.543,-0.0154778854544618
2.5,157,-44,3.496,-0.0370642538924359
2.5,158,-43,3.612,0.0162127405502225
2.5,159,-42,3.527,-0.0228264364120702
2.5,160,-41,3.544,-0.0150186010196117
2.5,161,-40,3.619,0.0194277315941763
2.5,162,-39,3.605,0.0129977495062695
2.5,163,-38,3.5,-0.0352271161530337
2.5,164,-37,3.531,-0.0209892986726682
2.5,165,-36,3.559,-0.00812933449685392
2.5,166,-35,3.568,-0.00399577458319945
2.5,167,-34,3.654,0.0355026868139441
2.5,168,-33,3.557,-0.00904790336655483
2.5,169,-32,3.648,0.0327469802048408
2.5,170,-31,3.505,-0.0329306939787812
2.5,171,-30,3.509,-0.0310935562393792
2.5,172,-29,3.635,0.0267762825517845
2.5,173,-28,3.545,-0.0145593165847613
2.5,174,-27,3.556,-0.00950718780140508
2.5,175,-26,3.582,0.0024342075047075
2.5,176,-25,3.566,-0.00491434345290035
2.5,177,-24,3.51,-0.0306342718045281
2.5,178,-23,3.513,-0.0292564184999768
2.5,179,-22,3.569,-0.0035364901483494
2.5,180,-21,3.508,-0.03155284067423
2.5,181,-20,3.592,0.00702705185321284
2.5,182,-19,3.561,-0.00721076562715302
2.5,183,-18,3.5,-0.0352271161530337
2.5,184,-17,3.537,-0.0182335920635649
2.5,185,-16,3.568,-0.00399577458319924
2.5,186,-15,3.578,0.000597069765305486
2.5,187,-14,3.623,0.0212648693335787
2.5,188,-13,3.58,0.0015156386350068
2.5,189,-12,3.588,0.00518991411381021
2.5,190,-11,3.584,0.00335277637440861
2.5,191,-10,3.546,-0.0141000321499104
2.5,192,-9,3.596,0.00886418959261465
2.5,193,-8,3.67,0.0428512377715516
2.5,194,-7,3.652,0.0345841179442426
2.5,195,-6,3.566,-0.00491434345290035
2.5,196,-5,3.662,0.039176962292748
2.5,197,-4,3.637,0.027694851421485
2.5,198,-3,3.566,-0.00491434345290035
2.5,199,-2,3.643,0.0304505580305879
2.5,200,-1,3.619,0.0194277315941763
2.5,201,0,5.342,0.810774812841593
2.5,202,1,5.673,0.962797960777109
2.5,203,2,5.729,0.988517889128737
2.5,204,3,5.658,0.955908694254351
2.5,205,4,5.648,0.951315849905847
2.5,206,5,5.705,0.977495062692326
2.5,207,6,5.754,1
2.5,208,7,5.65,0.952234418775548
2.5,209,8,5.686,0.968768658430166
2.5,210,9,5.691,0.971065080604418
2.5,211,10,5.71,0.979791484866577
2.5,212,11,5.639,0.947182289992192
2.5,213,12,5.622,0.939374454599733
2.5,214,13,5.58,0.920084508336012
2.5,215,14,5.617,0.937078032425481
2.5,216,15,5.586,0.922840214945115
2.5,217,16,5.552,0.907224544160198
2.5,218,17,5.557,0.90952096633445
2.5,219,18,5.57,0.915491663987507
2.5,220,19,5.693,0.971983649474119
2.5,221,20,5.61,0.933863041381528
2.5,222,21,5.584,0.921921646075414
2.5,223,22,5.577,0.918706655031461
2.5,224,23,5.529,0.896661002158637
2.5,225,24,5.518,0.891608873375281
2.5,226,25,5.504,0.885178891287374
2.5,227,26,5.475,0.871859642676709
2.5,228,27,5.612,0.934781610251228
2.5,229,28,5.574,0.917328801726909
2.5,230,29,5.551,0.906765259725347
2.5,231,30,5.544,0.903550268681394
2.5,232,31,5.516,0.89069030450558
2.5,233,32,5.499,0.882882469113122
2.5,234,33,5.469,0.869103936067606
2.5,235,34,5.461,0.865429660588803
2.5,236,35,5.563,0.912276672943554
2.5,237,36,5.474,0.871400358241859
2.5,238,37,5.558,0.909980250769301
2.5,239,38,5.591,0.925136637119368
2.5,240,39,5.439,0.855325403022091
2.5,241,40,5.402,0.838331878932622
2.5,242,41,5.41,0.842006154411427
2.5,243,42,5.562,0.911817388508703
2.5,244,43,5.474,0.871400358241859
2.5,245,44,5.421,0.847058283194782
2.5,246,45,5.478,0.87323749598126
2.5,247,46,5.49,0.878748909199467
2.5,248,47,5.455,0.8626739539797
2.5,249,48,5.44,0.855784687456942
2.5,250,49,5.413,0.843384007715978
2.5,251,50,5.405,0.839709732237174
2.5,252,51,5.395,0.83511688788867
2.5,253,52,5.392,0.833739034584118
2.5,254,53,5.448,0.859458962935746
2.5,255,54,5.424,0.848436136499334
2.5,256,55,5.446,0.858540394066045
2.5,257,56,5.416,0.84476186102053
2.5,258,57,5.344,0.811693381711293
2.5,259,58,5.404,0.839250447802324
2.5,260,59,5.346,0.812611950580995
2.5,261,60,5.342,0.810774812841593
2.5,262,61,5.253,0.769898498139898
2.5,263,62,5.279,0.781839893446012
2.5,264,63,5.357,0.81766407936435
2.5,265,64,5.335,0.807559821797639
2.5,266,65,5.356,0.817204794929499
2.5,267,66,5.318,0.799751986405181
2.5,268,67,5.289,0.786432737794516
2.5,269,68,5.215,0.752445689615579
2.5,270,69,5.137,0.716621503697239
2.5,271,70,5.242,0.764846369356542
2.5,272,71,5.255,0.770817067009599
2.5,273,72,5.275,0.780002755706609
2.5,274,73,5.212,0.751067836311027
2.5,275,74,5.308,0.795159142056675
2.5,276,75,5.282,0.783217746750562
2.5,277,76,5.247,0.767142791530795
2.5,278,77,5.159,0.726725761263951
2.5,279,78,5.274,0.779543471271758
2.5,280,79,5.233,0.760712809442888
2.5,281,80,5.223,0.756119965094383
2.5,282,81,5.189,0.740504294309466
2.5,283,82,5.094,0.696872272998668
2.5,284,83,5.172,0.732696458917007
2.5,285,84,5.252,0.769439213705047
2.5,286,85,5.265,0.775409911358104
2.5,287,86,5.2,0.745556423092821
2.5,288,87,5.18,0.736370734395811
2.5,289,88,5.132,0.714325081522988
2.5,290,89,5.175,0.734074312221559
2.5,291,90,5.145,0.720295779176044
2.5,292,91,5.178,0.73545216552611
2.5,293,92,5.038,0.67115234464704
2.5,294,93,5.115,0.706517246130528
2.5,295,94,5.106,0.702383686216874
2.5,296,95,5.2,0.745556423092821
2.5,297,96,5.077,0.68906443760621
2.5,298,97,5.087,0.693657281954714
2.5,299,98,5.176,0.734533596656409
2.5,300,99,5.097,0.698250126303219
2.5,301,100,5.134,0.715243650392688
2.5,302,101,5.078,0.68952372204106
2.5,303,102,5.168,0.730859321177606
2.5,304,103,5.186,0.739126441004914
2.5,305,104,5.103,0.701005832912322
2.5,306,105,5.135,0.715702934827539
2.5,307,106,5.084,0.692279428650163
2.5,308,107,5.015,0.660588802645478
2.5,309,108,5.079,0.68998300647591
2.5,310,109,5.076,0.688605153171359
2.5,311,110,5.058,0.68033803334405
2.5,312,111,5.028,0.666559500298535
2.5,313,112,4.947,0.629357461075644
2.5,314,113,5.027,0.666100215863684
2.5,315,114,5.016,0.661048087080329
2.5,316,115,5.116,0.706976530565379
2.5,317,116,5.031,0.667937353603086
2.5,318,117,5.092,0.695953704128967
2.5,319,118,5.001,0.654158820557572
2.5,320,119,5.083,0.691820144215313
2.5,321,120,5.106,0.702383686216873
2.5,322,121,5.02,0.662885224819731
2.5,323,122,5.037,0.67069306021219
2.5,324,123,4.893,0.604556101593717
2.5,325,124,4.958,0.634409589859
2.5,326,125,4.908,0.611445368116474
2.5,327,126,4.941,0.626601754466541
2.5,328,127,4.981,0.644973131860561
2.5,329,128,4.902,0.608689661507371
2.5,330,129,4.956,0.633491020989299
2.5,331,130,5.05,0.676663757865246
2.5,332,131,5.013,0.659670233775777
2.5,333,132,5.011,0.658751664906076
2.5,334,133,4.954,0.632572452119597
2.5,335,134,4.982,0.645432416295412
2.5,336,135,4.986,0.647269554034813
2.5,337,136,4.966,0.638083865337803
2.5,338,137,4.932,0.622468194552886
2.5,339,138,4.867,0.592614706287604
2.5,340,139,4.927,0.620171772378634
2.5,341,140,4.951,0.631194598815046
2.5,342,141,4.94,0.62614247003169
2.5,343,142,4.89,0.603178248289165
2.5,344,143,4.88,0.59858540394066
2.5,345,144,4.946,0.628898176640794
2.5,346,145,4.933,0.622927478987737
2.5,347,146,4.857,0.588021861939099
2.5,348,147,4.843,0.581591879851192
2.5,349,148,4.909,0.611904652551325
2.5,350,149,4.747,0.537500574105543
2.5,351,150,4.869,0.593533275157305
2.5,352,151,4.887,0.601800394984614
2.5,353,152,4.864,0.591236852983053
2.5,354,153,4.846,0.582969733155743
2.5,355,154,4.88,0.598585403940661
2.5,356,155,4.822,0.571946906719331
2.5,357,156,4.826,0.573784044458733
2.5,358,157,4.802,0.562761218022321
2.5,359,158,4.788,0.556331235934415
2.5,360,159,4.793,0.558627658108667
2.5,361,160,4.715,0.522803472190327
2.5,362,161,4.761,0.543930556193451
2.5,363,162,4.846,0.582969733155743
2.5,364,163,4.701,0.51637349010242
2.5,365,164,4.658,0.496624259403848
2.5,366,165,4.864,0.591236852983052
2.5,367,166,4.825,0.573324760023882
2.5,368,167,4.777,0.551279107151058
2.5,369,168,4.812,0.567354062370826
2.5,370,169,4.798,0.560924080282919
2.5,371,170,4.855,0.587103293069397
2.5,372,171,4.758,0.542552702888899
2.5,373,172,4.744,0.536122720800992
2.5,374,173,4.798,0.560924080282919
2.5,375,174,4.76,0.5434712717586
2.5,376,175,4.683,0.508106370275111
2.5,377,176,4.736,0.532448445322188
2.5,378,177,4.627,0.482386441923483
2.5,379,178,4.699,0.51545492123272
2.5,380,179,4.662,0.498461397143251
2.5,381,180,4.759,0.54301198732375
2.5,382,181,4.744,0.536122720800992
2.5,383,182,4.744,0.536122720800992
2.5,384,183,4.772,0.548982684976806
2.5,385,184,4.699,0.51545492123272
2.5,386,185,4.656,0.495705690534148
2.5,387,186,4.682,0.50764708584026
2.5,388,187,4.606,0.472741468791622
2.5,389,188,4.68,0.50672851697056
2.5,390,189,4.796,0.560005511413218
2.5,391,190,4.699,0.51545492123272
2.5,392,191,4.7,0.51591420566757
2.5,393,192,4.683,0.508106370275111
2.5,394,193,4.625,0.481467873053782
2.5,395,194,4.642,0.489275708446241
2.5,396,195,4.62,0.47917145087953
2.5,397,196,4.617,0.477793597574978
2.5,398,197,4.662,0.498461397143251
2.5,399,198,4.613,0.475956459835576
2.5,400,199,4.634,0.485601432967437
2.5,401,200,4.641,0.48881642401139
2.5,402,201,4.627,0.482386441923483
2.5,403,202,4.633,0.485142148532586
2.5,404,203,4.623,0.480549304184081
2.5,405,204,4.638,0.487438570706839
2.5,406,205,4.59,0.465392917834014
2.5,407,206,4.653,0.494327837229596
2.5,408,207,4.648,0.492031415055344
2.5,409,208,4.596,0.468148624443117
2.5,410,209,4.55,0.447021540439994
2.5,411,210,4.641,0.48881642401139
2.5,412,211,4.504,0.425894456436871
2.5,413,212,4.572,0.457125798006705
2.5,414,213,4.592,0.466311486703716
2.5,415,214,4.605,0.472282184356771
2.5,416,215,4.545,0.444725118265742
2.5,417,216,4.559,0.451155100353649
2.5,418,217,4.523,0.434620860699031
2.5,419,218,4.594,0.467230055573416
2.5,420,219,4.566,0.454370091397602
2.5,421,220,4.618,0.478252882009828
2.5,422,221,4.569,0.455747944702154
2.5,423,222,4.582,0.46171864235521
2.5,424,223,4.531,0.438295136177835
2.5,425,224,4.49,0.419464474348964
2.5,426,225,4.623,0.480549304184081
2.5,427,226,4.556,0.449777247049097
2.5,428,227,4.505,0.426353740871722
2.5,429,228,4.526,0.435998714003582
2.5,430,229,4.626,0.481927157488632
2.5,431,230,4.695,0.513617783493317
2.5,432,231,4.554,0.448858678179396
2.5,433,232,4.531,0.438295136177835
2.5,434,233,4.502,0.42497588756717
2.5,435,234,4.452,0.402011665824645
2.5,436,235,4.508,0.427731594176273
2.5,437,236,4.487,0.418086621044412
2.5,438,237,4.494,0.421301612088366
2.5,439,238,4.49,0.419464474348964
2.5,440,239,4.487,0.418086621044412
2.5,441,240,4.469,0.409819501217103
2.5,442,241,4.516,0.431405869655078
2.5,443,242,4.522,0.43416157626418
2.5,444,243,4.461,0.4061452257383
2.5,445,244,4.441,0.39695953704129
2.5,446,245,4.514,0.430487300785376
2.5,447,246,4.485,0.417168052174712
2.5,448,247,4.558,0.450695815918798
2.5,449,248,4.544,0.444265833830892
2.5,450,249,4.44,0.396500252606439
2.5,451,250,4.413,0.384099572865476
2.5,452,251,4.546,0.445184402700592
2.5,453,252,4.495,0.421760896523217
2.5,454,253,4.472,0.411197354521655
2.5,455,254,4.479,0.414412345565609
2.5,456,255,4.493,0.420842327653515
2.5,457,256,4.453,0.402470950259496
2.5,458,257,4.379,0.368483902080559
2.5,459,258,4.446,0.399255959215542
2.5,460,259,4.347,0.353786800165342
2.5,461,260,4.441,0.39695953704129
2.5,462,261,4.409,0.382262435126074
2.5,463,262,4.524,0.435080145133881
2.5,464,263,4.545,0.444725118265741
2.5,465,264,4.502,0.42497588756717
2.5,466,265,4.419,0.386855279474578
2.5,467,266,4.436,0.394663114867037
2.5,468,267,4.496,0.422220180958067
2.5,469,268,4.439,0.396040968171589
2.5,470,269,4.433,0.393285261562485
2.5,471,270,4.487,0.418086621044413
2.5,472,271,4.462,0.40660451017315
2.5,473,272,4.433,0.393285261562485
2.5,474,273,4.407,0.381343866256373
2.5,475,274,4.408,0.381803150691223
2.5,476,275,4.219,0.294998392504478
2.5,477,276,4.389,0.373076746429063
2.5,478,277,4.354,0.357001791209296
2.5,479,278,4.369,0.363891057732053
2.5,480,279,4.414,0.384558857300326
2.5,481,280,4.367,0.362972488862352
2.5,482,281,4.338,0.349653240251687
2.5,483,282,4.378,0.368024617645708
2.5,484,283,4.451,0.401552381389794
2.5,485,284,4.408,0.381803150691223
2.5,486,285,4.305,0.334496853901621
2.5,487,286,4.362,0.360676066688099
2.5,488,287,4.355,0.357461075644146
2.5,489,288,4.343,0.351949662425939
2.5,490,289,4.352,0.356083222339594
2.5,491,290,4.305,0.334496853901621
2.5,492,291,4.387,0.372158177559362
2.5,493,292,4.341,0.351031093556239
2.5,494,293,4.294,0.329444725118266
2.5,495,294,4.284,0.324851880769761
2.5,496,295,4.332,0.346897533642584
2.5,497,296,4.229,0.299591236852983
2.5,498,297,4.228,0.299131952418132
2.5,499,298,4.21,0.290864832590823
2.5,500,299,4.368,0.363431773297203
2.5,501,300,4.31,0.336793276075874
2.5,502,301,4.356,0.357920360078997
2.5,503,302,4.336,0.348734671381987
2.5,504,303,4.286,0.325770449639461
2.5,505,304,4.391,0.373995315298765
2.5,506,305,4.358,0.358838928948698
2.5,507,306,4.218,0.294539108069627
2.5,508,307,4.304,0.33403756946677
2.5,509,308,4.288,0.326689018509163
2.5,510,309,4.353,0.356542506774445
2.5,511,310,4.243,0.30602121894089
2.5,512,311,4.32,0.341386120424379
2.5,513,312,4.274,0.320259036421256
2.5,514,313,4.329,0.345519680338033
2.5,515,314,4.257,0.312451201028797
2.5,516,315,4.288,0.326689018509163
2.5,517,316,4.258,0.312910485463648
2.5,518,317,4.379,0.368483902080559
2.5,519,318,4.313,0.338171129380425
2.5,520,319,4.213,0.292242685895374
2.5,521,320,4.181,0.277545583980158
2.5,522,321,4.143,0.260092775455839
2.5,523,322,4.277,0.321636889725807
2.5,524,323,4.305,0.334496853901621
2.5,525,324,4.203,0.28764984154687
2.5,526,325,4.204,0.28810912598172
2.5,527,326,4.205,0.288568410416571
2.5,528,327,4.23,0.300050521287833
2.5,529,328,4.301,0.332659716162219
2.5,530,329,4.323,0.34276397372893
2.5,531,330,4.184,0.27892343728471
2.5,532,331,4.246,0.307399072245441
2.5,533,332,4.181,0.277545583980158
2.5,534,333,4.232,0.300969090157535
2.5,535,334,4.197,0.284894134937766
2.5,536,335,4.18,0.277086299545308
2.5,537,336,4.205,0.288568410416571
2.5,538,337,4.171,0.272952739631654
2.5,539,338,4.176,0.275249161805906
2.5,540,339,4.111,0.245395673540623
2.5,541,340,4.138,0.257796353281588
2.5,542,341,4.258,0.312910485463648
2.5,543,342,4.293,0.328985440683415
2.5,544,343,4.242,0.305561934506039
2.5,545,344,4.159,0.267441326413448
2.5,546,345,4.181,0.277545583980159
2.5,547,346,4.114,0.246773526845175
2.5,548,347,4.165,0.270197033022551
2.5,549,348,4.204,0.28810912598172
2.5,550,349,4.204,0.28810912598172
2.5,551,350,4.08,0.231157856060258
2.5,552,351,4.186,0.279842006154411
2.5,553,352,4.091,0.236209984843613
2.5,554,353,4.085,0.23345427823451
2.5,555,354,4.108,0.244017820236072
2.5,556,355,4.122,0.250447802323979
2.5,557,356,4.183,0.27846415284986
2.5,558,357,4.167,0.271115601892251
2.5,559,358,4.184,0.278923437284711
2.5,560,359,4.243,0.30602121894089
2.5,561,360,4.105,0.24263996693152
2.5,562,361,4.047,0.216001469710191
2.5,563,362,4.164,0.2697377485877
2.5,564,363,4.132,0.255040646672485
2.5,565,364,4.12,0.249529233454278
2.5,566,365,4.096,0.238506407017866
2.5,567,366,4.039,0.212327194231387
2.5,568,367,4.178,0.276167730675607
2.5,569,368,4.216,0.293620539199926
2.5,570,369,4.182,0.278004868415009
2.5,571,370,4.086,0.233913562669361
2.5,572,371,4.139,0.258255637716438
2.5,573,372,4.127,0.252744224498232
2.5,574,373,4.161,0.268359895283149
2.5,575,374,4.16,0.267900610848298
2.5,576,375,4.087,0.23437284710421
2.5,577,376,4.13,0.254122077802784
2.5,578,377,4.054,0.219216460754145
2.5,579,378,4.085,0.23345427823451
2.5,580,379,4.129,0.253662793367933
2.5,581,380,4.151,0.263767050934644
2.5,582,381,4.097,0.238965691452716
2.5,583,382,4.084,0.23299499379966
2.5,584,383,4.089,0.235291415973913
2.5,585,384,4.09,0.235750700408763
2.5,586,385,4.081,0.231617140495108
2.5,587,386,4.123,0.25090708675883
2.5,588,387,4.068,0.225646442842052
2.5,589,388,4.107,0.243558535801222
2.5,590,389,4.119,0.249069949019428
2.5,591,390,4.103,0.241721398061819
2.5,592,391,4.113,0.246314242410325
2.5,593,392,4.054,0.219216460754144
2.5,594,393,4.016,0.201763652229826
2.5,595,394,4.014,0.200845083360125
2.5,596,395,4.054,0.219216460754144
2.5,597,396,3.991,0.190281541358563
2.5,598,397,4.043,0.21416433197079
2.5,599,398,4.073,0.227942865016305
2.5,600,399,4.024,0.205437927708629
2.5,601,400,4.079,0.230698571625407
2.5,602,401,4.036,0.210949340926836
2.5,603,402,4.092,0.236669269278464
2.5,604,403,4.112,0.245854957975474
2.5,605,404,4.118,0.248610664584577
2.5,606,405,4.035,0.210490056491986
2.5,607,406,4.138,0.257796353281588
2.5,608,407,4.155,0.265604188674045
2.5,609,408,4.105,0.24263996693152
2.5,610,409,4.065,0.2242685895375
2.5,611,410,4.029,0.207734349882882
2.5,612,411,4.127,0.252744224498232
2.5,613,412,4.083,0.23253570936481
2.5,614,413,4.077,0.229780002755707
2.5,615,414,4.106,0.243099251366371
2.5,616,415,4.138,0.257796353281588
2.5,617,416,3.985,0.18752583474946
2.5,618,417,4.138,0.257796353281587
2.5,619,418,4.112,0.245854957975474
2.5,620,419,4.082,0.232076424929959
2.5,621,420,4.093,0.237128553713315
2.5,622,421,4.053,0.218757176319295
2.5,623,422,4.028,0.207275065448032
2.5,624,423,4.039,0.212327194231387
2.5,625,424,3.968,0.179717999357002
2.5,626,425,4.056,0.220135029623846
2.5,627,426,4.039,0.212327194231387
2.5,628,427,4.01,0.199007945620723
2.5,629,428,3.987,0.188444403619161
2.5,630,429,3.989,0.189362972488862
2.5,631,430,4.053,0.218757176319294
2.5,632,431,3.971,0.181095852661553
2.5,633,432,4.009,0.198548661185872
2.5,634,433,3.94,0.166858035181187
2.5,635,434,4.093,0.237128553713314
2.5,636,435,4.019,0.203141505534377
2.5,637,436,4.061,0.222431451798098
2.5,638,437,4.11,0.244936389105773
2.5,639,438,4.015,0.201304367794975
2.5,640,439,3.968,0.179717999357001
2.5,641,440,3.841,0.121388876130988
2.5,642,441,3.916,0.155835208744775
2.5,643,442,3.928,0.161346621962981
2.5,644,443,4.064,0.22380930510265
2.5,645,444,4.067,0.225187158407202
2.5,646,445,4.064,0.22380930510265
2.5,647,446,3.965,0.17834014605245
2.5,648,447,3.94,0.166858035181188
2.5,649,448,4.011,0.199467230055573
2.5,650,449,3.947,0.170073026225141
2.5,651,450,3.968,0.179717999357001
2.5,652,451,3.968,0.179717999357001
2.5,653,452,3.981,0.185688697010058
2.5,654,453,3.838,0.120011022826436
2.5,655,454,4.017,0.202222936664676
2.5,656,455,3.968,0.179717999357002
2.5,657,456,4.034,0.210030772057135
2.5,658,457,3.971,0.181095852661553
2.5,659,458,3.982,0.186147981444909
2.5,660,459,3.951,0.171910163964543
2.5,661,460,3.986,0.187985119184311
2.5,662,461,4.086,0.233913562669361
2.5,663,462,3.972,0.181555137096404
2.5,664,463,4.019,0.203141505534378
2.5,665,464,3.963,0.177421577182749
2.5,666,465,3.963,0.177421577182749
2.5,667,466,3.948,0.170532310659991
2.5,668,467,3.894,0.145730951178065
2.5,669,468,3.89,0.143893813438662
2.5,670,469,3.963,0.177421577182749
2.5,671,470,3.888,0.142975244568962
2.5,672,471,3.924,0.15950948422358
2.5,673,472,3.986,0.187985119184311
2.5,674,473,3.963,0.177421577182749
2.5,675,474,3.926,0.16042805309328
2.5,676,475,3.9,0.148486657787167
2.5,677,476,3.957,0.174665870573646
2.5,678,477,3.892,0.144812382308364
2.5,679,478,3.935,0.164561613006935
2.5,680,479,3.946,0.169613741790291
2.5,681,480,3.934,0.164102328572085
2.5,682,481,3.967,0.179258714922152
2.5,683,482,3.871,0.135167409176503
2.5,684,483,3.867,0.133330271437101
2.5,685,484,3.921,0.158131630919028
2.5,686,485,3.95,0.171450879529692
2.5,687,486,3.91,0.153079502135673
2.5,688,487,4.065,0.2242685895375
2.5,689,488,3.914,0.154916639875075
2.5,690,489,3.938,0.165939466311487
2.5,691,490,4.056,0.220135029623846
2.5,692,491,3.949,0.170991595094842
2.5,693,492,3.919,0.157213062049327
2.5,694,493,3.854,0.127359573784045
2.5,695,494,3.929,0.161805906397832
2.5,696,495,3.887,0.142515960134111
2.5,697,496,3.788,0.0970468010839113
2.5,698,497,3.891,0.144353097873513
2.5,699,498,3.944,0.16869517292059
2.5,700,499,3.887,0.142515960134111
2.5,701,500,3.933,0.163643044137234
2.5,702,501,3.898,0.147568088917467
2.5,703,502,3.967,0.179258714922151
2.5,704,503,3.929,0.161805906397832
2.5,705,504,3.889,0.143434529003812
2.5,706,505,3.808,0.106232489780921
2.5,707,506,3.938,0.165939466311486
2.5,708,507,3.932,0.163183759702384
2.5,709,508,3.876,0.137463831350755
2.5,710,509,3.938,0.165939466311487
2.5,711,510,3.961,0.176503008313048
2.5,712,511,3.888,0.142975244568962
2.5,713,512,3.958,0.175125155008497
2.5,714,513,3.803,0.103936067606668
2.5,715,514,3.877,0.137923115785606
2.5,716,515,3.868,0.133789555871952
2.5,717,516,3.848,0.124603867174941
2.5,718,517,3.85,0.125522436044642
2.5,719,518,3.885,0.14159739126441
2.5,720,519,3.824,0.11358104073853
2.5,721,520,3.848,0.124603867174942
2.5,722,521,3.927,0.160887337528131
2.5,723,522,3.893,0.145271666743214
2.5,724,523,3.842,0.121848160565839
2.5,725,524,3.858,0.129196711523447
2.5,726,525,3.827,0.114958894043081
2.5,727,526,3.812,0.108069627520323
2.5,728,527,3.891,0.144353097873513
2.5,729,528,3.862,0.131033849262848
2.5,730,529,3.804,0.104395352041519
2.5,731,530,3.939,0.166398750746337
2.5,732,531,3.917,0.156294493179626
2.5,733,532,3.988,0.188903688054012
2.5,734,533,3.897,0.147108804482616
2.5,735,534,3.897,0.147108804482616
2.5,736,535,3.862,0.131033849262848
2.5,737,536,3.871,0.135167409176503
2.5,738,537,3.849,0.125063151609792
2.5,739,538,3.866,0.13287098700225
2.5,740,539,3.943,0.168235888485739
2.5,741,540,3.846,0.12368529830524
2.5,742,541,3.914,0.154916639875074
2.5,743,542,3.8,0.102558214302117
2.5,744,543,3.77,0.0887796812566021
2.5,745,544,3.821,0.112203187433978
2.5,746,545,3.897,0.147108804482616
2.5,747,546,3.877,0.137923115785606
2.5,748,547,3.976,0.183392274835806
2.5,749,548,3.89,0.143893813438662
2.5,750,549,3.857,0.128737427088596
2.5,751,550,3.816,0.109906765259725
2.5,752,551,3.858,0.129196711523446
2.5,753,552,3.885,0.14159739126441
2.5,754,553,3.839,0.120470307261287
2.5,755,554,3.835,0.118633169521885
2.5,756,555,3.823,0.113121756303679
2.5,757,556,3.928,0.161346621962981
2.5,758,557,3.8,0.102558214302117
2.5,759,558,3.875,0.137004546915905
2.5,760,559,3.924,0.15950948422358
2.5,761,560,3.861,0.130574564827998
2.5,762,561,3.811,0.107610343085473
2.5,763,562,3.816,0.109906765259725
2.5,764,563,3.789,0.0975060855187613
2.5,765,564,3.827,0.114958894043081
2.5,766,565,3.819,0.111284618564277
2.5,767,566,3.816,0.109906765259725
2.5,768,567,3.818,0.110825334129426
2.5,769,568,3.83,0.116336747347633
2.5,770,569,3.763,0.0855646902126487
2.5,771,570,3.87,0.134708124741652
2.5,772,571,3.846,0.12368529830524
2.5,773,572,3.868,0.133789555871951
2.5,774,573,3.793,0.0993432232581639
2.5,775,574,3.822,0.112662471868828
2.5,776,575,3.846,0.12368529830524
2.5,777,576,3.759,0.0837275524732463
2.5,778,577,3.783,0.0947503789096584
2.5,779,578,3.807,0.105773205346071
2.5,780,579,3.825,0.11404032517338
2.5,781,580,3.843,0.122307445000689
2.5,782,581,3.815,0.109447480824875
2.5,783,582,3.833,0.117714600652184
2.5,784,583,3.761,0.0846461213429474
2.5,785,584,3.842,0.121848160565839
2.5,786,585,3.737,0.0736232949065351
2.5,787,586,3.826,0.11449960960823
2.5,788,587,3.831,0.116796031782483
2.5,789,588,3.696,0.054792633077665
2.5,790,589,3.691,0.0524962109034125
2.5,791,590,3.719,0.0653561750792262
2.5,792,591,3.858,0.129196711523447
2.5,793,592,3.81,0.107151058650622
2.5,794,593,3.833,0.117714600652184
2.5,795,594,3.74,0.0750011482110865
2.5,796,595,3.695,0.0543333486428141
2.5,797,596,3.661,0.0387176778578971
2.5,798,597,3.828,0.115418178477931
2.5,799,598,3.751,0.0800532769944425
2.5,800,599,3.783,0.0947503789096584
2.5,801,600,3.809,0.106691774215772
2.5,802,601,3.815,0.109447480824875
2.5,803,602,3.842,0.121848160565838
2.5,804,603,3.939,0.166398750746337
2.5,805,604,3.855,0.127818858218895
2.5,806,605,3.801,0.103017498736967
2.5,807,606,3.87,0.134708124741652
2.5,808,607,3.729,0.0699490194277317
2.5,809,608,3.757,0.0828089836035456
2.5,810,609,3.788,0.0970468010839113
2.5,811,610,3.855,0.127818858218895
2.5,812,611,3.806,0.10531392091122
2.5,813,612,3.828,0.115418178477931
2.5,814,613,3.82,0.111743902999127
2.5,815,614,3.787,0.096587516649061
2.5,816,615,3.786,0.09612823221421
2.5,817,616,3.742,0.0759197170807878
2.5,818,617,3.765,0.0864832590823494
2.5,819,618,3.811,0.107610343085473
2.5,820,619,3.772,0.089698250126303
2.5,821,620,3.71,0.0612226151655717
2.5,822,621,3.791,0.0984246543884626
2.5,823,622,3.816,0.109906765259725
2.5,824,623,3.812,0.108069627520323
2.5,825,624,3.783,0.0947503789096586
2.5,826,625,3.842,0.121848160565838
2.5,827,626,3.755,0.0818904147338447
2.5,828,627,3.767,0.0874018279520508
2.5,829,628,3.808,0.106232489780921
2.5,830,629,3.761,0.0846461213429478
2.5,831,630,3.806,0.10531392091122
2.5,832,631,3.774,0.0906168189960037
2.5,833,632,3.717,0.0644376062095257
2.5,834,633,3.752,0.0805125614292934
2.5,835,634,3.852,0.126441004914343
2.5,836,635,3.856,0.128278142653745
2.5,837,636,3.88,0.139300969090158
2.5,838,637,3.843,0.122307445000689
2.5,839,638,3.884,0.141138106829559
2.5,840,639,3.862,0.131033849262848
2.5,841,640,3.703,0.0580076241216185
2.5,842,641,3.659,0.0377991089881966
2.5,843,642,3.68,0.0474440821200569
2.5,844,643,3.814,0.108988196390024
2.5,845,644,3.743,0.0763790015156379
2.5,846,645,3.721,0.0662747439489267
2.5,847,646,3.735,0.0727047260368347
2.5,848,647,3.785,0.0956689477793597
2.5,849,648,3.83,0.116336747347633
2.5,850,649,3.728,0.0694897349928809
2.5,851,650,3.832,0.117255316217333
2.5,852,651,3.722,0.0667340283837776
2.5,853,652,3.629,0.0240205759426812
2.5,854,653,3.632,0.0253984292472326
2.5,855,654,3.661,0.0387176778578973
2.5,856,655,3.708,0.060304046295871
2.5,857,656,3.735,0.0727047260368347
2.5,858,657,3.73,0.0704083038625824
2.5,859,658,3.709,0.0607633307307215
2.5,860,659,3.688,0.0511183575988607
2.5,861,660,3.771,0.0892389656914524
2.5,862,661,3.777,0.0919946723005553
2.5,863,662,3.803,0.103936067606669
2.5,864,663,3.679,0.0469847976852061
2.5,865,664,3.614,0.0171313094199234
2.5,866,665,3.72,0.0658154595140775
2.5,867,666,3.796,0.100721076562715
2.5,868,667,3.846,0.12368529830524
2.5,869,668,3.77,0.0887796812566019
2.5,870,669,3.774,0.0906168189960039
2.5,871,670,3.712,0.0621411840352728
2.5,872,671,3.716,0.0639783217746746
2.5,873,672,3.736,0.0731640104716857
2.5,874,673,3.757,0.082808983603546
2.5,875,674,3.787,0.096587516649061
2.5,876,675,3.677,0.0460662288155056
2.5,877,676,3.775,0.0910761034308548
2.5,878,677,3.8,0.102558214302117
2.5,879,678,3.759,0.0837275524732463
2.5,880,679,3.67,0.0428512377715516
2.5,881,680,3.709,0.0607633307307209
2.5,882,681,3.776,0.0915353878657056
2.5,883,682,3.736,0.0731640104716851
2.5,884,683,3.777,0.0919946723005553
2.5,885,684,3.758,0.0832682680383963
2.5,886,685,3.701,0.0570890552519172
2.5,887,686,3.741,0.0754604326459378
2.5,888,687,3.682,0.0483626509897578
2.5,889,688,3.705,0.0589261929913195
2.5,890,689,3.645,0.0313691269002895
2.5,891,690,3.743,0.0763790015156387
2.5,892,691,3.734,0.0722454416019834
2.5,893,692,3.747,0.0782161392550405
2.5,894,693,3.757,0.0828089836035454
2.5,895,694,3.785,0.0956689477793599
2.5,896,695,3.739,0.0745418637762365
2.5,897,696,3.722,0.066734028383778
2.5,898,697,3.696,0.0547926330776648
2.5,899,698,3.738,0.0740825793413862
2.5,900,699,3.724,0.0676525972534791
2.5,901,700,3.839,0.120470307261287
2.5,902,701,3.739,0.0745418637762363
2.5,903,702,3.64,0.0290727047260366
2.5,904,703,3.615,0.0175905938547741
2.5,905,704,3.645,0.0313691269002888
2.5,906,705,3.628,0.0235612915078308
2.5,907,706,3.733,0.0717861571671333
2.5,908,707,3.738,0.0740825793413862
2.5,909,708,3.655,0.0359619712487942
2.5,910,709,3.731,0.0708675882974322
2.5,911,710,3.734,0.072245441601984
2.5,912,711,3.787,0.096587516649061
2.5,913,712,3.79,0.0979653699536124
2.5,914,713,3.752,0.080512561429293
2.5,915,714,3.796,0.100721076562715
2.5,916,715,3.743,0.0763790015156385
2.5,917,716,3.73,0.0704083038625824
2.5,918,717,3.718,0.0648968906443759
2.5,919,718,3.71,0.0612226151655717
2.5,920,719,3.711,0.0616818996004224
2.5,921,720,3.769,0.0883203968217517
2.5,922,721,3.766,0.0869425435172003
2.5,923,722,3.652,0.0345841179442426
2.5,924,723,3.725,0.0681118816883293
2.5,925,724,3.706,0.0593854774261701
2.5,926,725,3.618,0.0189684471593256
2.5,927,726,3.685,0.0497405042943094
2.5,928,727,3.691,0.0524962109034123
2.5,929,728,3.801,0.103017498736968
2.5,930,729,3.755,0.0818904147338445
2.5,931,730,3.658,0.0373398245533455
2.5,932,731,3.712,0.062141184035273
2.5,933,732,3.707,0.0598447618610202
2.5,934,733,3.734,0.0722454416019838
2.5,935,734,3.635,0.0267762825517845
2.5,936,735,3.685,0.0497405042943094
2.5,937,736,3.742,0.075919717080788
2.5,938,737,3.702,0.0575483396867681
2.5,939,738,3.688,0.0511183575988607
2.5,940,739,3.624,0.0217241537684287
2.5,941,740,3.673,0.0442290910761029
2.5,942,741,3.628,0.0235612915078308
2.5,943,742,3.637,0.027694851421485
2.5,944,743,3.683,0.0488219354246085
2.5,945,744,3.795,0.100261792127864
2.5,946,745,3.74,0.0750011482110867
2.5,947,746,3.689,0.0515776420337114
2.5,948,747,3.685,0.049740504294309
2.5,949,748,3.62,0.0198870160290269
2.5,950,749,3.73,0.0704083038625822
3,1,-200,4.099,-0.00620932146330514
3,2,-199,4.253,0.0657963641804444
3,3,-198,4.202,0.0419503254282939
3,4,-197,4.089,-0.0108850153362758
3,5,-196,4.129,0.00781776015560723
3,6,-195,4.144,0.0148313009650632
3,7,-194,4.123,0.00501234383182426
3,8,-193,4.163,0.0237151193237077
3,9,-192,4.14,0.0129610234158743
3,10,-191,4.204,0.0428854642028871
3,11,-190,4.244,0.0615882396947705
3,12,-189,4.143,0.014363731577766
3,13,-188,4.184,0.0335340764569458
3,14,-187,4.182,0.0325989376823514
3,15,-186,4.079,-0.0155607092092469
3,16,-185,4.096,-0.00761202962519642
3,17,-184,4.153,0.019039425450737
3,18,-183,4.051,-0.0286526520535652
3,19,-182,4.032,-0.0375364704122092
3,20,-181,3.965,-0.0688636193611136
3,21,-180,4.066,-0.0216391112441088
3,22,-179,4.044,-0.0319256377646441
3,23,-178,4.026,-0.0403418867359914
3,24,-177,4.037,-0.0351986234757235
3,25,-176,4.041,-0.0333283459265354
3,26,-175,4.097,-0.0071444602378996
3,27,-174,4.166,0.025117827485599
3,28,-173,4.112,-0.000130919428443623
3,29,-172,4.125,0.00594748260641872
3,30,-171,4.083,-0.0136904316600579
3,31,-170,4.137,0.0115583152539834
3,32,-169,4.168,0.0260529662601926
3,33,-168,4.099,-0.00620932146330597
3,34,-167,4.095,-0.00807959901249323
3,35,-166,4.155,0.0199745642253307
3,36,-165,4.153,0.019039425450737
3,37,-164,4.129,0.00781776015560723
3,38,-163,4.207,0.0442881723647784
3,39,-162,4.218,0.0494314356250467
3,40,-161,4.147,0.0162340091269549
3,41,-160,4.121,0.0040772050572298
3,42,-159,4.121,0.00407720505723021
3,43,-158,4.189,0.0358719233934316
3,44,-157,4.138,0.0120258846412811
3,45,-156,4.081,-0.0146255704346528
3,46,-155,4.141,0.0134285928031719
3,47,-154,4.073,-0.018366125533029
3,48,-153,4.081,-0.0146255704346524
3,49,-152,4.034,-0.0366013316376148
3,50,-151,4.091,-0.00994987656168216
3,51,-150,4.087,-0.0118201541108707
3,52,-149,4.106,-0.00293633575222618
3,53,-148,4.102,-0.00480661330141386
3,54,-147,4.019,-0.0436148724470708
3,55,-146,4.03,-0.0384716091868037
3,56,-145,4.029,-0.0389391785741001
3,57,-144,4.22,0.0503665743996412
3,58,-143,4.106,-0.00293633575222618
3,59,-142,4.105,-0.00340390513952341
3,60,-141,4.106,-0.00293633575222618
3,61,-140,4.171,0.0274556744220843
3,62,-139,4.15,0.0176367172888462
3,63,-138,4.154,0.0195069948380339
3,64,-137,4.187,0.0349367846188371
3,65,-136,4.135,0.0106231764793898
3,66,-135,4.217,0.0489638662377499
3,67,-134,4.273,0.0751477519263861
3,68,-133,4.276,0.076550460088277
3,69,-132,4.239,0.0592503927582852
3,70,-131,4.268,0.0728099049898999
3,71,-130,4.124,0.00547991321912149
3,72,-129,4.132,0.00922046831749851
3,73,-128,4.124,0.0054799132191219
3,74,-127,4.176,0.0297935213585692
3,75,-126,4.188,0.0354043540061343
3,76,-125,4.206,0.043820602977482
3,77,-124,4.182,0.0325989376823514
3,78,-123,4.07,-0.0197688336949203
3,79,-122,4.129,0.00781776015560723
3,80,-121,4.055,-0.0267823745043767
3,81,-120,4.067,-0.0211715418568116
3,82,-119,4.028,-0.0394067479613973
3,83,-118,4.064,-0.0225742500187028
3,84,-117,4.052,-0.0281850826662679
3,85,-116,4.164,0.0241826887110041
3,86,-115,4.077,-0.0164958479838405
3,87,-114,4.068,-0.0207039724695143
3,88,-113,4.057,-0.025847235729783
3,89,-112,4.02,-0.0431473030597739
3,90,-111,4.052,-0.0281850826662679
3,91,-110,3.98,-0.0618500785516572
3,92,-109,4.043,-0.0323932071519418
3,93,-108,4.081,-0.0146255704346524
3,94,-107,4.054,-0.0272499438916739
3,95,-106,4.088,-0.0113525847235734
3,96,-105,4.029,-0.0389391785741005
3,97,-104,4.034,-0.0366013316376148
3,98,-103,4.08,-0.0150931398219492
3,99,-102,4.038,-0.0347310540884263
3,100,-101,4.081,-0.0146255704346524
3,101,-100,4.12,0.00360963566993298
3,102,-99,4.182,0.0325989376823514
3,103,-98,4.137,0.0115583152539834
3,104,-97,4.144,0.0148313009650636
3,105,-96,4.14,0.0129610234158747
3,106,-95,4.173,0.0283908131966779
3,107,-94,4.135,0.0106231764793898
3,108,-93,4.193,0.0377422009426201
3,109,-92,4.155,0.0199745642253307
3,110,-91,4.137,0.0115583152539834
3,111,-90,4.112,-0.000130919428443623
3,112,-89,4.011,-0.0473554275454482
3,113,-88,4.124,0.0054799132191219
3,114,-87,4.15,0.0176367172888462
3,115,-86,4.219,0.0498990050123435
3,116,-85,4.165,0.0246502580983017
3,117,-84,4.04,-0.0337959153138326
3,118,-83,4.109,-0.0015336275903349
3,119,-82,4.22,0.0503665743996412
3,120,-81,4.187,0.0349367846188379
3,121,-80,4.124,0.00547991321912149
3,122,-79,4.153,0.019039425450737
3,123,-78,4.217,0.0489638662377499
3,124,-77,4.075,-0.0174309867584354
3,125,-76,4.099,-0.00620932146330555
3,126,-75,4.088,-0.0113525847235734
3,127,-74,4.212,0.0466260193012641
3,128,-73,4.149,0.0171691479015481
3,129,-72,4.105,-0.003403905139523
3,130,-71,4.122,0.00454477444452744
3,131,-70,4.122,0.00454477444452744
3,132,-69,4.132,0.00922046831749851
3,133,-68,4.069,-0.0202364030822179
3,134,-67,4.128,0.00735019076831
3,135,-66,4.06,-0.0244445275678909
3,136,-65,4.072,-0.0188336949203258
3,137,-64,4.123,0.00501234383182467
3,138,-63,4.151,0.0181042866761426
3,139,-62,4.075,-0.017430986758435
3,140,-61,4.078,-0.0160282785965437
3,141,-60,4.088,-0.0113525847235734
3,142,-59,4.093,-0.00901473778708811
3,143,-58,4.113,0.000336649958854023
3,144,-57,4.131,0.00875289893020128
3,145,-56,4.217,0.0489638662377499
3,146,-55,4.148,0.0167015785142521
3,147,-54,4.122,0.00454477444452744
3,148,-53,4.156,0.0204421336126283
3,149,-52,4.244,0.0615882396947705
3,150,-51,4.127,0.00688262138101318
3,151,-50,4.014,-0.0459527193835565
3,152,-49,4.115,0.00127178873344765
3,153,-48,4.053,-0.0277175132789711
3,154,-47,4.126,0.00641505199371595
3,155,-46,4.095,-0.00807959901249323
3,156,-45,4.091,-0.00994987656168216
3,157,-44,4.12,0.0036096356699334
3,158,-43,4.172,0.0279232438093811
3,159,-42,4.085,-0.0127552928854643
3,160,-41,4.04,-0.0337959153138326
3,161,-40,4.152,0.0185718560634394
3,162,-39,4.176,0.0297935213585692
3,163,-38,4.102,-0.00480661330141386
3,164,-37,4.094,-0.00854716839979088
3,165,-36,4.073,-0.018366125533029
3,166,-35,4.028,-0.0394067479613973
3,167,-34,4.077,-0.0164958479838405
3,168,-33,4.119,0.00314206628263616
3,169,-32,4.154,0.0195069948380343
3,170,-31,4.138,0.0120258846412815
3,171,-30,4.065,-0.022106680631406
3,172,-29,4.02,-0.0431473030597744
3,173,-28,4.073,-0.018366125533029
3,174,-27,4.011,-0.0473554275454486
3,175,-26,4.089,-0.0108850153362754
3,176,-25,4.255,0.0667315029550388
3,177,-24,4.18,0.0316637989077577
3,178,-23,4.061,-0.0239769581805941
3,179,-22,4.118,0.00267449689533893
3,180,-21,4.163,0.0237151193237077
3,181,-20,4.197,0.0396124784918082
3,182,-19,4.258,0.0681342111169297
3,183,-18,4.093,-0.00901473778708769
3,184,-17,4.125,0.00594748260641872
3,185,-16,4.141,0.0134285928031723
3,186,-15,4.112,-0.000130919428443623
3,187,-14,4.196,0.0391449091045113
3,188,-13,4.139,0.0124934540285779
3,189,-12,3.977,-0.0632527867135482
3,190,-11,4.057,-0.0258472357297826
3,191,-10,4.15,0.0176367172888458
3,192,-9,4.17,0.0269881050347866
3,193,-8,4.128,0.00735019076831
3,194,-7,4.138,0.0120258846412807
3,195,-6,4.156,0.0204421336126283
3,196,-5,4.074,-0.0178985561457318
3,197,-4,4.127,0.00688262138101277
3,198,-3,4.047,-0.0305229296027524
3,199,-2,4.087,-0.0118201541108702
3,200,-1,4.183,0.033066507069649
3,201,0,5.715,0.749382808408768
3,202,1,6.075,0.917707787835715
3,203,2,6.119,0.938280840876786
3,204,3,6.168,0.961191740854344
3,205,4,6.135,0.94576195107354
3,206,5,6.179,0.966335004114611
3,207,6,6.229,0.989713473479465
3,208,7,6.1,0.929397022518141
3,209,8,6.251,1
3,210,9,6.169,0.96165931024164
3,211,10,6.145,0.95043764494651
3,212,11,6.138,0.947164659235431
3,213,12,6.094,0.926591606194359
3,214,13,6.114,0.935942993940301
3,215,14,6.034,0.898537442956535
3,216,15,6.039,0.90087528989302
3,217,16,6.105,0.931734869454627
3,218,17,6.158,0.956516046981372
3,219,18,6.048,0.905083414378694
3,220,19,6.023,0.893394179696267
3,221,20,5.994,0.879834667464652
3,222,21,6.029,0.89619959602005
3,223,22,6.05,0.906018553153288
3,224,23,5.992,0.878899528690058
3,225,24,6.02,0.891991471534376
3,226,25,6.049,0.905550983765991
3,227,26,5.999,0.882172514401138
3,228,27,5.993,0.879367098077355
3,229,28,5.972,0.869548140944116
3,230,29,5.953,0.860664322585472
3,231,30,5.998,0.88170494501384
3,232,31,5.968,0.867677863394928
3,233,32,5.93,0.849910226677639
3,234,33,5.961,0.864404877683849
3,235,34,5.965,0.866275155233037
3,236,35,5.979,0.872821126655196
3,237,36,6.079,0.919578065384903
3,238,37,5.894,0.833077728734945
3,239,38,5.974,0.87048327971871
3,240,39,6.02,0.891991471534376
3,241,40,5.97,0.868613002169522
3,242,41,5.888,0.830272312411162
3,243,42,5.915,0.842896685868183
3,244,43,5.976,0.871418418493305
3,245,44,5.897,0.834480436896836
3,246,45,5.944,0.856456198099798
3,247,46,5.927,0.848507518515748
3,248,47,5.945,0.856923767487095
3,249,48,5.935,0.852248073614124
3,250,49,5.943,0.855988628712501
3,251,50,5.939,0.854118351163313
3,252,51,5.871,0.822323632827112
3,253,52,5.883,0.827934465474677
3,254,53,5.864,0.819050647116032
3,255,54,5.897,0.834480436896836
3,256,55,5.827,0.801750579786041
3,257,56,5.789,0.783982943068751
3,258,57,5.831,0.803620857335229
3,259,58,5.816,0.796607316525773
3,260,59,5.848,0.811569536919279
3,261,60,5.786,0.78258023490686
3,262,61,5.809,0.793334330814693
3,263,62,5.835,0.805491134884417
3,264,63,5.834,0.80502356549712
3,265,64,5.825,0.800815441011446
3,266,65,5.865,0.819518216503329
3,267,66,5.775,0.777436971646593
3,268,67,5.783,0.781177526744969
3,269,68,5.787,0.783047804294158
3,270,69,5.712,0.747980100246877
3,271,70,5.796,0.787255928779831
3,272,71,5.806,0.791931622652801
3,273,72,5.789,0.783982943068751
3,274,73,5.703,0.743771975761203
3,275,74,5.744,0.762942320640383
3,276,75,5.754,0.767618014513354
3,277,76,5.784,0.781645096132267
3,278,77,5.735,0.75873419615471
3,279,78,5.749,0.765280167576868
3,280,79,5.664,0.725536769656617
3,281,80,5.695,0.740031420662827
3,282,81,5.673,0.72974489414229
3,283,82,5.627,0.708236702326626
3,284,83,5.742,0.762007181865789
3,285,84,5.76,0.770423430837137
3,286,85,5.666,0.726471908431212
3,287,86,5.728,0.75546121044363
3,288,87,5.712,0.747980100246876
3,289,88,5.701,0.742836836986609
3,290,89,5.723,0.753123363507145
3,291,90,5.635,0.711977257425002
3,292,91,5.682,0.733953018627964
3,293,92,5.655,0.721328645170943
3,294,93,5.608,0.699352883967981
3,295,94,5.618,0.704028577840952
3,296,95,5.579,0.685793371736366
3,297,96,5.571,0.68205281663799
3,298,97,5.616,0.703093439066357
3,299,98,5.702,0.743304406373906
3,300,99,5.606,0.698417745193387
3,301,100,5.646,0.717120520685269
3,302,101,5.699,0.741901698212015
3,303,102,5.653,0.72039350639635
3,304,103,5.751,0.766215306351463
3,305,104,5.642,0.715250243136082
3,306,105,5.627,0.708236702326626
3,307,106,5.561,0.677377122765018
3,308,107,5.696,0.740498990050124
3,309,108,5.6,0.695612328869604
3,310,109,5.619,0.704496147228249
3,311,110,5.584,0.688131218672851
3,312,111,5.651,0.719458367621755
3,313,112,5.551,0.672701428892048
3,314,113,5.562,0.677844692152315
3,315,114,5.664,0.725536769656617
3,316,115,5.573,0.682987955412584
3,317,116,5.524,0.660077055435027
3,318,117,5.621,0.705431286002843
3,319,118,5.524,0.660077055435027
3,320,119,5.527,0.661479763596918
3,321,120,5.523,0.65960948604773
3,322,121,5.571,0.68205281663799
3,323,122,5.551,0.672701428892047
3,324,123,5.549,0.671766290117454
3,325,124,5.515,0.655868930949353
3,326,125,5.463,0.631555322809905
3,327,126,5.51,0.653531084012868
3,328,127,5.518,0.657271639111244
3,329,128,5.443,0.622203935063964
3,330,129,5.512,0.654466222787462
3,331,130,5.385,0.595084910600733
3,332,131,5.511,0.653998653400165
3,333,132,5.474,0.636698586070173
3,334,133,5.425,0.613787686092616
3,335,134,5.437,0.619398518740181
3,336,135,5.451,0.62594449016234
3,337,136,5.488,0.643244557492332
3,338,137,5.403,0.603501159572081
3,339,138,5.425,0.613787686092616
3,340,139,5.444,0.622671504451261
3,341,140,5.34,0.574044288172365
3,342,141,5.321,0.565160469813721
3,343,142,5.321,0.565160469813721
3,344,143,5.41,0.60677414528316
3,345,144,5.382,0.593682202438842
3,346,145,5.338,0.57310914939777
3,347,146,5.323,0.566095608588315
3,348,147,5.334,0.571238871848582
3,349,148,5.376,0.590876786115059
3,350,149,5.342,0.574979426946959
3,351,150,5.392,0.598357896311813
3,352,151,5.372,0.589006508565871
3,353,152,5.319,0.564225331039126
3,354,153,5.345,0.576382135108851
3,355,154,5.367,0.586668661629386
3,356,155,5.287,0.54926311064562
3,357,156,5.347,0.577317273883444
3,358,157,5.331,0.569836163686691
3,359,158,5.277,0.544587416772649
3,360,159,5.279,0.545522555547243
3,361,160,5.307,0.558614498391561
3,362,161,5.392,0.598357896311812
3,363,162,5.395,0.599760604473704
3,364,163,5.425,0.613787686092616
3,365,164,5.377,0.591344355502357
3,366,165,5.38,0.592747063664248
3,367,166,5.308,0.559082067778858
3,368,167,5.257,0.535236029026708
3,369,168,5.216,0.516065684147527
3,370,169,5.349,0.578252412658038
3,371,170,5.23,0.522611655569686
3,372,171,5.261,0.537106306575896
3,373,172,5.295,0.553003665743996
3,374,173,5.161,0.490349367846188
3,375,174,5.27,0.541314431061571
3,376,175,5.261,0.537106306575896
3,377,176,5.307,0.558614498391561
3,378,177,5.248,0.531027904541034
3,379,178,5.278,0.545054986159946
3,380,179,5.275,0.543652277998056
3,381,180,5.345,0.576382135108851
3,382,181,5.221,0.518403531084013
3,383,182,5.275,0.543652277998055
3,384,183,5.271,0.541782000448867
3,385,184,5.297,0.553938804518591
3,386,185,5.244,0.529157626991846
3,387,186,5.169,0.494089922944565
3,388,187,5.177,0.497830478042942
3,389,188,5.159,0.489414229071595
3,390,189,5.194,0.505779157626992
3,391,190,5.117,0.469776314805117
3,392,191,5.229,0.52214408618239
3,393,192,5.219,0.517468392309419
3,394,193,5.173,0.495960200493753
3,395,194,5.243,0.528690057604548
3,396,195,5.184,0.501103463754021
3,397,196,5.15,0.485206104585921
3,398,197,5.108,0.465568190319443
3,399,198,5.067,0.446397845440264
3,400,199,5.1,0.461827635221066
3,401,200,5.145,0.482868257649435
3,402,201,5.155,0.487543951522406
3,403,202,5.1,0.461827635221066
3,404,203,5.24,0.527287349442657
3,405,204,5.101,0.462295204608364
3,406,205,5.094,0.459022218897284
3,407,206,5.075,0.45013840053864
3,408,207,5.11,0.466503329094038
3,409,208,5.118,0.470243884192414
3,410,209,5.122,0.472114161741602
3,411,210,5.12,0.471179022967008
3,412,211,5.079,0.452008678087828
3,413,212,5.045,0.436111318919727
3,414,213,5.035,0.431435625046757
3,415,214,5.155,0.487543951522406
3,416,215,5.078,0.451541108700531
3,417,216,5.122,0.472114161741602
3,418,217,5.055,0.440787012792698
3,419,218,5.014,0.421616667913519
3,420,219,5.044,0.43564374953243
3,421,220,5.09,0.457151941348096
3,422,221,5.116,0.46930874541782
3,423,222,5.095,0.459489788284582
3,424,223,5.208,0.512325129049152
3,425,224,5.059,0.442657290341886
3,426,225,5.002,0.416005835265954
3,427,226,5.102,0.462762773995661
3,428,227,5.093,0.458554649509987
3,429,228,5.182,0.500168324979427
3,430,229,5.069,0.447332984214858
3,431,230,5.097,0.460424927059175
3,432,231,5.037,0.432370763821352
3,433,232,5.075,0.45013840053864
3,434,233,5.081,0.452943816862423
3,435,234,5.094,0.459022218897284
3,436,235,5.022,0.425357223011895
3,437,236,5.077,0.451073539313235
3,438,237,5.085,0.45481409441161
3,439,238,5.057,0.441722151567292
3,440,239,4.983,0.407122016907309
3,441,240,4.914,0.37485972918381
3,442,241,5.101,0.462295204608364
3,443,242,4.97,0.401043614872447
3,444,243,4.996,0.41320041894217
3,445,244,4.982,0.406654447520012
3,446,245,5.027,0.42769506994838
3,447,246,5.018,0.423486945462707
3,448,247,5.038,0.432838333208648
3,449,248,4.993,0.41179771078028
3,450,249,5.07,0.447800553602155
3,451,250,4.946,0.389821949577318
3,452,251,5.003,0.416473404653251
3,453,252,4.961,0.396835490386774
3,454,253,5.058,0.44218972095459
3,455,254,5.016,0.422551806688113
3,456,255,5.011,0.420213959751627
3,457,256,5.016,0.422551806688113
3,458,257,4.998,0.414135557716766
3,459,258,4.975,0.403381461808932
3,460,259,4.949,0.391224657739209
3,461,260,4.989,0.409927433231091
3,462,261,4.966,0.399173337323258
3,463,262,5.001,0.415538265878656
3,464,263,4.998,0.414135557716765
3,465,264,5.016,0.422551806688113
3,466,265,4.952,0.3926273659011
3,467,266,5.002,0.416005835265953
3,468,267,5.016,0.422551806688113
3,469,268,4.92,0.377665145507593
3,470,269,4.861,0.350078551657066
3,471,270,4.972,0.401978753647041
3,472,271,4.874,0.356156953691928
3,473,272,4.895,0.365975910825167
3,474,273,4.996,0.41320041894217
3,475,274,4.969,0.40057604548515
3,476,275,4.931,0.382808408767861
3,477,276,4.907,0.371586743472732
3,478,277,4.844,0.342129872073015
3,479,278,4.895,0.365975910825167
3,480,279,4.869,0.353819106755442
3,481,280,4.895,0.365975910825167
3,482,281,4.926,0.380470561831376
3,483,282,4.91,0.372989451634623
3,484,283,4.814,0.328102790454103
3,485,284,4.943,0.388419241415426
3,486,285,4.858,0.348675843495175
3,487,286,4.895,0.365975910825167
3,488,287,4.876,0.357092092466522
3,489,288,4.861,0.350078551657067
3,490,289,4.892,0.364573202663275
3,491,290,4.952,0.3926273659011
3,492,291,4.773,0.308932445574923
3,493,292,4.866,0.352416398593551
3,494,293,4.897,0.366911049599761
3,495,294,4.911,0.37345702102192
3,496,295,4.951,0.392159796513803
3,497,296,4.898,0.367378618987058
3,498,297,4.848,0.344000149622204
3,499,298,4.914,0.37485972918381
3,500,299,4.781,0.3126730006733
3,501,300,4.894,0.36550834143787
3,502,301,4.808,0.325297374130321
3,503,302,4.811,0.326700082292212
3,504,303,4.869,0.353819106755442
3,505,304,4.865,0.351948829206254
3,506,305,4.847,0.343532580234907
3,507,306,4.835,0.337921747587342
3,508,307,4.882,0.359897508790305
3,509,308,4.828,0.334648761876263
3,510,309,4.829,0.335116331263559
3,511,310,4.798,0.32062168025735
3,512,311,4.779,0.311737861898706
3,513,312,4.788,0.31594598638438
3,514,313,4.786,0.315010847609785
3,515,314,4.8,0.321556819031944
3,516,315,4.802,0.322491957806538
3,517,316,4.82,0.330908206777886
3,518,317,4.794,0.318751402708162
3,519,318,4.763,0.304256751701953
3,520,319,4.807,0.324829804743024
3,521,320,4.829,0.335116331263559
3,522,321,4.78,0.312205431286003
3,523,322,4.805,0.32389466596843
3,524,323,4.72,0.284151268048179
3,525,324,4.734,0.290697239470337
3,526,325,4.811,0.326700082292212
3,527,326,4.794,0.318751402708163
3,528,327,4.678,0.264513353781701
3,529,328,4.649,0.250953841550086
3,530,329,4.716,0.28228099049899
3,531,330,4.796,0.319686541482756
3,532,331,4.786,0.315010847609785
3,533,332,4.878,0.358027231241116
3,534,333,4.797,0.320154110870053
3,535,334,4.736,0.291632378244931
3,536,335,4.83,0.335583900650857
3,537,336,4.796,0.319686541482756
3,538,337,4.796,0.319686541482756
3,539,338,4.711,0.279943143562505
3,540,339,4.686,0.268253908880078
3,541,340,4.718,0.283216129273584
3,542,341,4.696,0.272929602753049
3,543,342,4.742,0.294437794568714
3,544,343,4.735,0.291164808857635
3,545,344,4.629,0.241602453804145
3,546,345,4.688,0.269189047654672
3,547,346,4.654,0.253291688486571
3,548,347,4.736,0.291632378244932
3,549,348,4.708,0.278540435400614
3,550,349,4.72,0.284151268048179
3,551,350,4.714,0.281345851724396
3,552,351,4.693,0.271526894591158
3,553,352,4.704,0.276670157851425
3,554,353,4.719,0.283683698660881
3,555,354,4.717,0.282748559886287
3,556,355,4.807,0.324829804743024
3,557,356,4.679,0.264980923168998
3,558,357,4.718,0.283216129273584
3,559,358,4.697,0.273397172140345
3,560,359,4.744,0.295372933343308
3,561,360,4.748,0.297243210892497
3,562,361,4.659,0.255629535423057
3,563,362,4.602,0.228978080347123
3,564,363,4.7,0.274799880302237
3,565,364,4.774,0.30940001496222
3,566,365,4.643,0.248148425226304
3,567,366,4.698,0.273864741527643
3,568,367,4.641,0.24721328645171
3,569,368,4.641,0.24721328645171
3,570,369,4.757,0.30145133537817
3,571,370,4.744,0.295372933343308
3,572,371,4.64,0.246745717064412
3,573,372,4.697,0.273397172140346
3,574,373,4.686,0.268253908880078
3,575,374,4.686,0.268253908880078
3,576,375,4.643,0.248148425226304
3,577,376,4.723,0.28555397621007
3,578,377,4.626,0.240199745642253
3,579,378,4.632,0.243005161966036
3,580,379,4.71,0.279475574175207
3,581,380,4.632,0.243005161966036
3,582,381,4.663,0.257499812972246
3,583,382,4.722,0.285086406822772
3,584,383,4.644,0.248615994613601
3,585,384,4.621,0.237861898705768
3,586,385,4.646,0.249551133388195
3,587,386,4.658,0.255161966035759
3,588,387,4.668,0.259837659908731
3,589,388,4.576,0.216821276277399
3,590,389,4.632,0.243005161966036
3,591,390,4.626,0.240199745642253
3,592,391,4.608,0.231783496670906
3,593,392,4.544,0.201859055883893
3,594,393,4.625,0.239732176254956
3,595,394,4.643,0.248148425226303
3,596,395,4.662,0.257032243584948
3,597,396,4.613,0.234121343607392
3,598,397,4.571,0.214483429340915
3,599,398,4.627,0.24066731502955
3,600,399,4.588,0.222432108924964
3,601,400,4.588,0.222432108924964
3,602,401,4.642,0.247680855839007
3,603,402,4.654,0.253291688486571
3,604,403,4.672,0.261707937457919
3,605,404,4.612,0.233653774220094
3,606,405,4.566,0.212145582404429
3,607,406,4.582,0.219626692601182
3,608,407,4.578,0.217756415051994
3,609,408,4.633,0.243472731353333
3,610,409,4.692,0.27105932520386
3,611,410,4.598,0.227107802797936
3,612,411,4.58,0.218691553826588
3,613,412,4.495,0.178948155906337
3,614,413,4.655,0.253759257873868
3,615,414,4.654,0.253291688486571
3,616,415,4.593,0.22476995586145
3,617,416,4.59,0.223367247699558
3,618,417,4.618,0.236459190543876
3,619,418,4.509,0.185494127328496
3,620,419,4.596,0.226172664023341
3,621,420,4.594,0.225237525248747
3,622,421,4.546,0.202794194658487
3,623,422,4.552,0.20559961098227
3,624,423,4.615,0.235056482381985
3,625,424,4.536,0.198118500785516
3,626,425,4.578,0.217756415051994
3,627,426,4.599,0.227575372185232
3,628,427,4.528,0.19437794568714
3,629,428,4.633,0.243472731353332
3,630,429,4.608,0.231783496670906
3,631,430,4.588,0.222432108924964
3,632,431,4.581,0.219159123213885
3,633,432,4.557,0.207937457918755
3,634,433,4.507,0.184558988553902
3,635,434,4.613,0.234121343607392
3,636,435,4.545,0.20232662527119
3,637,436,4.453,0.159310241639859
3,638,437,4.522,0.191572529363358
3,639,438,4.538,0.199053639560112
3,640,439,4.515,0.188299543652278
3,641,440,4.624,0.239264606867659
3,642,441,4.497,0.179883294680931
3,643,442,4.552,0.20559961098227
3,644,443,4.452,0.158842672252563
3,645,444,4.531,0.195780653849031
3,646,445,4.552,0.20559961098227
3,647,446,4.509,0.185494127328496
3,648,447,4.588,0.222432108924964
3,649,448,4.476,0.170064337547692
3,650,449,4.487,0.17520760080796
3,651,450,4.518,0.189702251814169
3,652,451,4.541,0.200456347722002
3,653,452,4.56,0.209340166080646
3,654,453,4.515,0.188299543652278
3,655,454,4.517,0.189234682426872
3,656,455,4.486,0.174740031420663
3,657,456,4.462,0.163518366125532
3,658,457,4.482,0.172869753871475
3,659,458,4.542,0.200923917109299
3,660,459,4.558,0.208405027306052
3,661,460,4.512,0.186896835490387
3,662,461,4.545,0.20232662527119
3,663,462,4.55,0.204664472207676
3,664,463,4.511,0.18642926610309
3,665,464,4.43,0.148556145732026
3,666,465,4.405,0.136866911049599
3,667,466,4.402,0.135464202887708
3,668,467,4.545,0.20232662527119
3,669,468,4.424,0.145750729408244
3,670,469,4.581,0.219159123213885
3,671,470,4.565,0.211678013017132
3,672,471,4.576,0.216821276277399
3,673,472,4.575,0.216353706890103
3,674,473,4.465,0.164921074287424
3,675,474,4.403,0.135931772275006
3,676,475,4.507,0.184558988553902
3,677,476,4.495,0.178948155906337
3,678,477,4.515,0.188299543652278
3,679,478,4.482,0.172869753871475
3,680,479,4.452,0.158842672252563
3,681,480,4.499,0.180818433455525
3,682,481,4.472,0.168194059998504
3,683,482,4.542,0.200923917109299
3,684,483,4.536,0.198118500785516
3,685,484,4.491,0.177077878357148
3,686,485,4.46,0.162583227350938
3,687,486,4.496,0.179415725293633
3,688,487,4.459,0.162115657963642
3,689,488,4.514,0.187831974264981
3,690,489,4.468,0.166323782449315
3,691,490,4.384,0.127047953916361
3,692,491,4.391,0.130320939627441
3,693,492,4.41,0.139204757986086
3,694,493,4.505,0.183623849779307
3,695,494,4.504,0.183156280392011
3,696,495,4.456,0.16071294980175
3,697,496,4.556,0.207469888531458
3,698,497,4.451,0.158375102865265
3,699,498,4.559,0.208872596693349
3,700,499,4.585,0.221029400763073
3,701,500,4.41,0.139204757986085
3,702,501,4.508,0.185026557941198
3,703,502,4.46,0.162583227350938
3,704,503,4.465,0.164921074287424
3,705,504,4.524,0.192507668137951
3,706,505,4.387,0.128450662078252
3,707,506,4.435,0.150893992668512
3,708,507,4.473,0.168661629385801
3,709,508,4.471,0.167726490611207
3,710,509,4.332,0.102734345776913
3,711,510,4.431,0.149023715119324
3,712,511,4.469,0.166791351836612
3,713,512,4.386,0.127983092690955
3,714,513,4.29,0.0830964315104361
3,715,514,4.339,0.106007331487993
3,716,515,4.263,0.0704720580534154
3,717,516,4.338,0.105539762100695
3,718,517,4.455,0.160245380414454
3,719,518,4.426,0.146685868182838
3,720,519,4.447,0.156504825316077
3,721,520,4.497,0.179883294680931
3,722,521,4.436,0.151361562055809
3,723,522,4.375,0.122839829430687
3,724,523,4.395,0.132191217176629
3,725,524,4.473,0.168661629385801
3,726,525,4.492,0.177545447744445
3,727,526,4.538,0.199053639560111
3,728,527,4.521,0.19110495997606
3,729,528,4.468,0.166323782449315
3,730,529,4.38,0.125177676367173
3,731,530,4.437,0.151829131443106
3,732,531,4.377,0.123774968205282
3,733,532,4.447,0.156504825316077
3,734,533,4.471,0.167726490611207
3,735,534,4.42,0.143880451859055
3,736,535,4.474,0.169129198773098
3,737,536,4.423,0.145283160020947
3,738,537,4.32,0.0971235131293485
3,739,538,4.441,0.153699408992294
3,740,539,4.44,0.153231839604997
3,741,540,4.373,0.121904690656093
3,742,541,4.365,0.118164135557716
3,743,542,4.438,0.152296700830404
3,744,543,4.345,0.108812747811776
3,745,544,4.482,0.172869753871475
3,746,545,4.397,0.133126355951223
3,747,546,4.34,0.10647490087529
3,748,547,4.347,0.109747886586369
3,749,548,4.376,0.123307398817984
3,750,549,4.351,0.111618164135558
3,751,550,4.329,0.101331637615022
3,752,551,4.356,0.113956011072043
3,753,552,4.352,0.112085733522855
3,754,553,4.433,0.149958853893918
3,755,554,4.436,0.151361562055809
3,756,555,4.368,0.119566843719608
3,757,556,4.389,0.129385800852847
3,758,557,4.483,0.173337323258771
3,759,558,4.45,0.157907533477968
3,760,559,4.364,0.11769656617042
3,761,560,4.449,0.157439964090672
3,762,561,4.327,0.100396498840428
3,763,562,4.466,0.165388643674721
3,764,563,4.487,0.17520760080796
3,765,564,4.433,0.149958853893918
3,766,565,4.424,0.145750729408244
3,767,566,4.392,0.130788509014738
3,768,567,4.457,0.161180519189048
3,769,568,4.35,0.11115059474826
3,770,569,4.335,0.104137053938804
3,771,570,4.377,0.123774968205282
3,772,571,4.297,0.0863694172215155
3,773,572,4.347,0.109747886586369
3,774,573,4.342,0.107410039649884
3,775,574,4.322,0.0980586519039425
3,776,575,4.259,0.0686017805042269
3,777,576,4.318,0.0961883743547544
3,778,577,4.414,0.141075035535273
3,779,578,4.268,0.0728099049898999
3,780,579,4.243,0.0611206703074733
3,781,580,4.311,0.0929153886436747
3,782,581,4.288,0.0821612927358421
3,783,582,4.343,0.10787760903718
3,784,583,4.349,0.110683025360963
3,785,584,4.278,0.0774855988628714
3,786,585,4.3,0.0877721253834068
3,787,586,4.271,0.0742126131517916
3,788,587,4.318,0.0961883743547544
3,789,588,4.372,0.121437121268796
3,790,589,4.292,0.0840315702850302
3,791,590,4.278,0.0774855988628714
3,792,591,4.409,0.138737188598788
3,793,592,4.33,0.101799207002319
3,794,593,4.347,0.109747886586369
3,795,594,4.297,0.0863694172215159
3,796,595,4.369,0.120034413106905
3,797,596,4.312,0.0933829580309719
3,798,597,4.424,0.145750729408244
3,799,598,4.42,0.143880451859055
3,800,599,4.379,0.124710106979876
3,801,600,4.273,0.0751477519263857
3,802,601,4.327,0.100396498840428
3,803,602,4.314,0.0943180968055659
3,804,603,4.249,0.0639260866312563
3,805,604,4.281,0.0788883070247627
3,806,605,4.274,0.0756153213136825
3,807,606,4.297,0.0863694172215155
3,808,607,4.411,0.139672327373382
3,809,608,4.454,0.159777811027156
3,810,609,4.388,0.128918231465549
3,811,610,4.33,0.101799207002319
3,812,611,4.453,0.159310241639859
3,813,612,4.289,0.0826288621231385
3,814,613,4.232,0.0559774070472058
3,815,614,4.247,0.0629909478566618
3,816,615,4.36,0.115826288621232
3,817,616,4.399,0.134061494725817
3,818,617,4.484,0.173804892646069
3,819,618,4.386,0.127983092690955
3,820,619,4.5,0.181286002842822
3,821,620,4.359,0.115358719233934
3,822,621,4.323,0.0985262212912385
3,823,622,4.218,0.0494314356250459
3,824,623,4.269,0.0732774743771976
3,825,624,4.326,0.0999289294531306
3,826,625,4.311,0.0929153886436747
3,827,626,4.274,0.0756153213136825
3,828,627,4.336,0.104604623326102
3,829,628,4.382,0.126112815141767
3,830,629,4.297,0.0863694172215155
3,831,630,4.359,0.115358719233934
3,832,631,4.292,0.0840315702850297
3,833,632,4.266,0.0718747662153067
3,834,633,4.38,0.125177676367173
3,835,634,4.383,0.126580384529065
3,836,635,4.442,0.154166978379592
3,837,636,4.439,0.1527642702177
3,838,637,4.345,0.108812747811776
3,839,638,4.349,0.110683025360964
3,840,639,4.283,0.0798234457993563
3,841,640,4.26,0.0690693498915246
3,842,641,4.281,0.0788883070247627
3,843,642,4.297,0.0863694172215155
3,844,643,4.321,0.0975910825166453
3,845,644,4.366,0.118631704945014
3,846,645,4.387,0.128450662078252
3,847,646,4.358,0.114891149846637
3,848,647,4.303,0.089174833545298
3,849,648,4.238,0.0587828233709884
3,850,649,4.183,0.033066507069649
3,851,650,4.267,0.072342335602604
3,852,651,4.185,0.0340016458442426
3,853,652,4.292,0.0840315702850302
3,854,653,4.231,0.0555098376599086
3,855,654,4.246,0.0625233784693642
3,856,655,4.312,0.0933829580309719
3,857,656,4.251,0.0648612254058499
3,858,657,4.294,0.0849667090596242
3,859,658,4.275,0.0760828907009801
3,860,659,4.297,0.0863694172215159
3,861,660,4.239,0.0592503927582852
3,862,661,4.293,0.0844991396723278
3,863,662,4.321,0.0975910825166457
3,864,663,4.255,0.0667315029550388
3,865,664,4.323,0.0985262212912398
3,866,665,4.257,0.0676666417296329
3,867,666,4.258,0.0681342111169297
3,868,667,4.194,0.0382097703299169
3,869,668,4.284,0.080291015186654
3,870,669,4.235,0.0573801152090971
3,871,670,4.182,0.0325989376823518
3,872,671,4.242,0.0606531009201761
3,873,672,4.334,0.103669484551507
3,874,673,4.26,0.0690693498915242
3,875,674,4.255,0.0667315029550388
3,876,675,4.197,0.0396124784918073
3,877,676,4.194,0.0382097703299169
3,878,677,4.144,0.0148313009650632
3,879,678,4.171,0.0274556744220843
3,880,679,4.226,0.0531719907234237
3,881,680,4.295,0.0854342784469214
3,882,681,4.311,0.0929153886436747
3,883,682,4.256,0.0671990723423357
3,884,683,4.239,0.0592503927582852
3,885,684,4.262,0.0700044886661178
3,886,685,4.29,0.0830964315104365
3,887,686,4.251,0.0648612254058503
3,888,687,4.381,0.12564524575447
3,889,688,4.316,0.0952532355801604
3,890,689,4.295,0.085434278446921
3,891,690,4.248,0.0634585172439586
3,892,691,4.321,0.0975910825166457
3,893,692,4.303,0.089174833545298
3,894,693,4.251,0.0648612254058499
3,895,694,4.261,0.069536919278821
3,896,695,4.236,0.0578476845963939
3,897,696,4.161,0.0227799805491132
3,898,697,4.188,0.0354043540061347
3,899,698,4.211,0.0461584499139677
3,900,699,4.197,0.0396124784918082
3,901,700,4.348,0.110215455973667
3,902,701,4.303,0.089174833545298
3,903,702,4.307,0.0910451110944861
3,904,703,4.262,0.0700044886661178
3,905,704,4.339,0.106007331487993
3,906,705,4.279,0.0779531682501682
3,907,706,4.244,0.0615882396947705
3,908,707,4.267,0.0723423356026035
3,909,708,4.201,0.0414827560409963
3,910,709,4.276,0.0765504600882774
3,911,710,4.305,0.0901099723198921
3,912,711,4.157,0.0209097029999264
3,913,712,4.263,0.0704720580534154
3,914,713,4.28,0.0784207376374651
3,915,714,4.198,0.0400800478791054
3,916,715,4.335,0.104137053938804
3,917,716,4.333,0.103201915164211
3,918,717,4.262,0.0700044886661178
3,919,718,4.276,0.0765504600882782
3,920,719,4.266,0.0718747662153067
3,921,720,4.305,0.0901099723198921
3,922,721,4.307,0.0910451110944861
3,923,722,4.259,0.0686017805042269
3,924,723,4.218,0.0494314356250467
3,925,724,4.269,0.073277474377198
3,926,725,4.236,0.0578476845963939
3,927,726,4.296,0.0859018478342187
3,928,727,4.218,0.0494314356250467
3,929,728,4.208,0.0447557417520765
3,930,729,4.217,0.0489638662377499
3,931,730,4.187,0.0349367846188371
3,932,731,4.209,0.0452233111393728
3,933,732,4.292,0.0840315702850297
3,934,733,4.316,0.09525323558016
3,935,734,4.243,0.0611206703074729
3,936,735,4.267,0.0723423356026035
3,937,736,4.214,0.0475611580758586
3,938,737,4.236,0.0578476845963939
3,939,738,4.272,0.0746801825390893
3,940,739,4.164,0.0241826887110041
3,941,740,4.175,0.0293259519712728
3,942,741,4.211,0.0461584499139673
3,943,742,4.23,0.055042268272611
3,944,743,4.296,0.0859018478342187
3,945,744,4.147,0.0162340091269545
3,946,745,4.248,0.0634585172439586
3,947,746,4.281,0.0788883070247627
3,948,747,4.257,0.0676666417296329
3,949,748,4.164,0.0241826887110041
3,950,749,4.213,0.0470935886885609
