"c_coupling","step","time_since_shock","mean_P","mean_M","se_M","mean_m"
0.3,1,-200,0,2.265,0.0409689327839211,0.251666666666667
0.3,2,-199,-0.000651944021831244,2.2,0.0422822396259682,0.244444444444444
0.3,3,-198,-0.000608786449307638,2.123,0.0398931380372922,0.235888888888889
0.3,4,-197,-0.00061887548179568,2.14,0.0400250172017705,0.237777777777778
0.3,5,-196,-0.000348251274033375,2.136,0.0392816375301113,0.237333333333333
0.3,6,-195,-0.000543841181076547,2.215,0.0409200372610957,0.246111111111111
0.3,7,-194,-0.000557865371255258,2.137,0.0411573192145081,0.237444444444444
0.3,8,-193,-0.000881832342513272,2.237,0.0415036571105914,0.248555555555556
0.3,9,-192,-0.000768621171947191,2.262,0.0397358142603738,0.251333333333333
0.3,10,-191,-0.000768193324805817,2.245,0.0408490347945167,0.249444444444444
0.3,11,-190,-0.000776277050636646,2.161,0.0407521746627065,0.240111111111111
0.3,12,-189,-0.000740043787371652,2.173,0.0405550948182314,0.241444444444444
0.3,13,-188,-0.000723120460201403,2.178,0.0400239667938842,0.242
0.3,14,-187,-0.000736607914246549,2.255,0.0419014406760762,0.250555555555556
0.3,15,-186,-0.000813043144184125,2.176,0.0418900797179808,0.241777777777778
0.3,16,-185,-0.000877895244516757,2.227,0.0410993936714419,0.247444444444444
0.3,17,-184,-0.000795034851231512,2.203,0.0406379433835233,0.244777777777778
0.3,18,-183,-0.000952362800920993,2.249,0.0404058366035358,0.249888888888889
0.3,19,-182,-0.000996544365858229,2.127,0.041600500016245,0.236333333333333
0.3,20,-181,-0.000907014356941301,2.212,0.0421049739202962,0.245777777777778
0.3,21,-180,-0.000987887422715806,2.204,0.0417627600635797,0.244888888888889
0.3,22,-179,-0.000986921423332999,2.261,0.0399308586618604,0.251222222222222
0.3,23,-178,-0.00106075133043208,2.154,0.0401733481041583,0.239333333333333
0.3,24,-177,-0.000745703527639341,2.187,0.0404928471544135,0.243
0.3,25,-176,-0.00101636093726189,2.212,0.0388402441362636,0.245777777777778
0.3,26,-175,-0.00107623230886699,2.282,0.043131616435468,0.253555555555556
0.3,27,-174,-0.000734554287578721,2.191,0.0399012670364127,0.243444444444444
0.3,28,-173,-0.00115379646224817,2.188,0.0399280634422738,0.243111111111111
0.3,29,-172,-0.00130515910408996,2.174,0.0408337041105921,0.241555555555556
0.3,30,-171,-0.00132399820040173,2.177,0.0395124313632081,0.241888888888889
0.3,31,-170,-0.00152930119678501,2.161,0.0411433077397986,0.240111111111111
0.3,32,-169,-0.00170717225577872,2.182,0.0399057448053345,0.242444444444444
0.3,33,-168,-0.00161454603804067,2.219,0.0417945664624697,0.246555555555556
0.3,34,-167,-0.00150379813876263,2.168,0.0402168297282789,0.240888888888889
0.3,35,-166,-0.00155563757959378,2.203,0.0399172191464333,0.244777777777778
0.3,36,-165,-0.0014724270474955,2.22,0.0418012840394567,0.246666666666667
0.3,37,-164,-0.00122708399213325,2.225,0.0411833834339903,0.247222222222222
0.3,38,-163,-0.00116715091273373,2.213,0.0398650250247034,0.245888888888889
0.3,39,-162,-0.00095721857027219,2.222,0.039727752192822,0.246888888888889
0.3,40,-161,-0.00100132731437828,2.158,0.0396308794578999,0.239777777777778
0.3,41,-160,-0.00119341283525752,2.196,0.0410276402839266,0.244
0.3,42,-159,-0.0012581065758104,2.181,0.0399228359818393,0.242333333333333
0.3,43,-158,-0.00120676674669483,2.211,0.0403993949349632,0.245666666666667
0.3,44,-157,-0.00111730758030324,2.204,0.0405712956415005,0.244888888888889
0.3,45,-156,-0.00123667353969466,2.249,0.0401074507742341,0.249888888888889
0.3,46,-155,-0.00128369210826952,2.177,0.0390793832883554,0.241888888888889
0.3,47,-154,-0.00144783806638092,2.182,0.0419122014768092,0.242444444444444
0.3,48,-153,-0.00167721719125656,2.198,0.0406010399428935,0.244222222222222
0.3,49,-152,-0.00177138968424428,2.16,0.0391654686418271,0.24
0.3,50,-151,-0.00200132106418759,2.21,0.0410802578812206,0.245555555555556
0.3,51,-150,-0.00213280398337125,2.32,0.0418012840394567,0.257777777777778
0.3,52,-149,-0.00195367872703275,2.209,0.0410244073936725,0.245444444444444
0.3,53,-148,-0.0017707747410683,2.192,0.0410953139034709,0.243555555555556
0.3,54,-147,-0.0017232533035021,2.2,0.0401199402991782,0.244444444444444
0.3,55,-146,-0.00183468802727513,2.189,0.0405823351462914,0.243222222222222
0.3,56,-145,-0.00202199497581326,2.177,0.0392072468838122,0.241888888888889
0.3,57,-144,-0.00182821979755977,2.205,0.0415536003458388,0.245
0.3,58,-143,-0.00184021471979215,2.22,0.0406848283178785,0.246666666666667
0.3,59,-142,-0.00173075300627898,2.121,0.0390625765264514,0.235666666666667
0.3,60,-141,-0.00148134330084697,2.149,0.0406749733061185,0.238777777777778
0.3,61,-140,-0.00131767167540791,2.15,0.0398884831886485,0.238888888888889
0.3,62,-139,-0.00165733023194258,2.252,0.0408186496856788,0.250222222222222
0.3,63,-138,-0.00163659458533496,2.217,0.0420913611407694,0.246333333333333
0.3,64,-137,-0.00148413342258323,2.25,0.0405110002485885,0.25
0.3,65,-136,-0.00141003271372992,2.204,0.0404724847522613,0.244888888888889
0.3,66,-135,-0.00124453533748543,2.18,0.0400650122326851,0.242222222222222
0.3,67,-134,-0.0012573911001328,2.169,0.0404236697130911,0.241
0.3,68,-133,-0.00154599740580606,2.146,0.0413327036666171,0.238444444444444
0.3,69,-132,-0.00146504383202812,2.176,0.0418422606317439,0.241777777777778
0.3,70,-131,-0.00145686042097023,2.152,0.040056216752216,0.239111111111111
0.3,71,-130,-0.00143983511530555,2.213,0.0415855787546641,0.245888888888889
0.3,72,-129,-0.00121891839808827,2.177,0.0410774677695492,0.241888888888889
0.3,73,-128,-0.00128221370088547,2.239,0.0387734752425209,0.248777777777778
0.3,74,-127,-0.00151262229142394,2.264,0.0411582069337089,0.251555555555556
0.3,75,-126,-0.00148283890167997,2.244,0.0400508185692636,0.249333333333333
0.3,76,-125,-0.0015021967158796,2.185,0.0416954855291736,0.242777777777778
0.3,77,-124,-0.00157956291588873,2.149,0.038914178821007,0.238777777777778
0.3,78,-123,-0.0014543771950571,2.153,0.0395873484608171,0.239222222222222
0.3,79,-122,-0.00147328135853371,2.185,0.0418871045732399,0.242777777777778
0.3,80,-121,-0.00139738108797396,2.219,0.0393266523567109,0.246555555555556
0.3,81,-120,-0.00153625514231799,2.152,0.0417449235073996,0.239111111111111
0.3,82,-119,-0.00134754463797872,2.152,0.0411167433849836,0.239111111111111
0.3,83,-118,-0.00139086567351973,2.234,0.0411696361283281,0.248222222222222
0.3,84,-117,-0.00147479367640219,2.215,0.0410421668465427,0.246111111111111
0.3,85,-116,-0.00135880972176897,2.134,0.0393648776651674,0.237111111111111
0.3,86,-115,-0.00118017716396909,2.196,0.0405367392278564,0.244
0.3,87,-114,-0.0008652967400604,2.214,0.0390349552033525,0.246
0.3,88,-113,-0.000822755025004356,2.115,0.0405884518357428,0.235
0.3,89,-112,-0.000852829479244571,2.212,0.0394285507039075,0.245777777777778
0.3,90,-111,-0.0011747339793939,2.218,0.0398253946880888,0.246444444444444
0.3,91,-110,-0.00105962159722934,2.17,0.0388923207408947,0.241111111111111
0.3,92,-109,-0.00125837906812292,2.138,0.0406522890943253,0.237555555555556
0.3,93,-108,-0.00110744426422326,2.242,0.0421332554072341,0.249111111111111
0.3,94,-107,-0.00100971973124613,2.151,0.0410595285516637,0.239
0.3,95,-106,-0.00100609289589213,2.18,0.0414405274739273,0.242222222222222
0.3,96,-105,-0.00128051167647812,2.235,0.0401919194663604,0.248333333333333
0.3,97,-104,-0.00138883662740883,2.235,0.0421610312083631,0.248333333333333
0.3,98,-103,-0.00128043669167707,2.228,0.0415902121387442,0.247555555555556
0.3,99,-102,-0.00136467204361828,2.177,0.0416822313271303,0.241888888888889
0.3,100,-101,-0.000977987734541619,2.122,0.038608374824727,0.235777777777778
0.3,101,-100,-0.00105272068957871,2.197,0.0405442330650711,0.244111111111111
0.3,102,-99,-0.00125058243120253,2.232,0.0421182852209103,0.248
0.3,103,-98,-0.00130676797753014,2.162,0.0411515424917395,0.240222222222222
0.3,104,-97,-0.00128590643090825,2.217,0.042634829995307,0.246333333333333
0.3,105,-96,-0.0013512688135094,2.164,0.0425548459627683,0.240444444444444
0.3,106,-95,-0.00162095166821401,2.241,0.042293116552315,0.249
0.3,107,-94,-0.00174084314519733,2.183,0.0404369403657859,0.242555555555556
0.3,108,-93,-0.00190154741660542,2.196,0.0420398781081887,0.244
0.3,109,-92,-0.00186760166750657,2.076,0.0390608467618119,0.230666666666667
0.3,110,-91,-0.00148853244898582,2.22,0.040586293834831,0.246666666666667
0.3,111,-90,-0.00131715926888983,2.21,0.0401934760317581,0.245555555555556
0.3,112,-89,-0.0014799964017661,2.2,0.0398947564423146,0.244444444444444
0.3,113,-88,-0.00158846589470862,2.155,0.0392238895765517,0.239444444444444
0.3,114,-87,-0.00165508953225562,2.131,0.0410307509378336,0.236777777777778
0.3,115,-86,-0.00188949599124542,2.167,0.0393784415849796,0.240777777777778
0.3,116,-85,-0.00181698058817162,2.194,0.0406942258805844,0.243777777777778
0.3,117,-84,-0.00150701905125751,2.143,0.0387821486647538,0.238111111111111
0.3,118,-83,-0.00115870952418519,2.159,0.0405137058334626,0.239888888888889
0.3,119,-82,-0.0011214813620793,2.16,0.0400750047536618,0.24
0.3,120,-81,-0.00103114306297904,2.233,0.0415745046806265,0.248111111111111
0.3,121,-80,-0.000857697011731678,2.214,0.0382840654799053,0.246
0.3,122,-79,-0.00100096570416839,2.137,0.0391888602381693,0.237444444444444
0.3,123,-78,-0.00120133625692457,2.213,0.0410282136378654,0.245888888888889
0.3,124,-77,-0.00108141170057646,2.163,0.040125316709542,0.240333333333333
0.3,125,-76,-0.000967300087061744,2.181,0.0413273147802631,0.242333333333333
0.3,126,-75,-0.00101588378617576,2.16,0.0399749671419253,0.24
0.3,127,-74,-0.000940045167221996,2.134,0.0397948191053512,0.237111111111111
0.3,128,-73,-0.00123219608740863,2.143,0.0407456894801305,0.238111111111111
0.3,129,-72,-0.00133533464764003,2.27,0.0392764896934875,0.252222222222222
0.3,130,-71,-0.00117528483861667,2.153,0.040264279606274,0.239222222222222
0.3,131,-70,-0.00130013018808779,2.194,0.0406942258805845,0.243777777777778
0.3,132,-69,-0.00137911268491351,2.239,0.041732728410932,0.248777777777778
0.3,133,-68,-0.00110192995728835,2.225,0.0425932998156892,0.247222222222222
0.3,134,-67,-0.00112957692281499,2.187,0.0422115246444953,0.243
0.3,135,-66,-0.00103573674710848,2.228,0.0405173747626578,0.247555555555556
0.3,136,-65,-0.000794267527809944,2.197,0.0407903769883882,0.244111111111111
0.3,137,-64,-0.00095496126547304,2.259,0.0418768751541068,0.251
0.3,138,-63,-0.000898942132329338,2.233,0.041502209982523,0.248111111111111
0.3,139,-62,-0.00103170460781026,2.183,0.0408065702574493,0.242555555555556
0.3,140,-61,-0.000854806246630513,2.207,0.040887930038372,0.245222222222222
0.3,141,-60,-0.000657129642372683,2.186,0.0411229266358207,0.242888888888889
0.3,142,-59,-0.000499797019200575,2.194,0.0409394679989866,0.243777777777778
0.3,143,-58,-9.93073009838852e-05,2.235,0.0412246828304898,0.248333333333333
0.3,144,-57,-0.000108272123005534,2.173,0.0415547566206063,0.241444444444444
0.3,145,-56,-0.000292948608117123,2.187,0.0419259918044739,0.243
0.3,146,-55,5.64832856416828e-05,2.148,0.0408627674756098,0.238666666666667
0.3,147,-54,0.000440718579936921,2.195,0.0413120040869682,0.243888888888889
0.3,148,-53,0.000283179821164001,2.163,0.0397996861170415,0.240333333333333
0.3,149,-52,-0.000313264933436465,2.209,0.0400114973466368,0.245444444444444
0.3,150,-51,-1.76099131818413e-05,2.208,0.0407479618680051,0.245333333333333
0.3,151,-50,5.37650196030746e-05,2.131,0.0395145593471622,0.236777777777778
0.3,152,-49,8.21157867673492e-05,2.254,0.0413907863805121,0.250444444444444
0.3,153,-48,0.000343473993523867,2.186,0.0418946196922607,0.242888888888889
0.3,154,-47,7.83524258846585e-05,2.19,0.0402432543355967,0.243333333333333
0.3,155,-46,2.26719013090844e-05,2.181,0.0408890072135643,0.242333333333333
0.3,156,-45,4.69916636793479e-05,2.262,0.0415099877027092,0.251333333333333
0.3,157,-44,9.402303457839e-05,2.198,0.040204631728352,0.244222222222222
0.3,158,-43,-7.80819599268641e-05,2.151,0.0403959259187214,0.239
0.3,159,-42,0.00010687080709,2.157,0.0406448398078158,0.239666666666667
0.3,160,-41,-2.83035352999457e-05,2.198,0.0417916563747183,0.244222222222222
0.3,161,-40,3.58316549635596e-05,2.195,0.0395289455657185,0.243888888888889
0.3,162,-39,-0.000246524155210751,2.215,0.03977885565671,0.246111111111111
0.3,163,-38,-0.000185874108923023,2.114,0.0402321093484126,0.234888888888889
0.3,164,-37,-0.000104343848430114,2.16,0.0403984162069757,0.24
0.3,165,-36,0.000259227485466041,2.177,0.0399157145027402,0.241888888888889
0.3,166,-35,-8.72777293214694e-07,2.25,0.0422526364299943,0.25
0.3,167,-34,7.04868494042614e-05,2.222,0.0403031058398769,0.246888888888889
0.3,168,-33,-1.54998158891431e-05,2.188,0.0396765702931871,0.243111111111111
0.3,169,-32,-0.000166049162087511,2.217,0.041104751557461,0.246333333333333
0.3,170,-31,-0.000137752032447279,2.197,0.0400973664820868,0.244111111111111
0.3,171,-30,-4.85266296074357e-05,2.198,0.0398796487746115,0.244222222222222
0.3,172,-29,-9.19691432374366e-07,2.186,0.0411472611129477,0.242888888888889
0.3,173,-28,-2.61319765589627e-05,2.259,0.0418529648970135,0.251
0.3,174,-27,-7.43202229203132e-05,2.13,0.0410948754565433,0.236666666666667
0.3,175,-26,5.21249633046311e-07,2.216,0.0425341410299202,0.246222222222222
0.3,176,-25,0.000154568601667995,2.169,0.0411598485557605,0.241
0.3,177,-24,0.000102327080224545,2.164,0.0397074386063959,0.240444444444444
0.3,178,-23,0.000188176983123248,2.163,0.0404483258870758,0.240333333333333
0.3,179,-22,0.000202858212519802,2.212,0.0405302195737785,0.245777777777778
0.3,180,-21,1.68787712188554e-05,2.186,0.0404108529610182,0.242888888888889
0.3,181,-20,4.7375174439101e-05,2.155,0.0416498464548157,0.239444444444444
0.3,182,-19,0.000181541312814168,2.311,0.0402976786292075,0.256777777777778
0.3,183,-18,0.000233944884120284,2.183,0.0404369403657858,0.242555555555556
0.3,184,-17,2.85876920238801e-05,2.167,0.0410706439905413,0.240777777777778
0.3,185,-16,-9.2663331334974e-06,2.261,0.0411165364490927,0.251222222222222
0.3,186,-15,-0.000380211253195813,2.163,0.0422162671634197,0.240333333333333
0.3,187,-14,-0.000392148454146722,2.196,0.0405367392278564,0.244
0.3,188,-13,-0.000214168876189512,2.176,0.0412155640835198,0.241777777777778
0.3,189,-12,-0.000248848620278201,2.187,0.0406901300893313,0.243
0.3,190,-11,-0.000201340099987383,2.168,0.0411031077348836,0.240888888888889
0.3,191,-10,-0.000254420053670931,2.232,0.0419754444638522,0.248
0.3,192,-9,-0.00017738806332085,2.152,0.0396543625401856,0.239111111111111
0.3,193,-8,-6.35180961727612e-05,2.203,0.0409324622575587,0.244777777777778
0.3,194,-7,7.29106222275554e-05,2.232,0.0428019626653733,0.248
0.3,195,-6,0.000345744493218954,2.15,0.0414393197002222,0.238888888888889
0.3,196,-5,0.000457441190242949,2.184,0.042449333869284,0.242666666666667
0.3,197,-4,0.000655852096512331,2.179,0.0420324365903969,0.242111111111111
0.3,198,-3,0.000540820260962521,2.178,0.0416178813498246,0.242
0.3,199,-2,0.000650336983399331,2.182,0.0399809263833955,0.242444444444444
0.3,200,-1,0.000720816765511776,2.125,0.0406574473870167,0.236111111111111
0.3,201,0,1.00044457693389,3.761,0.0448094508657144,0.417888888888889
0.3,202,1,0.996809347904905,3.788,0.046337924027768,0.420888888888889
0.3,203,2,0.992934862625697,3.772,0.0500051648984034,0.419111111111111
0.3,204,3,0.98907727256487,3.661,0.0462408609048018,0.406777777777778
0.3,205,4,0.984855962726684,3.759,0.0484898986415757,0.417666666666667
0.3,206,5,0.980764789228325,3.723,0.0451919607155222,0.413666666666667
0.3,207,6,0.976625545393005,3.686,0.0464926399074687,0.409555555555556
0.3,208,7,0.972329628820292,3.735,0.0452639351340978,0.415
0.3,209,8,0.968376118390198,3.77,0.0462519106550123,0.418888888888889
0.3,210,9,0.9647699381942,3.715,0.046410439870022,0.412777777777778
0.3,211,10,0.961159739544861,3.717,0.0445746328969506,0.413
0.3,212,11,0.957517012206017,3.678,0.0459175829549466,0.408666666666667
0.3,213,12,0.953650153258342,3.659,0.0436878430187124,0.406555555555556
0.3,214,13,0.94983793721011,3.661,0.0462192082928216,0.406777777777778
0.3,215,14,0.945977503776255,3.716,0.045026340861449,0.412888888888889
0.3,216,15,0.942142204327502,3.691,0.0456026161376581,0.410111111111111
0.3,217,16,0.93846884985334,3.692,0.0477222528115909,0.410222222222222
0.3,218,17,0.934377528975887,3.702,0.0472591729659906,0.411333333333333
0.3,219,18,0.930643644252814,3.669,0.0466434841603263,0.407666666666667
0.3,220,19,0.927052219392184,3.617,0.0464593313497889,0.401888888888889
0.3,221,20,0.923168771227136,3.691,0.043993800182008,0.410111111111111
0.3,222,21,0.919301304754624,3.623,0.0454195325155812,0.402555555555556
0.3,223,22,0.915582546047269,3.598,0.0452597441933164,0.399777777777778
0.3,224,23,0.912065040488477,3.597,0.0463112916655942,0.399666666666667
0.3,225,24,0.908531587063877,3.629,0.0465351966206712,0.403222222222222
0.3,226,25,0.905130842025728,3.65,0.0470926503577544,0.405555555555556
0.3,227,26,0.901620873435563,3.675,0.0448261573680411,0.408333333333333
0.3,228,27,0.898214981033813,3.515,0.0452086144315308,0.390555555555556
0.3,229,28,0.894490014360907,3.637,0.0468340092713023,0.404111111111111
0.3,230,29,0.890888821735803,3.581,0.0452491600638785,0.397888888888889
0.3,231,30,0.887109446317053,3.588,0.0462211249581011,0.398666666666667
0.3,232,31,0.883485115690844,3.628,0.0470513531136972,0.403111111111111
0.3,233,32,0.879863963252556,3.651,0.0456210508458571,0.405666666666667
0.3,234,33,0.876390937558728,3.563,0.0469066224666755,0.395888888888889
0.3,235,34,0.87299031845774,3.553,0.0459706896218044,0.394777777777778
0.3,236,35,0.869370181470074,3.551,0.0472401379192592,0.394555555555556
0.3,237,36,0.866013823983951,3.598,0.0464602470350142,0.399777777777778
0.3,238,37,0.862507049980036,3.556,0.0455075261350794,0.395111111111111
0.3,239,38,0.859190006410996,3.478,0.0466872112649246,0.386444444444444
0.3,240,39,0.855596282078719,3.48,0.0463221949582028,0.386666666666667
0.3,241,40,0.852137900398167,3.538,0.0472947438178154,0.393111111111111
0.3,242,41,0.849029058644749,3.448,0.0445115409447626,0.383111111111111
0.3,243,42,0.845659093608889,3.488,0.0482097519199194,0.387555555555556
0.3,244,43,0.842287989301142,3.611,0.0448295515111262,0.401222222222222
0.3,245,44,0.83902382064599,3.409,0.044762961505275,0.378777777777778
0.3,246,45,0.8356218439352,3.493,0.0465630660407916,0.388111111111111
0.3,247,46,0.832301088179946,3.479,0.0465373476331078,0.386555555555556
0.3,248,47,0.828793113463784,3.513,0.0468404208459426,0.390333333333333
0.3,249,48,0.82535776249778,3.493,0.0455194795996508,0.388111111111111
0.3,250,49,0.822295662347825,3.391,0.0448121314727064,0.376777777777778
0.3,251,50,0.8192468325176,3.507,0.0459136042917463,0.389666666666667
0.3,252,51,0.815869749656675,3.383,0.0449480959700334,0.375888888888889
0.3,253,52,0.81247398021018,3.512,0.0446301226510509,0.390222222222222
0.3,254,53,0.809057699087735,3.439,0.0460477947289487,0.382111111111111
0.3,255,54,0.805481747728809,3.437,0.0459798341139367,0.381888888888889
0.3,256,55,0.802361756425123,3.408,0.0470930329640569,0.378666666666667
0.3,257,56,0.798964612495796,3.465,0.0450422446576965,0.385
0.3,258,57,0.795840655162607,3.459,0.0446128827729087,0.384333333333333
0.3,259,58,0.792570619145867,3.326,0.0458456740143039,0.369555555555556
0.3,260,59,0.789520637523213,3.444,0.0440318385126354,0.382666666666667
0.3,261,60,0.786282581969328,3.416,0.0450441225130758,0.379555555555556
0.3,262,61,0.783088841553966,3.401,0.0453680202042943,0.377888888888889
0.3,263,62,0.780055661236643,3.365,0.044336674894953,0.373888888888889
0.3,264,63,0.776649219732955,3.454,0.0454747397128555,0.383777777777778
0.3,265,64,0.773390876655919,3.425,0.0460922932766369,0.380555555555556
0.3,266,65,0.769947539369248,3.405,0.0446650867005761,0.378333333333333
0.3,267,66,0.766526262526461,3.349,0.0461663332996063,0.372111111111111
0.3,268,67,0.76323764957976,3.398,0.0452951172605574,0.377555555555556
0.3,269,68,0.760214046108183,3.421,0.0467754951544818,0.380111111111111
0.3,270,69,0.757040286479226,3.355,0.0460988080117057,0.372777777777778
0.3,271,70,0.75404990724013,3.353,0.0455682725969228,0.372555555555556
0.3,272,71,0.750768712511221,3.277,0.0463510455051383,0.364111111111111
0.3,273,72,0.747872925612104,3.344,0.0449408909978839,0.371555555555556
0.3,274,73,0.744883754492051,3.383,0.0454574237872911,0.375888888888889
0.3,275,74,0.741754028923981,3.342,0.0443509075781208,0.371333333333333
0.3,276,75,0.738856570894225,3.347,0.0447950622010686,0.371888888888889
0.3,277,76,0.735901627155567,3.338,0.0455173354649394,0.370888888888889
0.3,278,77,0.733180145858557,3.319,0.0470260613963198,0.368777777777778
0.3,279,78,0.730486121100967,3.255,0.0426590529055064,0.361666666666667
0.3,280,79,0.727509219460541,3.222,0.0460742752394308,0.358
0.3,281,80,0.724638734577287,3.273,0.0457882907255509,0.363666666666667
0.3,282,81,0.722027301069806,3.309,0.0449392761238822,0.367666666666667
0.3,283,82,0.719157363328753,3.317,0.0461588739208575,0.368555555555556
0.3,284,83,0.716402066490476,3.273,0.0441182209230769,0.363666666666667
0.3,285,84,0.713550622199484,3.371,0.0443093931612963,0.374555555555556
0.3,286,85,0.710365728103578,3.198,0.0433667692672243,0.355333333333333
0.3,287,86,0.70739214026398,3.28,0.0456473841932229,0.364444444444444
0.3,288,87,0.704493392232609,3.284,0.0471122443061629,0.364888888888889
0.3,289,88,0.701792790907886,3.315,0.044696451456159,0.368333333333333
0.3,290,89,0.698806061340237,3.305,0.045409657970932,0.367222222222222
0.3,291,90,0.696016254515726,3.207,0.0449240377656455,0.356333333333333
0.3,292,91,0.693411292868508,3.276,0.0463246151626753,0.364
0.3,293,92,0.690927783146617,3.227,0.0462342795835363,0.358555555555556
0.3,294,93,0.688125964027527,3.267,0.0462801561455108,0.363
0.3,295,94,0.685240145930542,3.304,0.0448061557332425,0.367111111111111
0.3,296,95,0.682628578932546,3.194,0.0451043057634015,0.354888888888889
0.3,297,96,0.6797211566821,3.315,0.0456273696026503,0.368333333333333
0.3,298,97,0.676670928162654,3.227,0.0435358055669854,0.358555555555556
0.3,299,98,0.673963055982541,3.202,0.0453348789702943,0.355777777777778
0.3,300,99,0.671278859948733,3.182,0.0434829479999549,0.353555555555556
0.3,301,100,0.668655014817307,3.182,0.0467017885852038,0.353555555555556
0.3,302,101,0.666328729604923,3.195,0.0431374064569932,0.355
0.3,303,102,0.663934639397831,3.228,0.0446319169206075,0.358666666666667
0.3,304,103,0.661392344217353,3.19,0.0439298284748509,0.354444444444444
0.3,305,104,0.65859852094197,3.134,0.0436801093399725,0.348222222222222
0.3,306,105,0.656165155989994,3.192,0.0441257643909208,0.354666666666667
0.3,307,106,0.653607926572298,3.132,0.0453721790818407,0.348
0.3,308,107,0.650855530322312,3.147,0.0462766953501709,0.349666666666667
0.3,309,108,0.648447622311942,3.183,0.0456025283355052,0.353666666666667
0.3,310,109,0.645568770550063,3.146,0.0451522172514564,0.349555555555556
0.3,311,110,0.642893447837691,3.169,0.0434548884169242,0.352111111111111
0.3,312,111,0.640324903934064,3.169,0.0442085217282075,0.352111111111111
0.3,313,112,0.637764102753994,3.096,0.0437572702381978,0.344
0.3,314,113,0.63527744679378,3.189,0.0457315030407964,0.354333333333333
0.3,315,114,0.632735449052315,3.138,0.0451995464468283,0.348666666666667
0.3,316,115,0.630221110893839,3.126,0.0458063556968048,0.347333333333333
0.3,317,116,0.62806430553161,3.173,0.0443738666338653,0.352555555555556
0.3,318,117,0.625704215891795,3.133,0.0458411650420495,0.348111111111111
0.3,319,118,0.623263956078607,3.058,0.0449739775721319,0.339777777777778
0.3,320,119,0.620717310900771,3.114,0.0456627757488426,0.346
0.3,321,120,0.61808984067871,3.231,0.0446276890576986,0.359
0.3,322,121,0.615382779132961,3.126,0.0455213817474402,0.347333333333333
0.3,323,122,0.612814912849366,3.084,0.0443724341558237,0.342666666666667
0.3,324,123,0.610304654319478,3.104,0.0452020710501988,0.344888888888889
0.3,325,124,0.607879164345327,3.145,0.0448997883178863,0.349444444444444
0.3,326,125,0.605644635543764,3.066,0.0445604042803656,0.340666666666667
0.3,327,126,0.603134114568889,3.093,0.0432460544006182,0.343666666666667
0.3,328,127,0.600932115675365,3.121,0.0462005789302849,0.346777777777778
0.3,329,128,0.598568146442356,3.101,0.0458792317274814,0.344555555555556
0.3,330,129,0.595855240573546,3.118,0.045586776088622,0.346444444444444
0.3,331,130,0.593587045745098,3.058,0.045921070814439,0.339777777777778
0.3,332,131,0.591242495542584,3.129,0.0445234920164775,0.347666666666667
0.3,333,132,0.589061860279639,3.14,0.0450158463924256,0.348888888888889
0.3,334,133,0.586834232394585,3.064,0.0462606100699508,0.340444444444444
0.3,335,134,0.584328705308429,3.089,0.0463597695014568,0.343222222222222
0.3,336,135,0.582026521391317,3.032,0.0432995479289431,0.336888888888889
0.3,337,136,0.580002176900764,3.181,0.0455666030697409,0.353444444444444
0.3,338,137,0.577564597058252,3.096,0.0441897809084488,0.344
0.3,339,138,0.575190139292574,3.126,0.0447003593064095,0.347333333333333
0.3,340,139,0.573037842915291,3.003,0.0448888182736637,0.333666666666667
0.3,341,140,0.570968137312246,3.062,0.0453896047153557,0.340222222222222
0.3,342,141,0.568991622466676,3.144,0.0448472437868287,0.349333333333333
0.3,343,142,0.566719213315256,3.116,0.0446378374984332,0.346222222222222
0.3,344,143,0.564634573260473,2.988,0.0435402314159187,0.332
0.3,345,144,0.562440857319397,2.979,0.0443229457902283,0.331
0.3,346,145,0.559949441173048,3.004,0.0446987917284347,0.333777777777778
0.3,347,146,0.557751518482896,3.028,0.0426266704427293,0.336444444444444
0.3,348,147,0.555696940981598,3.117,0.0443991247918503,0.346333333333333
0.3,349,148,0.553300796550865,3.045,0.0452440274734912,0.338333333333333
0.3,350,149,0.551115976156647,3.043,0.0448459826758446,0.338111111111111
0.3,351,150,0.548705122807886,2.961,0.0432822406115064,0.329
0.3,352,151,0.546495830547581,3.023,0.0442767594956025,0.335888888888889
0.3,353,152,0.544363652815116,2.968,0.0451332805478729,0.329777777777778
0.3,354,153,0.542445760502638,3.016,0.0449417819380115,0.335111111111111
0.3,355,154,0.540529725458401,3.081,0.0449049602544692,0.342333333333333
0.3,356,155,0.538835484671356,2.961,0.0434898881393178,0.329
0.3,357,156,0.536605244860288,2.958,0.0417370096913756,0.328666666666667
0.3,358,157,0.534502844083885,2.938,0.0439555239769486,0.326444444444444
0.3,359,158,0.532237871483917,3.036,0.0456375589485983,0.337333333333333
0.3,360,159,0.530085311296095,2.961,0.0451610287584165,0.329
0.3,361,160,0.528002083015329,3.007,0.0444851652793372,0.334111111111111
0.3,362,161,0.526009822112373,3.009,0.0452212777789832,0.334333333333333
0.3,363,162,0.524105938778003,2.905,0.0441125936770999,0.322777777777778
0.3,364,163,0.522256161158563,2.889,0.0444145432448835,0.321
0.3,365,164,0.519876306121648,2.934,0.0434457308780913,0.326
0.3,366,165,0.517911090859576,2.932,0.0434887027544769,0.325777777777778
0.3,367,166,0.51588424115686,2.948,0.0447358614234407,0.327555555555556
0.3,368,167,0.513718876118774,2.867,0.0440823576303975,0.318555555555556
0.3,369,168,0.511704234452211,2.961,0.0426062705982851,0.329
0.3,370,169,0.509791693975528,2.976,0.0438331534953318,0.330666666666667
0.3,371,170,0.507903460550412,2.838,0.0441327962370808,0.315333333333333
0.3,372,171,0.506048806489051,2.98,0.0438123215490747,0.331111111111111
0.3,373,172,0.503907134392005,2.918,0.0437171269319842,0.324222222222222
0.3,374,173,0.501863571955539,2.934,0.0436067144548353,0.326
0.3,375,174,0.499857587387273,2.976,0.0460819655347677,0.330666666666667
0.3,376,175,0.497608456492197,2.908,0.0450062391403855,0.323111111111111
0.3,377,176,0.495641316494966,2.967,0.0458913610281611,0.329666666666667
0.3,378,177,0.493585724441889,2.94,0.0453260902180459,0.326666666666667
0.3,379,178,0.491730276066395,2.894,0.0435966129953313,0.321555555555556
0.3,380,179,0.489615927002134,2.938,0.0455437177910439,0.326444444444444
0.3,381,180,0.487537228933514,2.897,0.0429678628423294,0.321888888888889
0.3,382,181,0.485370601236228,2.93,0.044599205027546,0.325555555555556
0.3,383,182,0.483608784869369,2.935,0.0452639351340978,0.326111111111111
0.3,384,183,0.481477940475681,2.91,0.0444057639487474,0.323333333333333
0.3,385,184,0.479294914621688,2.866,0.0449451228061963,0.318444444444444
0.3,386,185,0.477505931055834,2.952,0.045008018415853,0.328
0.3,387,186,0.475746865182483,2.87,0.0448007489569889,0.318888888888889
0.3,388,187,0.473890250016277,2.853,0.0443097546185301,0.317
0.3,389,188,0.472137728762054,2.943,0.0446961827089155,0.327
0.3,390,189,0.470093941238617,2.927,0.0420170969539357,0.325222222222222
0.3,391,190,0.467968263587617,2.899,0.0456386007879505,0.322111111111111
0.3,392,191,0.466112889142293,2.98,0.0423248318530787,0.331111111111111
0.3,393,192,0.463938584430153,2.895,0.0452993049287407,0.321666666666667
0.3,394,193,0.461916436252938,2.851,0.0435740484428254,0.316777777777778
0.3,395,194,0.460349825406934,2.886,0.0443956639208716,0.320666666666667
0.3,396,195,0.458238847553816,2.869,0.044472652459875,0.318777777777778
0.3,397,196,0.456368488295288,2.806,0.0450376774755582,0.311777777777778
0.3,398,197,0.454659789753051,2.945,0.0445191751603392,0.327222222222222
0.3,399,198,0.452637887590561,2.862,0.0428110825463312,0.318
0.3,400,199,0.450736857816879,2.854,0.0434116178985368,0.317111111111111
0.3,401,200,0.448939503224338,2.793,0.0436813353625897,0.310333333333333
0.3,402,201,0.446851472811993,2.827,0.0440796326438191,0.314111111111111
0.3,403,202,0.444766655683524,2.927,0.0445382381179886,0.325222222222222
0.3,404,203,0.442961544912674,2.899,0.0447750354975162,0.322111111111111
0.3,405,204,0.441578444963544,2.805,0.0445753515068806,0.311666666666667
0.3,406,205,0.439465849953102,2.749,0.0435878297108137,0.305444444444444
0.3,407,206,0.437660638566202,2.794,0.0433294523556603,0.310444444444444
0.3,408,207,0.436126685971671,2.91,0.0438157485365687,0.323333333333333
0.3,409,208,0.433936004012821,2.786,0.0433137400841821,0.309555555555556
0.3,410,209,0.432066459467876,2.791,0.0446241001064483,0.310111111111111
0.3,411,210,0.430305493948043,2.821,0.0428111176190461,0.313444444444444
0.3,412,211,0.428366962420085,2.789,0.0459847104328558,0.309888888888889
0.3,413,212,0.426812902077355,2.72,0.0439947216781235,0.302222222222222
0.3,414,213,0.425543783867081,2.816,0.0435435418867142,0.312888888888889
0.3,415,214,0.424068361673353,2.772,0.0439311500640029,0.308
0.3,416,215,0.422052466711757,2.781,0.0450229504371502,0.309
0.3,417,216,0.420306810979745,2.897,0.0438670185368838,0.321888888888889
0.3,418,217,0.41871175268293,2.856,0.0445561359326549,0.317333333333333
0.3,419,218,0.417014388114399,2.844,0.0434689953133674,0.316
0.3,420,219,0.415440873350411,2.917,0.0433357703172447,0.324111111111111
0.3,421,220,0.413622279216214,2.846,0.0442294047013999,0.316222222222222
0.3,422,221,0.412135290341865,2.798,0.0443527131432018,0.310888888888889
0.3,423,222,0.410328122764327,2.83,0.043370277621673,0.314444444444444
0.3,424,223,0.408794321845499,2.786,0.0429423805586981,0.309555555555556
0.3,425,224,0.407146223806163,2.745,0.0434264995234576,0.305
0.3,426,225,0.405681591426419,2.784,0.0431648839591536,0.309333333333333
0.3,427,226,0.404229366170141,2.785,0.0432046483800256,0.309444444444444
0.3,428,227,0.402492898058253,2.934,0.0439269117236071,0.326
0.3,429,228,0.401107797631957,2.831,0.0429451194349635,0.314555555555556
0.3,430,229,0.399397112038889,2.787,0.0436753767990449,0.309666666666667
0.3,431,230,0.3978765646041,2.805,0.0437823239663211,0.311666666666667
0.3,432,231,0.396021315524524,2.763,0.0433671732040688,0.307
0.3,433,232,0.394527921604974,2.706,0.0438347520294742,0.300666666666667
0.3,434,233,0.392702515246052,2.717,0.0447986374560425,0.301888888888889
0.3,435,234,0.391014050690374,2.755,0.0425768456768204,0.306111111111111
0.3,436,235,0.389639051143537,2.716,0.043809396974431,0.301777777777778
0.3,437,236,0.388203326281341,2.846,0.0437057684315716,0.316222222222222
0.3,438,237,0.38700960395173,2.737,0.0427511246478811,0.304111111111111
0.3,439,238,0.385189406750817,2.762,0.0433039401351795,0.306888888888889
0.3,440,239,0.383504720100846,2.849,0.0438648278592669,0.316555555555556
0.3,441,240,0.382049759691797,2.757,0.0425412830173322,0.306333333333333
0.3,442,241,0.380648545415483,2.751,0.0429749443960763,0.305666666666667
0.3,443,242,0.379361386568662,2.788,0.042483654043183,0.309777777777778
0.3,444,243,0.377775764112222,2.78,0.0431214501084954,0.308888888888889
0.3,445,244,0.376384387844834,2.759,0.0424820400136777,0.306555555555556
0.3,446,245,0.374880498477229,2.7,0.0428466548966876,0.3
0.3,447,246,0.373385316599195,2.834,0.0430615640484446,0.314888888888889
0.3,448,247,0.371664478988277,2.766,0.0440134204667301,0.307333333333333
0.3,449,248,0.370355063899859,2.79,0.0437700333083699,0.31
0.3,450,249,0.368864574457423,2.748,0.0429690858913981,0.305333333333333
0.3,451,250,0.367336074869746,2.768,0.0443186206931143,0.307555555555556
0.3,452,251,0.366184662062028,2.688,0.0437100282151199,0.298666666666667
0.3,453,252,0.364519556750517,2.701,0.0442216525534104,0.300111111111111
0.3,454,253,0.362927448585205,2.618,0.0426367669259044,0.290888888888889
0.3,455,254,0.361709404255849,2.712,0.0438061065945716,0.301333333333333
0.3,456,255,0.360309767946178,2.71,0.0433564272026626,0.301111111111111
0.3,457,256,0.358736691095454,2.716,0.0434653106883323,0.301777777777778
0.3,458,257,0.35736089669387,2.753,0.0444968647319222,0.305888888888889
0.3,459,258,0.356199296558025,2.716,0.0428156183790121,0.301777777777778
0.3,460,259,0.355023304426091,2.774,0.0425056552793944,0.308222222222222
0.3,461,260,0.353666129429776,2.679,0.042447152563638,0.297666666666667
0.3,462,261,0.352493352661868,2.632,0.0439375295903912,0.292444444444444
0.3,463,262,0.350826175371612,2.761,0.0436552950371977,0.306777777777778
0.3,464,263,0.349080468564968,2.736,0.0433610906710635,0.304
0.3,465,264,0.347593670350289,2.77,0.0430924234286835,0.307777777777778
0.3,466,265,0.346445443187769,2.618,0.0424013428310221,0.290888888888889
0.3,467,266,0.345028089741648,2.662,0.0444717183582302,0.295777777777778
0.3,468,267,0.343893301970181,2.655,0.0433572929834745,0.295
0.3,469,268,0.342639410999129,2.719,0.0436571293713288,0.302111111111111
0.3,470,269,0.341291325390986,2.673,0.0427773409751112,0.297
0.3,471,270,0.339552504406518,2.641,0.0422599681129188,0.293444444444444
0.3,472,271,0.338256881997726,2.695,0.0459356624539702,0.299444444444444
0.3,473,272,0.336930984110291,2.714,0.0424028537011603,0.301555555555556
0.3,474,273,0.335562573912674,2.768,0.0428253430810543,0.307555555555556
0.3,475,274,0.334144168543535,2.633,0.0426160430721474,0.292555555555556
0.3,476,275,0.332767862382528,2.666,0.044276454288983,0.296222222222222
0.3,477,276,0.331317689218929,2.638,0.042553105254103,0.293111111111111
0.3,478,277,0.330282316864049,2.613,0.0426737864742757,0.290333333333333
0.3,479,278,0.328869647471222,2.721,0.0444199519600388,0.302333333333333
0.3,480,279,0.327755944592893,2.716,0.041726311664046,0.301777777777778
0.3,481,280,0.326639673593512,2.668,0.0446516491271015,0.296444444444444
0.3,482,281,0.324994061460695,2.584,0.0430441261590569,0.287111111111111
0.3,483,282,0.32357680811385,2.612,0.0438563493622005,0.290222222222222
0.3,484,283,0.322520660876676,2.595,0.0436449296010417,0.288333333333333
0.3,485,284,0.321042179863058,2.715,0.0435393003006556,0.301666666666667
0.3,486,285,0.319824293134417,2.626,0.0440006824953892,0.291777777777778
0.3,487,286,0.31847505709111,2.639,0.0436873847647989,0.293222222222222
0.3,488,287,0.317487476319345,2.653,0.0427366051227449,0.294777777777778
0.3,489,288,0.316163163557789,2.688,0.0455272306288087,0.298666666666667
0.3,490,289,0.314994500408541,2.666,0.043730496868391,0.296222222222222
0.3,491,290,0.313816169316917,2.657,0.0422745566285224,0.295222222222222
0.3,492,291,0.312434232274469,2.671,0.0419585452502768,0.296777777777778
0.3,493,292,0.311505349995601,2.65,0.0430738360882258,0.294444444444444
0.3,494,293,0.310309449051766,2.658,0.0431149033965624,0.295333333333333
0.3,495,294,0.308997584553249,2.61,0.042564206931549,0.29
0.3,496,295,0.307762944106673,2.664,0.0436693371945467,0.296
0.3,497,296,0.306334092905458,2.63,0.0430459400286825,0.292222222222222
0.3,498,297,0.305163321442879,2.634,0.044045249278259,0.292666666666667
0.3,499,298,0.303921405350859,2.628,0.0434223617678898,0.292
0.3,500,299,0.302617671478888,2.55,0.0429574829959269,0.283333333333333
0.3,501,300,0.301386037347441,2.613,0.0416048309930707,0.290333333333333
0.3,502,301,0.300219338897614,2.707,0.0451795550242831,0.300777777777778
0.3,503,302,0.299144844522346,2.648,0.0423543373208683,0.294222222222222
0.3,504,303,0.297691487621495,2.662,0.043053566746666,0.295777777777778
0.3,505,304,0.296833929662013,2.643,0.0438117617823166,0.293666666666667
0.3,506,305,0.295595956574196,2.681,0.0420357705532561,0.297888888888889
0.3,507,306,0.294290299609521,2.606,0.0419347412359078,0.289555555555556
0.3,508,307,0.293026797180111,2.574,0.0428060317753978,0.286
0.3,509,308,0.291626267351874,2.554,0.0429992201433112,0.283777777777778
0.3,510,309,0.290768965095886,2.546,0.0428452998556402,0.282888888888889
0.3,511,310,0.289573481814901,2.586,0.0429936326966266,0.287333333333333
0.3,512,311,0.288416181589732,2.586,0.0421946013653924,0.287333333333333
0.3,513,312,0.287212846430648,2.638,0.043021004251491,0.293111111111111
0.3,514,313,0.286305946797585,2.548,0.0430063430850099,0.283111111111111
0.3,515,314,0.285251975897761,2.645,0.042834679989581,0.293888888888889
0.3,516,315,0.284297826460057,2.667,0.0440687310125112,0.296333333333333
0.3,517,316,0.283248735150048,2.612,0.0426294883064913,0.290222222222222
0.3,518,317,0.282257269821967,2.588,0.0429196702934459,0.287555555555556
0.3,519,318,0.281082789606547,2.692,0.0437155240966755,0.299111111111111
0.3,520,319,0.279750221755054,2.614,0.0436911079387202,0.290444444444444
0.3,521,320,0.278313760593058,2.6,0.0429633081343353,0.288888888888889
0.3,522,321,0.27727976171779,2.659,0.0422907496683085,0.295444444444444
0.3,523,322,0.276275060465841,2.553,0.0422015636199886,0.283666666666667
0.3,524,323,0.274881715485294,2.628,0.0435834316629096,0.292
0.3,525,324,0.27358681231921,2.618,0.0431501788865114,0.290888888888889
0.3,526,325,0.27219620578506,2.623,0.0441907662733271,0.291444444444444
0.3,527,326,0.270967186732781,2.589,0.0432197518149624,0.287666666666667
0.3,528,327,0.269733735561126,2.585,0.0441896789728975,0.287222222222222
0.3,529,328,0.268611283364604,2.563,0.0422115246444949,0.284777777777778
0.3,530,329,0.267552987632807,2.581,0.0427933437612707,0.286777777777778
0.3,531,330,0.266343186584517,2.645,0.0426473187175207,0.293888888888889
0.3,532,331,0.265358584364588,2.528,0.0437622112230534,0.280888888888889
0.3,533,332,0.264428860291214,2.581,0.0426058007113382,0.286777777777778
0.3,534,333,0.263269582161142,2.682,0.0434138314452983,0.298
0.3,535,334,0.262107391526589,2.567,0.0424182780215121,0.285222222222222
0.3,536,335,0.26102898643461,2.582,0.042838196870446,0.286888888888889
0.3,537,336,0.260100387901853,2.631,0.0416001150187059,0.292333333333333
0.3,538,337,0.259085064286319,2.592,0.0425128609169431,0.288
0.3,539,338,0.25794728520706,2.56,0.0429912578118883,0.284444444444444
0.3,540,339,0.256720724995861,2.641,0.0437038788785279,0.293444444444444
0.3,541,340,0.256006844331676,2.55,0.0418240271763642,0.283333333333333
0.3,542,341,0.254962204128276,2.589,0.0421646398876695,0.287666666666667
0.3,543,342,0.254050436509521,2.479,0.0429348623195929,0.275444444444444
0.3,544,343,0.253135702580409,2.609,0.0427779025777205,0.289888888888889
0.3,545,344,0.251866370836374,2.495,0.0426355813000453,0.277222222222222
0.3,546,345,0.250902261480204,2.531,0.0422945366191405,0.281222222222222
0.3,547,346,0.250133697327113,2.621,0.0439008688557104,0.291222222222222
0.3,548,347,0.249179227348002,2.602,0.0430749515548357,0.289111111111111
0.3,549,348,0.247972906971159,2.54,0.0430145353369098,0.282222222222222
0.3,550,349,0.246669750975329,2.52,0.0422064139839123,0.28
0.3,551,350,0.245732953976916,2.623,0.0438496726760166,0.291444444444444
0.3,552,351,0.24463857358824,2.527,0.042320941176468,0.280777777777778
0.3,553,352,0.243733999728704,2.53,0.0416032550509071,0.281111111111111
0.3,554,353,0.243007720466497,2.443,0.0421726158725013,0.271444444444444
0.3,555,354,0.242184053060832,2.549,0.0418252118745182,0.283222222222222
0.3,556,355,0.241140799405549,2.499,0.0430563915447271,0.277666666666667
0.3,557,356,0.240151179712379,2.488,0.042610699028198,0.276444444444444
0.3,558,357,0.239422917421648,2.468,0.044507942627771,0.274222222222222
0.3,559,358,0.238266010375181,2.533,0.0426465676195602,0.281444444444444
0.3,560,359,0.237377824485864,2.527,0.0402851572405259,0.280777777777778
0.3,561,360,0.23600417633003,2.514,0.0423508866211514,0.279333333333333
0.3,562,361,0.235173730452975,2.575,0.0428276687342332,0.286111111111111
0.3,563,362,0.234216546115391,2.484,0.0412970876630479,0.276
0.3,564,363,0.233035617821193,2.556,0.0418164155878121,0.284
0.3,565,364,0.232239579527196,2.581,0.0431195813789781,0.286777777777778
0.3,566,365,0.231460855881751,2.516,0.0431927031986842,0.279555555555556
0.3,567,366,0.230253780264462,2.517,0.0424913699063293,0.279666666666667
0.3,568,367,0.229319891031667,2.546,0.0437011875558753,0.282888888888889
0.3,569,368,0.228304468501675,2.465,0.0428557068733162,0.273888888888889
0.3,570,369,0.227422097117207,2.503,0.0435187877230616,0.278111111111111
0.3,571,370,0.226447212343166,2.593,0.0444671601108991,0.288111111111111
0.3,572,371,0.225604984985358,2.484,0.0438596359728131,0.276
0.3,573,372,0.224638059926118,2.494,0.0427058284990211,0.277111111111111
0.3,574,373,0.223389257655222,2.445,0.0426707838666668,0.271666666666667
0.3,575,374,0.222550249935234,2.478,0.0422291285642896,0.275333333333333
0.3,576,375,0.221705494693416,2.511,0.0427282658752342,0.279
0.3,577,376,0.220715214981231,2.504,0.0421397645907019,0.278222222222222
0.3,578,377,0.220064893254922,2.451,0.0428653290718318,0.272333333333333
0.3,579,378,0.219456811587196,2.495,0.0412756426803831,0.277222222222222
0.3,580,379,0.218628720985637,2.459,0.042286015502848,0.273222222222222
0.3,581,380,0.21795016749503,2.482,0.0422547211736328,0.275777777777778
0.3,582,381,0.216894147118613,2.458,0.0421427575273854,0.273111111111111
0.3,583,382,0.21583646801671,2.485,0.0400422074613573,0.276111111111111
0.3,584,383,0.214708270477286,2.447,0.0414114224086287,0.271888888888889
0.3,585,384,0.214181946466687,2.541,0.0429903148065603,0.282333333333333
0.3,586,385,0.213115320773274,2.427,0.0423611315413725,0.269666666666667
0.3,587,386,0.212426230323044,2.516,0.0433777088563428,0.279555555555556
0.3,588,387,0.211678430832162,2.585,0.0411882443358719,0.287222222222222
0.3,589,388,0.210626466269867,2.492,0.0413962516376744,0.276888888888889
0.3,590,389,0.209741754834456,2.532,0.0432995479289431,0.281333333333333
0.3,591,390,0.208674164001427,2.568,0.041292627442209,0.285333333333333
0.3,592,391,0.207811939527074,2.555,0.0424355484915156,0.283888888888889
0.3,593,392,0.207048810697688,2.479,0.0415365415542061,0.275444444444444
0.3,594,393,0.206092629324101,2.421,0.0428204693177526,0.269
0.3,595,394,0.205039546303239,2.515,0.0417074875114112,0.279444444444444
0.3,596,395,0.20437613654152,2.502,0.0418299622967287,0.278
0.3,597,396,0.203463669277853,2.495,0.0417098874934313,0.277222222222222
0.3,598,397,0.202387856987651,2.469,0.0434848241335977,0.274333333333333
0.3,599,398,0.20165143582425,2.436,0.0425642539663944,0.270666666666667
0.3,600,399,0.200801150636856,2.498,0.0418777954260937,0.277555555555555
0.3,601,400,0.200300276574704,2.425,0.042428471280205,0.269444444444444
0.3,602,401,0.199467503217972,2.491,0.0406395198122536,0.276777777777778
0.3,603,402,0.198811463951509,2.445,0.041865591214358,0.271666666666667
0.3,604,403,0.198249699204176,2.477,0.0418236801372169,0.275222222222222
0.3,605,404,0.197399967298809,2.457,0.041398851008994,0.273
0.3,606,405,0.196596860563616,2.42,0.040832184208872,0.268888888888889
0.3,607,406,0.196066828257509,2.559,0.0427123324502812,0.284333333333333
0.3,608,407,0.195198384967949,2.468,0.0423883565707939,0.274222222222222
0.3,609,408,0.194188402718038,2.445,0.0426473187175207,0.271666666666667
0.3,610,409,0.193438207396791,2.46,0.0430842924539358,0.273333333333333
0.3,611,410,0.192743591763909,2.564,0.0413716764902707,0.284888888888889
0.3,612,411,0.192284265107721,2.442,0.0424315500121834,0.271333333333333
0.3,613,412,0.191275521441884,2.454,0.0430782977813625,0.272666666666667
0.3,614,413,0.190287518100797,2.463,0.0425257503101291,0.273666666666667
0.3,615,414,0.189615661587278,2.478,0.0436511331058133,0.275333333333333
0.3,616,415,0.188670595388289,2.437,0.0424008116529486,0.270777777777778
0.3,617,416,0.18799401762511,2.428,0.0437576362562093,0.269777777777778
0.3,618,417,0.18735505226708,2.429,0.0418175526269497,0.269888888888889
0.3,619,418,0.186736164764573,2.392,0.0418340302395799,0.265777777777778
0.3,620,419,0.186055678119788,2.468,0.0425062675705922,0.274222222222222
0.3,621,420,0.18482201204679,2.4,0.0409105569953976,0.266666666666667
0.3,622,421,0.184225026533638,2.521,0.04253667086607,0.280111111111111
0.3,623,422,0.183356493553124,2.432,0.0437869077841,0.270222222222222
0.3,624,423,0.182732120612404,2.533,0.0431598629953081,0.281444444444444
0.3,625,424,0.182355075590245,2.501,0.044339203476889,0.277888888888889
0.3,626,425,0.181261010836429,2.468,0.0433919215852312,0.274222222222222
0.3,627,426,0.180549995628713,2.448,0.0422502198938784,0.272
0.3,628,427,0.179844708665027,2.432,0.0419420449565246,0.270222222222222
0.3,629,428,0.178729101505607,2.363,0.0408276609408119,0.262555555555556
0.3,630,429,0.178000422625372,2.463,0.0425257503101291,0.273666666666667
0.3,631,430,0.17725509056762,2.424,0.044047294629343,0.269333333333333
0.3,632,431,0.17675102737089,2.45,0.0413183640432098,0.272222222222222
0.3,633,432,0.175726642058033,2.493,0.0424470582343789,0.277
0.3,634,433,0.175018454021267,2.414,0.0417414224284024,0.268222222222222
0.3,635,434,0.17453076779916,2.447,0.0428138298219629,0.271888888888889
0.3,636,435,0.173481239942387,2.429,0.0413360335260613,0.269888888888889
0.3,637,436,0.172778734064861,2.438,0.0399217954224222,0.270888888888889
0.3,638,437,0.171909017399901,2.471,0.0417240925593347,0.274555555555556
0.3,639,438,0.17171269805478,2.419,0.0408302107036703,0.268777777777778
0.3,640,439,0.171044526811116,2.477,0.0424178060520611,0.275222222222222
0.3,641,440,0.170173674117445,2.457,0.0423549872499682,0.273
0.3,642,441,0.16949410358162,2.502,0.0425653357534956,0.278
0.3,643,442,0.168792230398737,2.473,0.0426507923735315,0.274777777777778
0.3,644,443,0.168127586051805,2.486,0.0420186811974102,0.276222222222222
0.3,645,444,0.167295927831399,2.454,0.0427985480561633,0.272666666666667
0.3,646,445,0.166436391926199,2.473,0.0433029577066757,0.274777777777778
0.3,647,446,0.165706451711357,2.518,0.0427024530852676,0.279777777777778
0.3,648,447,0.165095488801699,2.475,0.0407803633877635,0.275
0.3,649,448,0.164386635718363,2.49,0.0422573743349687,0.276666666666667
0.3,650,449,0.163647290723136,2.407,0.0425342233990485,0.267444444444444
0.3,651,450,0.16299730167221,2.432,0.0431652550002804,0.270222222222222
0.3,652,451,0.162711248742188,2.383,0.04022348727956,0.264777777777778
0.3,653,452,0.162380635544813,2.496,0.0436106166648203,0.277333333333333
0.3,654,453,0.161825804842985,2.412,0.0419763983449988,0.268
0.3,655,454,0.161208414057555,2.465,0.0415752751464556,0.273888888888889
0.3,656,455,0.160728107432674,2.455,0.0434034429378461,0.272777777777778
0.3,657,456,0.159755406742197,2.429,0.0409222877370466,0.269888888888889
0.3,658,457,0.159343875168836,2.364,0.0429575296001685,0.262666666666667
0.3,659,458,0.158702855203612,2.45,0.0421577665119641,0.272222222222222
0.3,660,459,0.1580198943465,2.412,0.0416412054339208,0.268
0.3,661,460,0.157203170307937,2.458,0.0412302793579661,0.273111111111111
0.3,662,461,0.1566053437725,2.377,0.0403298586347324,0.264111111111111
0.3,663,462,0.155416883061898,2.412,0.0417372495260289,0.268
0.3,664,463,0.155052399005176,2.435,0.0413943050248278,0.270555555555556
0.3,665,464,0.15429748434484,2.374,0.0428714585938239,0.263777777777778
0.3,666,465,0.153913059210403,2.46,0.0399248543390456,0.273333333333333
0.3,667,466,0.153344149709183,2.425,0.0405218091528133,0.269444444444444
0.3,668,467,0.152795158984339,2.446,0.0414342949837548,0.271777777777778
0.3,669,468,0.152327965127314,2.432,0.0416065752869315,0.270222222222222
0.3,670,469,0.151863378132007,2.42,0.0415129295921561,0.268888888888889
0.3,671,470,0.151093956088126,2.422,0.0417571510002736,0.269111111111111
0.3,672,471,0.150712804645124,2.361,0.0413810511151106,0.262333333333333
0.3,673,472,0.150072948856453,2.295,0.041541553903299,0.255
0.3,674,473,0.149922030597621,2.472,0.0416046505447042,0.274666666666667
0.3,675,474,0.149528220770129,2.446,0.0426016302375732,0.271777777777778
0.3,676,475,0.149075635997926,2.345,0.0416858814553886,0.260555555555556
0.3,677,476,0.148510388823715,2.463,0.0419570183806166,0.273666666666667
0.3,678,477,0.147895145509615,2.482,0.0422310248450052,0.275777777777778
0.3,679,478,0.147086211366071,2.368,0.0423600090931337,0.263111111111111
0.3,680,479,0.14629075217517,2.447,0.0409740145686244,0.271888888888889
0.3,681,480,0.145812846308259,2.42,0.0416813787840245,0.268888888888889
0.3,682,481,0.145295633810817,2.314,0.040559204245757,0.257111111111111
0.3,683,482,0.144693795896706,2.376,0.043503063300376,0.264
0.3,684,483,0.144099690328553,2.44,0.0428045819069902,0.271111111111111
0.3,685,484,0.143554766184935,2.408,0.0422767468394071,0.267555555555556
0.3,686,485,0.14300990056993,2.355,0.0416258057904915,0.261666666666667
0.3,687,486,0.142362933638849,2.425,0.0417386765137219,0.269444444444444
0.3,688,487,0.141762177156018,2.347,0.042170716965323,0.260777777777778
0.3,689,488,0.141495972155001,2.427,0.0408698096562895,0.269666666666667
0.3,690,489,0.140847325124353,2.368,0.0423600090931337,0.263111111111111
0.3,691,490,0.140193604660163,2.368,0.0399019820080176,0.263111111111111
0.3,692,491,0.139724516040951,2.356,0.0425096585621555,0.261777777777778
0.3,693,492,0.138862836534232,2.373,0.0419956501870686,0.263666666666667
0.3,694,493,0.138361338145743,2.385,0.0411639340863996,0.265
0.3,695,494,0.137793566912244,2.465,0.0406254283106703,0.273888888888889
0.3,696,495,0.136847916701344,2.326,0.0411997745311964,0.258444444444444
0.3,697,496,0.136660308411475,2.365,0.0423032453195328,0.262777777777778
0.3,698,497,0.135792577928568,2.409,0.0415143642904772,0.267666666666667
0.3,699,498,0.135332333237168,2.316,0.0409123186560946,0.257333333333333
0.3,700,499,0.134590451127573,2.399,0.042066240247597,0.266555555555556
0.3,701,500,0.134175876609123,2.434,0.0408817234875846,0.270444444444444
0.3,702,501,0.133549467326616,2.401,0.0420709991439348,0.266777777777778
0.3,703,502,0.132988546814016,2.367,0.0410852649863549,0.263
0.3,704,503,0.132044717245734,2.425,0.040497098846893,0.269444444444444
0.3,705,504,0.131359224389109,2.368,0.0415969506851921,0.263111111111111
0.3,706,505,0.130933056976814,2.362,0.0434838688118577,0.262444444444444
0.3,707,506,0.130531752105983,2.39,0.0416128781945162,0.265555555555556
0.3,708,507,0.129836796748113,2.417,0.0408996795071035,0.268555555555556
0.3,709,508,0.129062986229413,2.423,0.040518054157532,0.269222222222222
0.3,710,509,0.128437211096927,2.387,0.042603357215671,0.265222222222222
0.3,711,510,0.127807306773434,2.298,0.0419398969354354,0.255333333333333
0.3,712,511,0.127311346981924,2.307,0.0401542446493936,0.256333333333333
0.3,713,512,0.126852328560195,2.422,0.0413476193465309,0.269111111111111
0.3,714,513,0.126367854674957,2.46,0.0429912578118884,0.273333333333333
0.3,715,514,0.125810981841529,2.298,0.0409984984710033,0.255333333333333
0.3,716,515,0.125381680212371,2.335,0.0415029817904389,0.259444444444444
0.3,717,516,0.125035447722252,2.39,0.0418527376840711,0.265555555555556
0.3,718,517,0.124651398163071,2.37,0.0420579227835713,0.263333333333333
0.3,719,518,0.124165528230404,2.353,0.04029906965446,0.261444444444444
0.3,720,519,0.123578523383526,2.369,0.0426926417742174,0.263222222222222
0.3,721,520,0.122883877211777,2.403,0.0409177866613685,0.267
0.3,722,521,0.12217466010627,2.355,0.0411906745716998,0.261666666666667
0.3,723,522,0.121334601515352,2.386,0.0415057432980873,0.265111111111111
0.3,724,523,0.120922269991356,2.347,0.0400023898184996,0.260777777777778
0.3,725,524,0.120400362084315,2.36,0.0428279608927885,0.262222222222222
0.3,726,525,0.120013305216312,2.38,0.041319575352456,0.264444444444444
0.3,727,526,0.11947955488618,2.398,0.0423956765884612,0.266444444444444
0.3,728,527,0.119023110102622,2.326,0.041850632916068,0.258444444444444
0.3,729,528,0.118763028859985,2.268,0.0424025232029178,0.252
0.3,730,529,0.118231922199287,2.335,0.0409933586749788,0.259444444444444
0.3,731,530,0.117786028842638,2.317,0.0417642820512365,0.257444444444444
0.3,732,531,0.117476875266917,2.376,0.0407220122572828,0.264
0.3,733,532,0.117364525914887,2.387,0.0434179239037996,0.265222222222222
0.3,734,533,0.116727931565085,2.351,0.0412249742085855,0.261222222222222
0.3,735,534,0.116303805646371,2.429,0.0422462275681953,0.269888888888889
0.3,736,535,0.115789724515791,2.379,0.041870181658456,0.264333333333333
0.3,737,536,0.115361007234344,2.31,0.0405406406405171,0.256666666666667
0.3,738,537,0.114891132416676,2.378,0.0411923878017871,0.264222222222222
0.3,739,538,0.114393714624329,2.445,0.0432069652005535,0.271666666666667
0.3,740,539,0.113841293642727,2.318,0.0418883113843306,0.257555555555556
0.3,741,540,0.113557666799144,2.361,0.041477697614494,0.262333333333333
0.3,742,541,0.113079234996106,2.361,0.0403026463560807,0.262333333333333
0.3,743,542,0.112376056200792,2.356,0.0403843397233987,0.261777777777778
0.3,744,543,0.111621291314749,2.38,0.0407094246736211,0.264444444444444
0.3,745,544,0.111189711597158,2.381,0.0414916926692628,0.264555555555556
0.3,746,545,0.110318439551614,2.418,0.0421788460612074,0.268666666666667
0.3,747,546,0.109824764475475,2.368,0.0404501200518887,0.263111111111111
0.3,748,547,0.10954525609186,2.328,0.0424761135253713,0.258666666666667
0.3,749,548,0.109602583938257,2.314,0.0408297816681777,0.257111111111111
0.3,750,549,0.109263967166894,2.308,0.0422009113280375,0.256444444444444
0.3,751,550,0.109019351004823,2.37,0.0418670855547987,0.263333333333333
0.3,752,551,0.108388033687706,2.378,0.0417954885467662,0.264222222222222
0.3,753,552,0.107996677618726,2.348,0.0428337569065653,0.260888888888889
0.3,754,553,0.107460366746805,2.274,0.0416251925720072,0.252666666666667
0.3,755,554,0.107220794128082,2.413,0.0439358778376095,0.268111111111111
0.3,756,555,0.106854090835989,2.371,0.0420847969001888,0.263444444444444
0.3,757,556,0.106357026382134,2.409,0.0410292871300783,0.267666666666667
0.3,758,557,0.106053380493503,2.373,0.0426578327003458,0.263666666666667
0.3,759,558,0.105618230787754,2.326,0.0418984424469392,0.258444444444444
0.3,760,559,0.105132579151335,2.324,0.0416023407364869,0.258222222222222
0.3,761,560,0.104884833475774,2.295,0.0414208967876201,0.255
0.3,762,561,0.104491247878069,2.36,0.040768395382478,0.262222222222222
0.3,763,562,0.104048624186546,2.355,0.0413362272550808,0.261666666666667
0.3,764,563,0.103318739372289,2.333,0.0408139287103899,0.259222222222222
0.3,765,564,0.10295861057366,2.338,0.040907571786033,0.259777777777778
0.3,766,565,0.102619714782732,2.293,0.0414833927237382,0.254777777777778
0.3,767,566,0.102199821376065,2.33,0.0416993865523085,0.258888888888889
0.3,768,567,0.101925080936685,2.364,0.0433749396009423,0.262666666666667
0.3,769,568,0.101556775105642,2.397,0.041750857885008,0.266333333333333
0.3,770,569,0.101273102886409,2.299,0.0418730504304659,0.255444444444444
0.3,771,570,0.101126789207036,2.363,0.0418447366102594,0.262555555555556
0.3,772,571,0.100807797314655,2.33,0.0421292638776763,0.258888888888889
0.3,773,572,0.100277281622329,2.314,0.0416309636825419,0.257111111111111
0.3,774,573,0.0997458124779977,2.237,0.041648115990589,0.248555555555556
0.3,775,574,0.0995941029805271,2.341,0.0416227275830342,0.260111111111111
0.3,776,575,0.099623570251688,2.374,0.0418075575927591,0.263777777777778
0.3,777,576,0.0992182580624514,2.338,0.0405388628281481,0.259777777777778
0.3,778,577,0.0985734912949021,2.388,0.0424883661872431,0.265333333333333
0.3,779,578,0.0984006280441538,2.281,0.0410575781643867,0.253444444444444
0.3,780,579,0.0980954337546765,2.357,0.0407825233919409,0.261888888888889
0.3,781,580,0.0977317625271112,2.408,0.0415603568712212,0.267555555555556
0.3,782,581,0.0976243427104911,2.288,0.0416988584351513,0.254222222222222
0.3,783,582,0.0971590616072779,2.314,0.0409521804191312,0.257111111111111
0.3,784,583,0.0964481937729697,2.344,0.0413929628968183,0.260444444444444
0.3,785,584,0.0960650489096742,2.34,0.0415466740681625,0.26
0.3,786,585,0.0954666308223141,2.294,0.0410273963010969,0.254888888888889
0.3,787,586,0.0949237061400362,2.296,0.0410373984076483,0.255111111111111
0.3,788,587,0.0946919432916472,2.297,0.0420066132359603,0.255222222222222
0.3,789,588,0.0943294437067155,2.252,0.039674551920218,0.250222222222222
0.3,790,589,0.094001263983469,2.33,0.0408015289513122,0.258888888888889
0.3,791,590,0.0933874195723467,2.281,0.0405176588746275,0.253444444444444
0.3,792,591,0.0929566204661344,2.314,0.0426053895560081,0.257111111111111
0.3,793,592,0.0926129313819618,2.282,0.0412089089175408,0.253555555555556
0.3,794,593,0.0924359685188804,2.364,0.0411727968347938,0.262666666666667
0.3,795,594,0.0922659371499347,2.301,0.0397237583440564,0.255666666666667
0.3,796,595,0.0918923390962253,2.333,0.041422540081782,0.259222222222222
0.3,797,596,0.0914877202534993,2.45,0.0412213439761394,0.272222222222222
0.3,798,597,0.0913454531055659,2.335,0.0429257220978008,0.259444444444444
0.3,799,598,0.0911738866385052,2.226,0.0412386302467068,0.247333333333333
0.3,800,599,0.0911836437416301,2.274,0.0402808459015767,0.252666666666667
0.3,801,600,0.0902300716462699,2.339,0.0421646398876697,0.259888888888889
0.3,802,601,0.0899667023199273,2.356,0.0417013549300617,0.261777777777778
0.3,803,602,0.0894843691968223,2.399,0.0412977542307629,0.266555555555555
0.3,804,603,0.0891563573565255,2.394,0.0427152032488271,0.266
0.3,805,604,0.0888363618308446,2.377,0.0416245552961663,0.264111111111111
0.3,806,605,0.0883100300410372,2.263,0.0413465904342855,0.251444444444444
0.3,807,606,0.0879682302814839,2.373,0.0415884671585838,0.263666666666667
0.3,808,607,0.0877097278046515,2.261,0.0425051254048931,0.251222222222222
0.3,809,608,0.0872615433201812,2.342,0.0411427846496654,0.260222222222222
0.3,810,609,0.0870793797791281,2.352,0.0409850677171062,0.261333333333333
0.3,811,610,0.0867800770241857,2.266,0.0411209792555446,0.251777777777778
0.3,812,611,0.0864947638453645,2.348,0.0412140096883886,0.260888888888889
0.3,813,612,0.0861302497644189,2.319,0.0426738803023589,0.257666666666667
0.3,814,613,0.0857324882289637,2.349,0.0434175550219504,0.261
0.3,815,614,0.0852235170753557,2.19,0.0409093335752805,0.243333333333333
0.3,816,615,0.0848097542980209,2.304,0.0417291903267403,0.256
0.3,817,616,0.0845801939529654,2.397,0.0420851774638312,0.266333333333333
0.3,818,617,0.0843931676447148,2.322,0.0410609547137178,0.258
0.3,819,618,0.0842158975316133,2.319,0.0427676053581219,0.257666666666667
0.3,820,619,0.0836407591873553,2.345,0.0426120967659512,0.260555555555556
0.3,821,620,0.0834396402962881,2.333,0.0419985103887612,0.259222222222222
0.3,822,621,0.0830868554829073,2.298,0.041193359815544,0.255333333333333
0.3,823,622,0.0826848087727374,2.3,0.0396430519961768,0.255555555555556
0.3,824,623,0.082451574791045,2.285,0.0424449829376402,0.253888888888889
0.3,825,624,0.0818049778079243,2.338,0.041538915266067,0.259777777777778
0.3,826,625,0.0814193995613029,2.346,0.0427330096074461,0.260666666666667
0.3,827,626,0.0808914913992817,2.308,0.0423193445947228,0.256444444444444
0.3,828,627,0.0806075557832129,2.31,0.0429854364610592,0.256666666666667
0.3,829,628,0.0799909717317829,2.256,0.0416437053850662,0.250666666666667
0.3,830,629,0.0798645151909666,2.33,0.0421767575671588,0.258888888888889
0.3,831,630,0.0792477202068346,2.388,0.0420859504731357,0.265333333333333
0.3,832,631,0.0788629820916848,2.38,0.0429586480867987,0.264444444444444
0.3,833,632,0.0786413314560267,2.266,0.0414362276391198,0.251777777777778
0.3,834,633,0.0785168240687989,2.35,0.041824027176364,0.261111111111111
0.3,835,634,0.0780329980732748,2.391,0.0417595840839305,0.265666666666667
0.3,836,635,0.0774363460522913,2.289,0.0416078142926328,0.254333333333333
0.3,837,636,0.0771133300067088,2.239,0.0413229547175245,0.248777777777778
0.3,838,637,0.0769023591829932,2.239,0.041443896976474,0.248777777777778
0.3,839,638,0.0765572762079627,2.287,0.0419331538211638,0.254111111111111
0.3,840,639,0.0763759290176172,2.36,0.0424287661875783,0.262222222222222
0.3,841,640,0.0762328065305739,2.266,0.0401603891522089,0.251777777777778
0.3,842,641,0.0760861688535626,2.298,0.0411447309978917,0.255333333333333
0.3,843,642,0.0757000024766446,2.379,0.042037199313538,0.264333333333333
0.3,844,643,0.0756105016938346,2.361,0.0414535571139245,0.262333333333333
0.3,845,644,0.075382242014971,2.278,0.0408213471407103,0.253111111111111
0.3,846,645,0.0750364850482823,2.317,0.0420509129422806,0.257444444444444
0.3,847,646,0.0744359228122687,2.294,0.0418247930456724,0.254888888888889
0.3,848,647,0.074143537976669,2.291,0.04207242670787,0.254555555555556
0.3,849,648,0.0738904370331664,2.306,0.0418582861105911,0.256222222222222
0.3,850,649,0.0736330979259973,2.326,0.0418745445047164,0.258444444444444
0.3,851,650,0.0733771787729358,2.317,0.0413063822818847,0.257444444444444
0.3,852,651,0.0728742230494345,2.293,0.0410711314409265,0.254777777777778
0.3,853,652,0.0728761849781024,2.365,0.0417554609424747,0.262777777777778
0.3,854,653,0.0726675081815337,2.295,0.0409102511437982,0.255
0.3,855,654,0.0724898779230342,2.301,0.0394455948738888,0.255666666666667
0.3,856,655,0.072209172850733,2.384,0.0414760685729041,0.264888888888889
0.3,857,656,0.0716524063106806,2.371,0.0404845402344896,0.263444444444444
0.3,858,657,0.0717063464707435,2.262,0.0403110528389047,0.251333333333333
0.3,859,658,0.0713028186023779,2.345,0.0417338797227949,0.260555555555556
0.3,860,659,0.070821966370942,2.314,0.0422988556960254,0.257111111111111
0.3,861,660,0.0703370051722473,2.283,0.0431134523063253,0.253666666666667
0.3,862,661,0.0701295588927992,2.332,0.0416354357430005,0.259111111111111
0.3,863,662,0.0700642504140393,2.351,0.0419709490071479,0.261222222222222
0.3,864,663,0.0697647506380057,2.371,0.0415823049876759,0.263444444444444
0.3,865,664,0.0694693960515729,2.313,0.04126419433036,0.257
0.3,866,665,0.0691536272341039,2.345,0.0429163933342122,0.260555555555556
0.3,867,666,0.0688274527362112,2.292,0.0428085104689311,0.254666666666667
0.3,868,667,0.0681994867628214,2.286,0.0430820155060097,0.254
0.3,869,668,0.0678090410886811,2.296,0.0420969851195563,0.255111111111111
0.3,870,669,0.0674100294928844,2.253,0.0428582294061227,0.250333333333333
0.3,871,670,0.0674670136915518,2.291,0.0410853624422009,0.254555555555556
0.3,872,671,0.0670943217277794,2.288,0.0415304801414669,0.254222222222222
0.3,873,672,0.0669305854584398,2.267,0.0436304322075156,0.251888888888889
0.3,874,673,0.0669375568001706,2.303,0.0414838753241777,0.255888888888889
0.3,875,674,0.0667705140648907,2.301,0.0411836751042826,0.255666666666667
0.3,876,675,0.0664418456427582,2.257,0.0413843408025748,0.250777777777778
0.3,877,676,0.0659717010545602,2.288,0.0410455934387692,0.254222222222222
0.3,878,677,0.0656553073723022,2.307,0.043504524404292,0.256333333333333
0.3,879,678,0.0655705339951406,2.328,0.0414986522448397,0.258666666666667
0.3,880,679,0.0652125570457322,2.32,0.0423011747991634,0.257777777777778
0.3,881,680,0.0649967957285928,2.298,0.0417724902410776,0.255333333333333
0.3,882,681,0.0647581514184986,2.292,0.0395005860247199,0.254666666666667
0.3,883,682,0.0643571391166198,2.235,0.039157480872859,0.248333333333333
0.3,884,683,0.0637766161885598,2.286,0.0409130526589972,0.254
0.3,885,684,0.0635894881611295,2.391,0.0419986057254628,0.265666666666667
0.3,886,685,0.0631339398633227,2.268,0.0399721624855823,0.252
0.3,887,686,0.0629258598702366,2.314,0.0401872992252404,0.257111111111111
0.3,888,687,0.0629436738873886,2.329,0.0409931633256015,0.258777777777778
0.3,889,688,0.0627076757409947,2.262,0.0400119601738898,0.251333333333333
0.3,890,689,0.0627044631526477,2.234,0.0404088712645735,0.248222222222222
0.3,891,690,0.0623503862140727,2.291,0.0408409964005164,0.254555555555556
0.3,892,691,0.062397487181723,2.356,0.0416773439772855,0.261777777777778
0.3,893,692,0.0618726113417716,2.248,0.0416681200947708,0.249777777777778
0.3,894,693,0.061730363021239,2.301,0.0412079737077317,0.255666666666667
0.3,895,694,0.0617233024955024,2.253,0.0402568206843464,0.250333333333333
0.3,896,695,0.0615055326904751,2.225,0.0413047343664268,0.247222222222222
0.3,897,696,0.0612631896031369,2.237,0.0421022992674224,0.248555555555556
0.3,898,697,0.0608702544390419,2.296,0.0413532839577957,0.255111111111111
0.3,899,698,0.0604718320595614,2.336,0.0431156927691411,0.259555555555556
0.3,900,699,0.0601969647003992,2.308,0.0416036881401978,0.256444444444444
0.3,901,700,0.0600552411909955,2.309,0.0404370393841358,0.256555555555556
0.3,902,701,0.0596458391095262,2.267,0.0406861938053484,0.251888888888889
0.3,903,702,0.0593888837875637,2.313,0.041602424950497,0.257
0.3,904,703,0.0592733976248556,2.234,0.0420358300859042,0.248222222222222
0.3,905,704,0.0589208553897378,2.289,0.0413181096637564,0.254333333333333
0.3,906,705,0.0584737703353379,2.223,0.0400609020851487,0.247
0.3,907,706,0.0582367415028285,2.263,0.0407614093536093,0.251444444444444
0.3,908,707,0.058259856061401,2.207,0.0415436743304784,0.245222222222222
0.3,909,708,0.0578253761123428,2.38,0.0418491499477746,0.264444444444444
0.3,910,709,0.0576292051462918,2.3,0.0417101874814744,0.255555555555556
0.3,911,710,0.0571941203845093,2.3,0.0425888930804009,0.255555555555556
0.3,912,711,0.0568861113770728,2.237,0.0413102594707117,0.248555555555556
0.3,913,712,0.0565729528749508,2.292,0.0409195602421436,0.254666666666667
0.3,914,713,0.0562497541947917,2.314,0.0410498366511863,0.257111111111111
0.3,915,714,0.0562445289362544,2.258,0.0412205668948782,0.250888888888889
0.3,916,715,0.0559825108195219,2.221,0.0424495107269917,0.246777777777778
0.3,917,716,0.0557417093441357,2.35,0.0426534795687211,0.261111111111111
0.3,918,717,0.055403283844977,2.263,0.0406630604416896,0.251444444444444
0.3,919,718,0.0549292354541258,2.248,0.0413062005297293,0.249777777777778
0.3,920,719,0.0547271524715938,2.315,0.0417554609424747,0.257222222222222
0.3,921,720,0.0545566409924119,2.295,0.0431258024254022,0.255
0.3,922,721,0.054306074525359,2.297,0.0412127345548616,0.255222222222222
0.3,923,722,0.0537407111240037,2.296,0.0408907820426078,0.255111111111111
0.3,924,723,0.0532732343000646,2.302,0.0417197379730092,0.255777777777778
0.3,925,724,0.0527852660087857,2.291,0.0417380049961791,0.254555555555556
0.3,926,725,0.0527045017487728,2.262,0.0402862132618464,0.251333333333333
0.3,927,726,0.0524893862347369,2.31,0.0410558836902287,0.256666666666667
0.3,928,727,0.0523748638095269,2.22,0.0403637117870646,0.246666666666667
0.3,929,728,0.0518401981569801,2.274,0.0409463136387224,0.252666666666667
0.3,930,729,0.0516048051767329,2.286,0.0408395870678425,0.254
0.3,931,730,0.0511528524872476,2.256,0.0397245773047623,0.250666666666667
0.3,932,731,0.0508977399452852,2.25,0.0409044395288968,0.25
0.3,933,732,0.0507705308510141,2.291,0.0408654987610452,0.254555555555556
0.3,934,733,0.0502072054275863,2.226,0.0403305163685085,0.247333333333333
0.3,935,734,0.0500181226643024,2.344,0.041150423538007,0.260444444444444
0.3,936,735,0.0497283921344947,2.219,0.040579375126851,0.246555555555556
0.3,937,736,0.049565787085379,2.19,0.0412262004021665,0.243333333333333
0.3,938,737,0.0493407773274682,2.26,0.0406700633642741,0.251111111111111
0.3,939,738,0.0491560526406726,2.225,0.0404723734541602,0.247222222222222
0.3,940,739,0.0492687246661317,2.214,0.0404455169312972,0.246
0.3,941,740,0.0492150332819936,2.369,0.0417682125974236,0.263222222222222
0.3,942,741,0.0489126459479271,2.216,0.0415339508001473,0.246222222222222
0.3,943,742,0.0487903493376084,2.288,0.0410455934387692,0.254222222222222
0.3,944,743,0.0485263231309042,2.285,0.041200394081519,0.253888888888889
0.3,945,744,0.0481333988571611,2.242,0.0422044691616566,0.249111111111111
0.3,946,745,0.0476722044806273,2.217,0.0410072261021468,0.246333333333333
0.3,947,746,0.0477491856594456,2.301,0.0417389643036473,0.255666666666667
0.3,948,747,0.0477435653101449,2.213,0.0420880315814652,0.245888888888889
0.3,949,748,0.0472463858252374,2.237,0.0403045339317483,0.248555555555556
0.3,950,749,0.0469026828962606,2.293,0.0430697806589032,0.254777777777778
0.5,1,-200,0,2.338,0.042444758893856,0.259777777777778
0.5,2,-199,-9.33199011855166e-06,2.319,0.0431636664580535,0.257666666666667
0.5,3,-198,-0.000259904750731699,2.227,0.040634002044127,0.247444444444444
0.5,4,-197,-0.000187029085913653,2.295,0.0423056115044418,0.255
0.5,5,-196,5.02145628322486e-05,2.224,0.0422090701817229,0.247111111111111
0.5,6,-195,-4.79240241859946e-05,2.213,0.0401153367210129,0.245888888888889
0.5,7,-194,-0.000419318010013983,2.332,0.0429140724893086,0.259111111111111
0.5,8,-193,-0.000361992243629856,2.205,0.0424119531945156,0.245
0.5,9,-192,-0.000464174829977982,2.253,0.0423649122008508,0.250333333333333
0.5,10,-191,-0.000365613472233794,2.219,0.0404805839591981,0.246555555555556
0.5,11,-190,-0.00035709564491231,2.227,0.042417806052061,0.247444444444444
0.5,12,-189,-0.000453268455470284,2.268,0.0410592481891946,0.252
0.5,13,-188,-0.000466432859856859,2.276,0.0416360127480713,0.252888888888889
0.5,14,-187,-0.00030687847175126,2.338,0.0415148103630439,0.259777777777778
0.5,15,-186,-0.000193139294630679,2.3,0.0419733458490238,0.255555555555556
0.5,16,-185,-0.000290471619553131,2.264,0.0413765152715405,0.251555555555556
0.5,17,-184,-2.51703504785483e-05,2.245,0.0428580425569321,0.249444444444444
0.5,18,-183,-0.000117077743539917,2.311,0.0434069483281553,0.256777777777778
0.5,19,-182,8.03819012368445e-05,2.278,0.0422907141640397,0.253111111111111
0.5,20,-181,-0.000207965015744444,2.239,0.0410800020273437,0.248777777777778
0.5,21,-180,-0.000416829975840858,2.22,0.0407094246736213,0.246666666666667
0.5,22,-179,-0.000478488642280297,2.283,0.0419126194321911,0.253666666666667
0.5,23,-178,-0.000289043241662152,2.325,0.0406820602972617,0.258333333333333
0.5,24,-177,-0.000440416793833389,2.201,0.0417413624758625,0.244555555555556
0.5,25,-176,-0.000201329755714882,2.284,0.0421796529516679,0.253777777777778
0.5,26,-175,-0.000381253798697474,2.231,0.0416337888303763,0.247888888888889
0.5,27,-174,-0.000292090728801699,2.267,0.0411509951812153,0.251888888888889
0.5,28,-173,-3.96749982522052e-05,2.284,0.0408045219186431,0.253777777777778
0.5,29,-172,6.01980768539962e-05,2.323,0.040967662239251,0.258111111111111
0.5,30,-171,0.000199173452846554,2.322,0.0419771137416338,0.258
0.5,31,-170,0.000454759068668176,2.248,0.0423826885920691,0.249777777777778
0.5,32,-169,0.00013815656693847,2.387,0.041916440545304,0.265222222222222
0.5,33,-168,0.000127045323831707,2.29,0.0412747332347964,0.254444444444444
0.5,34,-167,0.000423605786555276,2.261,0.0421741349366844,0.251222222222222
0.5,35,-166,0.000407899825012121,2.222,0.0414056811371388,0.246888888888889
0.5,36,-165,0.000130892627807297,2.243,0.0431023063049857,0.249222222222222
0.5,37,-164,-6.76620468378418e-05,2.271,0.0412705980361596,0.252333333333333
0.5,38,-163,8.06872492726219e-05,2.29,0.0431481374077929,0.254444444444444
0.5,39,-162,0.000249597120327444,2.278,0.0408703607322762,0.253111111111111
0.5,40,-161,0.000119535642969131,2.304,0.0430980445199249,0.256
0.5,41,-160,0.000234792355906965,2.233,0.0397780503958313,0.248111111111111
0.5,42,-159,0.000212764624719334,2.317,0.04042456116206,0.257444444444444
0.5,43,-158,0.000605755424172091,2.33,0.0408995448968907,0.258888888888889
0.5,44,-157,0.000721274976054276,2.264,0.0429901401736743,0.251555555555556
0.5,45,-156,0.000690585726941985,2.235,0.0405390974050784,0.248333333333333
0.5,46,-155,0.000778187325474191,2.316,0.0409856538782027,0.257333333333333
0.5,47,-154,0.000805472627942837,2.261,0.0414076513894907,0.251222222222222
0.5,48,-153,0.000564893650702369,2.207,0.0419512921244493,0.245222222222222
0.5,49,-152,0.000728010794213184,2.317,0.0417403072970628,0.257444444444444
0.5,50,-151,0.000758405261384972,2.258,0.0414868311293734,0.250888888888889
0.5,51,-150,0.000739506106730521,2.279,0.0420348180194223,0.253222222222222
0.5,52,-149,0.000526942782560531,2.305,0.0419253232871582,0.256111111111111
0.5,53,-148,0.000452741175310947,2.218,0.0408674215744784,0.246444444444444
0.5,54,-147,0.000433054147899595,2.303,0.0417484602582412,0.255888888888889
0.5,55,-146,0.00042157304337168,2.289,0.0428171964555402,0.254333333333333
0.5,56,-145,0.000471908316646374,2.311,0.0430828868013173,0.256777777777778
0.5,57,-144,0.000401137872683661,2.3,0.0419256217337056,0.255555555555556
0.5,58,-143,0.000357837574553807,2.317,0.0411363975477093,0.257444444444444
0.5,59,-142,0.000208301359315902,2.269,0.0418137224770456,0.252111111111111
0.5,60,-141,0.00025328878021495,2.247,0.0421873295050869,0.249666666666667
0.5,61,-140,-0.000214873361655819,2.275,0.0418464589436921,0.252777777777778
0.5,62,-139,-0.000457538913415798,2.266,0.0423206218649376,0.251777777777778
0.5,63,-138,-0.000769996712375782,2.206,0.0413917537352221,0.245111111111111
0.5,64,-137,-0.000879387139036594,2.3,0.0421399546247476,0.255555555555556
0.5,65,-136,-0.000689829508236125,2.283,0.0405037226875699,0.253666666666667
0.5,66,-135,-0.000693507905810732,2.3,0.041853933527827,0.255555555555556
0.5,67,-134,-0.000413311936763919,2.32,0.0427484201746383,0.257777777777778
0.5,68,-133,-0.000290743218842549,2.303,0.0417963866612647,0.255888888888889
0.5,69,-132,-0.000509174909945159,2.33,0.0422715848636752,0.258888888888889
0.5,70,-131,-0.000466183215969689,2.234,0.0405819034902368,0.248222222222222
0.5,71,-130,-0.000364079928042593,2.217,0.0419722845777147,0.246333333333333
0.5,72,-129,-0.000177365575185092,2.197,0.0416884747733579,0.244111111111111
0.5,73,-128,-0.000135504584349951,2.218,0.0399759186770494,0.246444444444444
0.5,74,-127,-0.000143176235996045,2.327,0.042940830393868,0.258555555555556
0.5,75,-126,0.000155392962362725,2.324,0.0409475359539583,0.258222222222222
0.5,76,-125,0.000134274310116191,2.235,0.041345912548697,0.248333333333333
0.5,77,-124,5.27522959460847e-05,2.336,0.0423662471656259,0.259555555555556
0.5,78,-123,6.37423564594359e-05,2.28,0.0413679986379729,0.253333333333333
0.5,79,-122,0.000209956206453789,2.237,0.0424810032324523,0.248555555555556
0.5,80,-121,-9.73578366564393e-05,2.246,0.0409042437548619,0.249555555555556
0.5,81,-120,-0.000184472584276332,2.338,0.0421608056556507,0.259777777777778
0.5,82,-119,-0.000244157551098059,2.317,0.0430390911075425,0.257444444444444
0.5,83,-118,-6.5721199250726e-05,2.226,0.0409463136387218,0.247333333333333
0.5,84,-117,3.26643055969837e-05,2.178,0.0414974461628431,0.242
0.5,85,-116,0.000124786626661937,2.254,0.0402878034534908,0.250444444444444
0.5,86,-115,0.000105931309671886,2.3,0.0401947212406756,0.255555555555556
0.5,87,-114,2.51922756449772e-05,2.24,0.0421209469762279,0.248888888888889
0.5,88,-113,-0.000205195087465101,2.296,0.0428277739115427,0.255111111111111
0.5,89,-112,-0.000363971739682314,2.315,0.0411760910052239,0.257222222222222
0.5,90,-111,-0.000521581665437713,2.316,0.0427313698583369,0.257333333333333
0.5,91,-110,-0.000616524623724637,2.249,0.0406281878706109,0.249888888888889
0.5,92,-109,-0.000374950809332796,2.287,0.0408448197364035,0.254111111111111
0.5,93,-108,-0.000457410001865228,2.272,0.0425890811104189,0.252444444444444
0.5,94,-107,-0.000749580133379459,2.258,0.0406828107570148,0.250888888888889
0.5,95,-106,-0.00126764385475171,2.251,0.0420448185483867,0.250111111111111
0.5,96,-105,-0.00120405415588929,2.305,0.0418775444448301,0.256111111111111
0.5,97,-104,-0.00103290882313833,2.271,0.0426776332565477,0.252333333333333
0.5,98,-103,-0.00126676288817117,2.264,0.0411095365334372,0.251555555555556
0.5,99,-102,-0.00110131982538017,2.245,0.0410933530350549,0.249444444444444
0.5,100,-101,-0.000914875612795537,2.273,0.0427586166672789,0.252555555555556
0.5,101,-100,-0.00101409617796087,2.258,0.0413175887866552,0.250888888888889
0.5,102,-99,-0.000966644135828718,2.369,0.0408473684281802,0.263222222222222
0.5,103,-98,-0.000677005973249485,2.301,0.0415225616156221,0.255666666666667
0.5,104,-97,-0.000629598559528968,2.275,0.0425109654346048,0.252777777777778
0.5,105,-96,-0.000818038013129495,2.223,0.0420837503324269,0.247
0.5,106,-95,-0.00089516252984358,2.259,0.0417332081280679,0.251
0.5,107,-94,-0.000836045802190627,2.308,0.0434629155145509,0.256444444444444
0.5,108,-93,-0.000788604879974138,2.255,0.0417098874934315,0.250555555555556
0.5,109,-92,-0.001256823736706,2.242,0.0414143833848961,0.249111111111111
0.5,110,-91,-0.00153669564688473,2.275,0.0421800207936665,0.252777777777778
0.5,111,-90,-0.0012781965738418,2.287,0.0414529775691608,0.254111111111111
0.5,112,-89,-0.00153959234976671,2.249,0.0422703889949666,0.249888888888889
0.5,113,-88,-0.00155864392299907,2.312,0.0428075751297419,0.256888888888889
0.5,114,-87,-0.00157322688615726,2.33,0.0413861427631619,0.258888888888889
0.5,115,-86,-0.00154582317924754,2.271,0.0421347164976144,0.252333333333333
0.5,116,-85,-0.00147856986032543,2.281,0.0415664139271933,0.253444444444444
0.5,117,-84,-0.00152501173964987,2.219,0.0418663563233272,0.246555555555556
0.5,118,-83,-0.00144853826412473,2.283,0.0421982427559692,0.253666666666667
0.5,119,-82,-0.00175150773618857,2.22,0.0400899888651419,0.246666666666667
0.5,120,-81,-0.00171544052722539,2.285,0.04066237116092,0.253888888888889
0.5,121,-80,-0.00161671482057438,2.252,0.0431782394309954,0.250222222222222
0.5,122,-79,-0.00153274125395674,2.258,0.0410258347766272,0.250888888888889
0.5,123,-78,-0.00129187064624654,2.274,0.0412871484681208,0.252666666666667
0.5,124,-77,-0.00140990600722621,2.293,0.0424376242496205,0.254777777777778
0.5,125,-76,-0.00153495389863274,2.222,0.0410658301073092,0.246888888888889
0.5,126,-75,-0.00156481042738644,2.248,0.0417161387982666,0.249777777777778
0.5,127,-74,-0.00146579773486435,2.277,0.0409383310229782,0.253
0.5,128,-73,-0.00135727137130012,2.321,0.041925132280253,0.257888888888889
0.5,129,-72,-0.00168344806677499,2.281,0.0428003606394954,0.253444444444444
0.5,130,-71,-0.00175544807811001,2.311,0.0418094131389931,0.256777777777778
0.5,131,-70,-0.00155981890080912,2.312,0.0419334522119801,0.256888888888889
0.5,132,-69,-0.0013515788303808,2.299,0.0429819316276786,0.255444444444444
0.5,133,-68,-0.00147402304147275,2.274,0.0419605133987265,0.252666666666667
0.5,134,-67,-0.00143450986298084,2.231,0.0424669570659641,0.247888888888889
0.5,135,-66,-0.00144284967838561,2.248,0.041907663407213,0.249777777777778
0.5,136,-65,-0.0015244135873625,2.252,0.0418837707262641,0.250222222222222
0.5,137,-64,-0.0015374811713962,2.236,0.0415214164983327,0.248444444444444
0.5,138,-63,-0.00146835870405129,2.258,0.0403368697727409,0.250888888888889
0.5,139,-62,-0.00129791549209786,2.241,0.0420795638010862,0.249
0.5,140,-61,-0.00107470637518525,2.251,0.0432419803994783,0.250111111111111
0.5,141,-60,-0.00118283590449302,2.234,0.0420358300859042,0.248222222222222
0.5,142,-59,-0.00115673340280752,2.308,0.0410221747207384,0.256444444444444
0.5,143,-58,-0.00127715452466087,2.258,0.0411962757192095,0.250888888888889
0.5,144,-57,-0.00126615377216612,2.312,0.0406732136707971,0.256888888888889
0.5,145,-56,-0.00153032571533714,2.252,0.0421933202803036,0.250222222222222
0.5,146,-55,-0.00193895331151073,2.229,0.0430861394814552,0.247666666666667
0.5,147,-54,-0.00194219275928347,2.201,0.0417892970190376,0.244555555555556
0.5,148,-53,-0.00179057496736515,2.27,0.0422478979936858,0.252222222222222
0.5,149,-52,-0.00187915326806536,2.232,0.0401221358577255,0.248
0.5,150,-51,-0.00210030204835922,2.254,0.0410995519826332,0.250444444444444
0.5,151,-50,-0.00204926758132612,2.282,0.0429455506463745,0.253555555555556
0.5,152,-49,-0.00220835671507752,2.276,0.0434938583677709,0.252888888888889
0.5,153,-48,-0.00194727125234221,2.215,0.0419109953536246,0.246111111111111
0.5,154,-47,-0.00219657845129139,2.196,0.0418489585931997,0.244
0.5,155,-46,-0.00211232046359827,2.241,0.0416251324520613,0.249
0.5,156,-45,-0.00188344798172516,2.234,0.0405572297980136,0.248222222222222
0.5,157,-44,-0.00178528143305211,2.244,0.0412815717744391,0.249333333333333
0.5,158,-43,-0.00153368395611759,2.283,0.0429273077859976,0.253666666666667
0.5,159,-42,-0.00118095701012887,2.225,0.04034851921698,0.247222222222222
0.5,160,-41,-0.00116104021750938,2.286,0.0411569908751588,0.254
0.5,161,-40,-0.00117911944543737,2.297,0.0414549093535314,0.255222222222222
0.5,162,-39,-0.000752152625083605,2.316,0.0434053916930609,0.257333333333333
0.5,163,-38,-0.000853685710324025,2.229,0.0413554019357721,0.247666666666667
0.5,164,-37,-0.00087483465017815,2.24,0.0427811901450889,0.248888888888889
0.5,165,-36,-0.000700165358999883,2.229,0.0407703473276991,0.247666666666667
0.5,166,-35,-0.00073398805399365,2.26,0.0432928894193296,0.251111111111111
0.5,167,-34,-0.000398247424177522,2.288,0.0415545759547944,0.254222222222222
0.5,168,-33,-0.000755658975185409,2.244,0.0424059224904053,0.249333333333333
0.5,169,-32,-0.000964473668466418,2.337,0.0438560640545222,0.259666666666667
0.5,170,-31,-0.000963378751878246,2.271,0.042607210356633,0.252333333333333
0.5,171,-30,-0.000871196883708837,2.254,0.0413181702304348,0.250444444444444
0.5,172,-29,-0.000982777529970506,2.22,0.0423721063365439,0.246666666666667
0.5,173,-28,-0.00116164402003904,2.247,0.0415176434147546,0.249666666666667
0.5,174,-27,-0.00128460949317595,2.256,0.040621596646539,0.250666666666667
0.5,175,-26,-0.00161328305859943,2.197,0.0411811472264537,0.244111111111111
0.5,176,-25,-0.00165747853054374,2.184,0.0409856538782025,0.242666666666667
0.5,177,-24,-0.00164963345965701,2.235,0.0418512428313251,0.248333333333333
0.5,178,-23,-0.00143745808943485,2.3,0.0420210157631365,0.255555555555556
0.5,179,-22,-0.00124198479788971,2.334,0.04132979738823,0.259333333333333
0.5,180,-21,-0.00110812448202193,2.3,0.0431260925642454,0.255555555555556
0.5,181,-20,-0.00104744648707358,2.369,0.0425281982647706,0.263222222222222
0.5,182,-19,-0.00113223014030491,2.231,0.0426316368024552,0.247888888888889
0.5,183,-18,-0.00120594295874063,2.298,0.040531948372103,0.255333333333333
0.5,184,-17,-0.00128494326566803,2.289,0.0429106084822895,0.254333333333333
0.5,185,-16,-0.00153764785352364,2.319,0.0420595768881238,0.257666666666667
0.5,186,-15,-0.00167714105924779,2.226,0.0421509276374872,0.247333333333333
0.5,187,-14,-0.0016322057600504,2.272,0.0418062646473441,0.252444444444444
0.5,188,-13,-0.00161058177555434,2.228,0.0434039157208183,0.247555555555556
0.5,189,-12,-0.00163403935539888,2.299,0.0411982559861008,0.255444444444444
0.5,190,-11,-0.0015226073759138,2.34,0.0405468129949081,0.26
0.5,191,-10,-0.00136467609170789,2.31,0.0428221173429542,0.256666666666667
0.5,192,-9,-0.00165960656418342,2.282,0.0411116305461868,0.253555555555556
0.5,193,-8,-0.00181741910257092,2.331,0.0430498814434173,0.259
0.5,194,-7,-0.00174012671350452,2.294,0.0422059870793867,0.254888888888889
0.5,195,-6,-0.00166199937911487,2.285,0.041466787848765,0.253888888888889
0.5,196,-5,-0.00115876926368714,2.267,0.0411509951812154,0.251888888888889
0.5,197,-4,-0.00123564395170597,2.24,0.0401498693897255,0.248888888888889
0.5,198,-3,-0.00124326535954374,2.244,0.0415233450987296,0.249333333333333
0.5,199,-2,-0.001514868807404,2.224,0.0412009893269752,0.247111111111111
0.5,200,-1,-0.00158833679177061,2.238,0.0410004516686953,0.248666666666667
0.5,201,0,0.998294840079204,3.795,0.0467028495507091,0.421666666666667
0.5,202,1,0.99414825467422,3.863,0.0474603358972887,0.429222222222222
0.5,203,2,0.990237506876342,3.924,0.047142830276156,0.436
0.5,204,3,0.986371617164369,4.011,0.0468943288477198,0.445666666666667
0.5,205,4,0.982558057404025,3.803,0.0457414831775627,0.422555555555556
0.5,206,5,0.978915788611667,3.833,0.0452234027485344,0.425888888888889
0.5,207,6,0.974947864171559,3.837,0.0470600217344368,0.426333333333333
0.5,208,7,0.97116805386912,3.8,0.0477103372056442,0.422222222222222
0.5,209,8,0.967273076569207,3.805,0.0466814112271057,0.422777777777778
0.5,210,9,0.963803458503284,3.829,0.0470528742264803,0.425444444444444
0.5,211,10,0.959774513963087,3.823,0.0486213434104307,0.424777777777778
0.5,212,11,0.956035441889384,3.88,0.0447839882726586,0.431111111111111
0.5,213,12,0.952546654008771,3.833,0.04770101032878,0.425888888888889
0.5,214,13,0.948706171193591,3.866,0.0466070404146866,0.429555555555556
0.5,215,14,0.945047838023853,3.888,0.0487219645522411,0.432
0.5,216,15,0.941127332370726,3.737,0.0464541600826987,0.415222222222222
0.5,217,16,0.937615279609857,3.851,0.0476347359399427,0.427888888888889
0.5,218,17,0.934081043300197,3.761,0.0476880818774791,0.417888888888889
0.5,219,18,0.930333140593575,3.781,0.0449784622020593,0.420111111111111
0.5,220,19,0.926585095814405,3.812,0.048775352741267,0.423555555555556
0.5,221,20,0.922829748142517,3.741,0.0485827055574232,0.415666666666667
0.5,222,21,0.919067156426022,3.809,0.0465046415068613,0.423222222222222
0.5,223,22,0.915450240583435,3.782,0.047124268659542,0.420222222222222
0.5,224,23,0.911897685650924,3.788,0.0459038469320727,0.420888888888889
0.5,225,24,0.908621252744272,3.801,0.0478716063099066,0.422333333333333
0.5,226,25,0.904865658797695,3.797,0.0478338695808636,0.421888888888889
0.5,227,26,0.901271216354085,3.67,0.0458825152449734,0.407777777777778
0.5,228,27,0.897763171702308,3.65,0.0457339216729943,0.405555555555556
0.5,229,28,0.894248016154285,3.784,0.0458196840172805,0.420444444444444
0.5,230,29,0.890695152024814,3.716,0.0466853673384236,0.412888888888889
0.5,231,30,0.88698914163687,3.699,0.0459838396995458,0.411
0.5,232,31,0.883228943662644,3.676,0.0473631424978038,0.408444444444444
0.5,233,32,0.879384406412753,3.745,0.0454316964138369,0.416111111111111
0.5,234,33,0.875948474063914,3.714,0.0473967345969156,0.412666666666667
0.5,235,34,0.872293349951105,3.693,0.047317966883521,0.410333333333333
0.5,236,35,0.869093639588629,3.694,0.0471867628746726,0.410444444444444
0.5,237,36,0.865581401869047,3.486,0.0462378842719037,0.387333333333333
0.5,238,37,0.861941502664473,3.698,0.0469574381860958,0.410888888888889
0.5,239,38,0.8586034777864,3.72,0.0469233609388949,0.413333333333333
0.5,240,39,0.855068672918396,3.699,0.0478402308490218,0.411
0.5,241,40,0.851792334120498,3.735,0.0475503526383983,0.415
0.5,242,41,0.848502231632408,3.56,0.0447929280847591,0.395555555555556
0.5,243,42,0.845202078117769,3.615,0.046807755404056,0.401666666666667
0.5,244,43,0.841619751889867,3.625,0.046696419087073,0.402777777777778
0.5,245,44,0.838440365827227,3.684,0.0460897848581253,0.409333333333333
0.5,246,45,0.834992679156244,3.569,0.0480577626252883,0.396555555555555
0.5,247,46,0.831696404642347,3.567,0.0467514352367569,0.396333333333333
0.5,248,47,0.828316380354717,3.58,0.0459751423457688,0.397777777777778
0.5,249,48,0.824934813351781,3.604,0.0466192809613937,0.400444444444444
0.5,250,49,0.821425546024365,3.686,0.0483087749558786,0.409555555555556
0.5,251,50,0.817943493266295,3.547,0.0464321757722696,0.394111111111111
0.5,252,51,0.814514687537558,3.662,0.0467754630542974,0.406888888888889
0.5,253,52,0.810958523128135,3.603,0.0465355407893425,0.400333333333333
0.5,254,53,0.807805399071217,3.522,0.0457122041210618,0.391333333333333
0.5,255,54,0.804419364266341,3.567,0.0464507122514676,0.396333333333333
0.5,256,55,0.801210858728371,3.618,0.0456087289469478,0.402
0.5,257,56,0.798009810646006,3.489,0.0471603976139208,0.387666666666667
0.5,258,57,0.794479444949849,3.594,0.0468119146730333,0.399333333333333
0.5,259,58,0.791093991536289,3.597,0.0455265160501401,0.399666666666667
0.5,260,59,0.78794501012656,3.558,0.045702568032056,0.395333333333333
0.5,261,60,0.784963181742251,3.456,0.046240698547948,0.384
0.5,262,61,0.781689222980566,3.502,0.045343710170784,0.389111111111111
0.5,263,62,0.778431357359624,3.468,0.0465095596532491,0.385333333333333
0.5,264,63,0.77526311383859,3.517,0.0463017802557833,0.390777777777778
0.5,265,64,0.771666357117934,3.585,0.045638337588675,0.398333333333333
0.5,266,65,0.768427091525984,3.482,0.0444257768603953,0.386888888888889
0.5,267,66,0.765327760633459,3.519,0.0457354428286283,0.391
0.5,268,67,0.762570402475823,3.55,0.0448944931535653,0.394444444444444
0.5,269,68,0.759629065833659,3.53,0.0459479184644006,0.392222222222222
0.5,270,69,0.756293846784698,3.494,0.0457827484983163,0.388222222222222
0.5,271,70,0.753077145950481,3.459,0.0457428837242625,0.384333333333333
0.5,272,71,0.750133687608262,3.468,0.0440331115743018,0.385333333333333
0.5,273,72,0.746972937346084,3.42,0.0460186670571596,0.38
0.5,274,73,0.744042626851504,3.408,0.0468158918288195,0.378666666666667
0.5,275,74,0.741023936679915,3.398,0.0466451687934749,0.377555555555556
0.5,276,75,0.738004952119911,3.421,0.044155505984064,0.380111111111111
0.5,277,76,0.734798999969832,3.413,0.0478196373649748,0.379222222222222
0.5,278,77,0.731923750466499,3.403,0.0469552531224761,0.378111111111111
0.5,279,78,0.729053209653294,3.362,0.0457060722994773,0.373555555555556
0.5,280,79,0.726193141348129,3.461,0.0452606620314762,0.384555555555556
0.5,281,80,0.723515219021842,3.422,0.0449436973994789,0.380222222222222
0.5,282,81,0.720454228550367,3.469,0.0460125651986079,0.385444444444444
0.5,283,82,0.717414811458757,3.495,0.0464772539543282,0.388333333333333
0.5,284,83,0.714483212362559,3.431,0.0468768219532473,0.381222222222222
0.5,285,84,0.711418121595332,3.394,0.0447969951087212,0.377111111111111
0.5,286,85,0.708441510332,3.417,0.0469394750110641,0.379666666666667
0.5,287,86,0.705595629375891,3.397,0.0467715573674705,0.377444444444444
0.5,288,87,0.702719369193626,3.43,0.0480563149795052,0.381111111111111
0.5,289,88,0.699899237917376,3.445,0.0466385050162432,0.382777777777778
0.5,290,89,0.697072365601077,3.468,0.0451554538789614,0.385333333333333
0.5,291,90,0.694214027700163,3.448,0.046663406149503,0.383111111111111
0.5,292,91,0.691286258685807,3.431,0.0455995429617263,0.381222222222222
0.5,293,92,0.688621851634928,3.329,0.0446402481148095,0.369888888888889
0.5,294,93,0.686057951903142,3.398,0.0471786161499234,0.377555555555556
0.5,295,94,0.683247806258254,3.338,0.0452526662618217,0.370888888888889
0.5,296,95,0.680545252681794,3.381,0.0472024053101859,0.375666666666667
0.5,297,96,0.677955448438067,3.272,0.0450782436220407,0.363555555555556
0.5,298,97,0.675383407502046,3.369,0.0475299705249024,0.374333333333333
0.5,299,98,0.672543185757309,3.327,0.0477110820181997,0.369666666666667
0.5,300,99,0.669837485360097,3.444,0.0458362843712813,0.382666666666667
0.5,301,100,0.667174807568577,3.4,0.0469489531747429,0.377777777777778
0.5,302,101,0.664336921405207,3.28,0.0464947498300805,0.364444444444444
0.5,303,102,0.661749651915288,3.272,0.0454981987125435,0.363555555555556
0.5,304,103,0.659360417265242,3.273,0.0456569332692806,0.363666666666667
0.5,305,104,0.656407065000127,3.252,0.0467405678258265,0.361333333333333
0.5,306,105,0.653558291874268,3.304,0.0455813740650899,0.367111111111111
0.5,307,106,0.650766252753519,3.236,0.0466313036326293,0.359555555555556
0.5,308,107,0.648131131333793,3.279,0.044846071959205,0.364333333333333
0.5,309,108,0.645517686556237,3.274,0.045902407682289,0.363777777777778
0.5,310,109,0.642917787447053,3.26,0.0456342249028347,0.362222222222222
0.5,311,110,0.640391630374872,3.372,0.0472636207864976,0.374666666666667
0.5,312,111,0.63781228044746,3.26,0.0458748787955295,0.362222222222222
0.5,313,112,0.63550084187095,3.251,0.045826838196619,0.361222222222222
0.5,314,113,0.633080230588145,3.271,0.045690772007558,0.363444444444444
0.5,315,114,0.630558985274128,3.26,0.0437757503227111,0.362222222222222
0.5,316,115,0.627854200344054,3.313,0.0463160466380298,0.368111111111111
0.5,317,116,0.625152136630382,3.259,0.0452102086144594,0.362111111111111
0.5,318,117,0.622696395753869,3.295,0.0448997883178861,0.366111111111111
0.5,319,118,0.619870697886087,3.188,0.0465491441685324,0.354222222222222
0.5,320,119,0.61742553598298,3.331,0.0469642911651463,0.370111111111111
0.5,321,120,0.614899449367867,3.303,0.0452242881230457,0.367
0.5,322,121,0.612331235931756,3.235,0.0443140918753702,0.359444444444444
0.5,323,122,0.609811111096205,3.299,0.0456692969585112,0.366555555555556
0.5,324,123,0.607566347789098,3.168,0.0464535675049173,0.352
0.5,325,124,0.605011242659841,3.248,0.0452387283479825,0.360888888888889
0.5,326,125,0.602763108052157,3.265,0.0453964297697057,0.362777777777778
0.5,327,126,0.600339815038923,3.164,0.0459915124693593,0.351555555555556
0.5,328,127,0.597674851842368,3.208,0.0454841159615618,0.356444444444444
0.5,329,128,0.595052083854918,3.199,0.0439241201201382,0.355444444444444
0.5,330,129,0.592581318814559,3.22,0.0462356760276924,0.357777777777778
0.5,331,130,0.59023144620953,3.263,0.044898183112982,0.362555555555556
0.5,332,131,0.588045363321197,3.225,0.0452816234848689,0.358333333333333
0.5,333,132,0.585785708281439,3.169,0.0440270073634057,0.352111111111111
0.5,334,133,0.583290541367043,3.226,0.0460765346683866,0.358444444444444
0.5,335,134,0.580634578813092,3.137,0.0465660756280727,0.348555555555556
0.5,336,135,0.578262984828306,3.135,0.0464427812682654,0.348333333333333
0.5,337,136,0.576152562685427,3.184,0.0471419809338382,0.353777777777778
0.5,338,137,0.573719803893555,3.192,0.0451572272751013,0.354666666666667
0.5,339,138,0.571322764383142,3.239,0.0459128194188396,0.359888888888889
0.5,340,139,0.569141234746479,3.153,0.0476010173930856,0.350333333333333
0.5,341,140,0.567138004925037,3.159,0.0449192245785333,0.351
0.5,342,141,0.564994516029143,3.086,0.0458334452633084,0.342888888888889
0.5,343,142,0.562663060469784,3.124,0.0452843756131702,0.347111111111111
0.5,344,143,0.560244025124924,3.178,0.0457428508994404,0.353111111111111
0.5,345,144,0.558187399206528,3.105,0.0462613782232558,0.345
0.5,346,145,0.556145639002091,3.15,0.0451169096407937,0.35
0.5,347,146,0.55378143207652,3.132,0.0471677941057327,0.348
0.5,348,147,0.551480522785597,3.125,0.0454691372520135,0.347222222222222
0.5,349,148,0.549078760102909,3.125,0.0456449171152546,0.347222222222222
0.5,350,149,0.547011991358496,3.154,0.046459040481293,0.350444444444444
0.5,351,150,0.544994699564247,3.097,0.0460403161447737,0.344111111111111
0.5,352,151,0.542859400129008,3.127,0.044461757138555,0.347444444444444
0.5,353,152,0.540802185583757,3.19,0.0455189188357102,0.354444444444444
0.5,354,153,0.538621324861199,3.133,0.0463190722754295,0.348111111111111
0.5,355,154,0.536555041975713,3.127,0.0454195325155812,0.347444444444444
0.5,356,155,0.534497630506303,3.12,0.0458224802875151,0.346666666666667
0.5,357,156,0.532575625383555,3.183,0.0451392129810491,0.353666666666667
0.5,358,157,0.530590711124568,3.093,0.0449930591911174,0.343666666666667
0.5,359,158,0.528726293992186,3.018,0.047221879525342,0.335333333333333
0.5,360,159,0.526634352440063,3.105,0.0461747453388442,0.345
0.5,361,160,0.524526164300576,3.108,0.0451039950599765,0.345333333333333
0.5,362,161,0.522482721182735,3.038,0.0442551072139082,0.337555555555556
0.5,363,162,0.520537880666355,3.102,0.0454054804804185,0.344666666666667
0.5,364,163,0.518319099784817,3.05,0.0450502999937796,0.338888888888889
0.5,365,164,0.51616529505629,3.057,0.0458677975801635,0.339666666666667
0.5,366,165,0.513836420816953,3.151,0.0451690075077949,0.350111111111111
0.5,367,166,0.51175216789691,3.105,0.0465418214205369,0.345
0.5,368,167,0.509965335491765,3.035,0.0459552705017269,0.337222222222222
0.5,369,168,0.507493539967048,3.097,0.0453833741655537,0.344111111111111
0.5,370,169,0.505608966508133,3.005,0.0453324390478833,0.333888888888889
0.5,371,170,0.503478294080838,3.022,0.0449615117354559,0.335777777777778
0.5,372,171,0.501307592989066,3.061,0.0455120901558076,0.340111111111111
0.5,373,172,0.499196626244535,3.059,0.0452057801897341,0.339888888888889
0.5,374,173,0.496997379498995,2.938,0.0432900684918614,0.326444444444444
0.5,375,174,0.494633592800148,2.921,0.0455283629381931,0.324555555555556
0.5,376,175,0.493015357885656,3.086,0.0454826634298461,0.342888888888889
0.5,377,176,0.491229485190679,3.002,0.0444068459583425,0.333555555555555
0.5,378,177,0.489070622060561,3.072,0.0468295740852834,0.341333333333333
0.5,379,178,0.487121166146872,2.923,0.0445314950799322,0.324777777777778
0.5,380,179,0.484942631175821,2.997,0.044754820902267,0.333
0.5,381,180,0.483032539242048,3.037,0.0433302262688358,0.337444444444444
0.5,382,181,0.480846448542757,3.004,0.044586679310888,0.333777777777778
0.5,383,182,0.479169971956436,3.002,0.0440447038352619,0.333555555555556
0.5,384,183,0.477067784688352,3.062,0.0455437177910439,0.340222222222222
0.5,385,184,0.474939809483429,2.898,0.046278912451977,0.322
0.5,386,185,0.473250011156258,2.956,0.0463272080985915,0.328444444444444
0.5,387,186,0.471501932257765,2.983,0.0465067078374063,0.331444444444444
0.5,388,187,0.469712552588866,3.013,0.0467441548861034,0.334777777777778
0.5,389,188,0.467865676003754,3.074,0.0457888700517999,0.341555555555556
0.5,390,189,0.465957647480661,3.01,0.0428454867604013,0.334444444444444
0.5,391,190,0.464140450848439,2.956,0.0471835807277307,0.328444444444444
0.5,392,191,0.462469244165178,2.955,0.0444404089759529,0.328333333333333
0.5,393,192,0.460464159593578,2.966,0.0450207826550238,0.329555555555556
0.5,394,193,0.458393209962825,2.939,0.0440592807501465,0.326555555555556
0.5,395,194,0.456567535119591,2.976,0.0440609278768086,0.330666666666667
0.5,396,195,0.454804008500024,3.035,0.0448529462442189,0.337222222222222
0.5,397,196,0.452770694536285,2.944,0.0452206690453481,0.327111111111111
0.5,398,197,0.450934459819619,2.878,0.0447562187759325,0.319777777777778
0.5,399,198,0.449150153858323,2.942,0.0457682283984284,0.326888888888889
0.5,400,199,0.447381308267389,2.952,0.0449412473760549,0.328
0.5,401,200,0.445812736359756,3.034,0.0443261639306723,0.337111111111111
0.5,402,201,0.444135085151185,2.977,0.0445022634418908,0.330777777777778
0.5,403,202,0.442176108914841,2.934,0.0446949845244591,0.326
0.5,404,203,0.440328616894822,3.008,0.0462825893622869,0.334222222222222
0.5,405,204,0.438780696153051,2.94,0.0441627710900294,0.326666666666667
0.5,406,205,0.437281294095122,2.936,0.0437700790474476,0.326222222222222
0.5,407,206,0.435489252652537,2.942,0.0465059006879641,0.326888888888889
0.5,408,207,0.433524586556381,3.023,0.0451054930746301,0.335888888888889
0.5,409,208,0.431789638910719,2.976,0.044038203452949,0.330666666666667
0.5,410,209,0.429944123277514,2.9,0.0452111053176543,0.322222222222222
0.5,411,210,0.428129009044489,2.977,0.0439818758741075,0.330777777777778
0.5,412,211,0.42643686521291,2.972,0.043899238525778,0.330222222222222
0.5,413,212,0.424826929288216,2.921,0.0448192789742067,0.324555555555556
0.5,414,213,0.423229707746932,2.986,0.0449201716584187,0.331777777777778
0.5,415,214,0.421711507208384,2.945,0.0456076205809409,0.327222222222222
0.5,416,215,0.420054943173485,2.94,0.0447482111642732,0.326666666666667
0.5,417,216,0.418275784236524,2.872,0.0458663244627224,0.319111111111111
0.5,418,217,0.416830115102612,2.993,0.0446199724556387,0.332555555555556
0.5,419,218,0.415109024183873,2.998,0.0447660585711987,0.333111111111111
0.5,420,219,0.413451255968677,2.932,0.0463197746272746,0.325777777777778
0.5,421,220,0.411473554641752,2.891,0.0444420307152372,0.321222222222222
0.5,422,221,0.409744569094093,2.894,0.0445729822959018,0.321555555555556
0.5,423,222,0.407881924834712,2.92,0.043903616337695,0.324444444444444
0.5,424,223,0.406562681306453,2.913,0.0450939515286082,0.323666666666667
0.5,425,224,0.40504301571305,2.967,0.0475412575682551,0.329666666666667
0.5,426,225,0.403375585612262,2.87,0.0448900335833595,0.318888888888889
0.5,427,226,0.401835385905557,2.867,0.0439914337825702,0.318555555555556
0.5,428,227,0.400354251998139,2.926,0.0439597140170003,0.325111111111111
0.5,429,228,0.398564612752119,2.879,0.0444785042165014,0.319888888888889
0.5,430,229,0.396815693345424,2.896,0.0454890454203343,0.321777777777778
0.5,431,230,0.395436632738353,2.939,0.0450033810319215,0.326555555555556
0.5,432,231,0.393943245715729,2.863,0.0445894518829197,0.318111111111111
0.5,433,232,0.392114300880116,2.86,0.0452376662356324,0.317777777777778
0.5,434,233,0.390712959260389,2.848,0.043735669753747,0.316444444444444
0.5,435,234,0.389320594020433,2.862,0.045354305341533,0.318
0.5,436,235,0.387644047140537,2.861,0.0437903710488572,0.317888888888889
0.5,437,236,0.386337712463426,2.814,0.0432813733293812,0.312666666666667
0.5,438,237,0.384684389743855,2.913,0.0456674557701272,0.323666666666667
0.5,439,238,0.383240316337994,2.881,0.0429031430046758,0.320111111111111
0.5,440,239,0.381625947232446,2.885,0.0461074928932478,0.320555555555556
0.5,441,240,0.379788804324481,2.842,0.0421285035434537,0.315777777777778
0.5,442,241,0.378304964982424,2.757,0.0440669138117579,0.306333333333333
0.5,443,242,0.376734468027193,2.874,0.0430810861049251,0.319333333333333
0.5,444,243,0.375330011717182,2.87,0.0450236285424349,0.318888888888889
0.5,445,244,0.373836450710071,2.828,0.0448600983996741,0.314222222222222
0.5,446,245,0.372526048880072,2.806,0.0442529357480646,0.311777777777778
0.5,447,246,0.371380785238625,2.823,0.0437902796130442,0.313666666666667
0.5,448,247,0.370134432775668,2.721,0.044374859189953,0.302333333333333
0.5,449,248,0.368856239667471,2.738,0.0430489164696302,0.304222222222222
0.5,450,249,0.367289832050972,2.768,0.0426379407804128,0.307555555555556
0.5,451,250,0.365649534733876,2.819,0.0440247336979701,0.313222222222222
0.5,452,251,0.364347167429403,2.829,0.0453410941069447,0.314333333333333
0.5,453,252,0.363120394879998,2.749,0.0444744530823818,0.305444444444444
0.5,454,253,0.361586050650007,2.786,0.0436819426320776,0.309555555555556
0.5,455,254,0.360059334471634,2.808,0.0439439081906359,0.312
0.5,456,255,0.358495625919619,2.771,0.0455261642534448,0.307888888888889
0.5,457,256,0.35737974358123,2.822,0.0440483399943322,0.313555555555556
0.5,458,257,0.35586371901246,2.75,0.0431666927545227,0.305555555555556
0.5,459,258,0.354626269522301,2.796,0.0432001186369928,0.310666666666667
0.5,460,259,0.353048625687531,2.828,0.0444115794403712,0.314222222222222
0.5,461,260,0.351515219913582,2.846,0.0437286656118863,0.316222222222222
0.5,462,261,0.349834980031914,2.842,0.0450006784511194,0.315777777777778
0.5,463,262,0.348422507778782,2.8,0.0442714350338903,0.311111111111111
0.5,464,263,0.347043006680193,2.731,0.0434802199802339,0.303444444444444
0.5,465,264,0.345299559838164,2.779,0.0434516633403955,0.308777777777778
0.5,466,265,0.344023910539574,2.789,0.0446595283615209,0.309888888888889
0.5,467,266,0.342614067022299,2.783,0.0450770777995084,0.309222222222222
0.5,468,267,0.341192889467427,2.771,0.0431557808575099,0.307888888888889
0.5,469,268,0.340036862516694,2.755,0.0437594548628052,0.306111111111111
0.5,470,269,0.33856314814794,2.784,0.0446468065749088,0.309333333333333
0.5,471,270,0.336943215927557,2.832,0.0431466990352404,0.314666666666667
0.5,472,271,0.335589887756128,2.742,0.0440837768275289,0.304666666666667
0.5,473,272,0.334218195075313,2.704,0.0441852502124445,0.300444444444444
0.5,474,273,0.332744317350427,2.785,0.0429023963854658,0.309444444444444
0.5,475,274,0.331157300235129,2.808,0.0459047191827073,0.312
0.5,476,275,0.330172517542311,2.747,0.044844196971314,0.305222222222222
0.5,477,276,0.329085631514858,2.71,0.044111742720571,0.301111111111111
0.5,478,277,0.327449999430077,2.847,0.0447167819793709,0.316333333333333
0.5,479,278,0.326347760743274,2.752,0.0440503852019077,0.305777777777778
0.5,480,279,0.324896425964134,2.799,0.0439605679163899,0.311
0.5,481,280,0.323389742440601,2.787,0.0445153076212287,0.309666666666667
0.5,482,281,0.321974322678613,2.766,0.0441269893737516,0.307333333333333
0.5,483,282,0.320424110023742,2.694,0.0441396908950697,0.299333333333333
0.5,484,283,0.319305434557308,2.75,0.0439480537843422,0.305555555555556
0.5,485,284,0.318160054115673,2.825,0.0442756743069526,0.313888888888889
0.5,486,285,0.317148699523586,2.814,0.0443550602679262,0.312666666666667
0.5,487,286,0.316083119464416,2.682,0.0423871758043949,0.298
0.5,488,287,0.314895668617403,2.776,0.0462813781770376,0.308444444444444
0.5,489,288,0.313799007948282,2.714,0.0453239258919421,0.301555555555556
0.5,490,289,0.312372379425603,2.763,0.0425281041152746,0.307
0.5,491,290,0.311057666515233,2.73,0.0446664873825453,0.303333333333333
0.5,492,291,0.309875514894309,2.753,0.0431259881144868,0.305888888888889
0.5,493,292,0.308540867806726,2.729,0.0435827770852026,0.303222222222222
0.5,494,293,0.307430423960546,2.747,0.0440787242775236,0.305222222222222
0.5,495,294,0.305973494120106,2.75,0.0434671069820547,0.305555555555556
0.5,496,295,0.304892620558384,2.658,0.0442605354124306,0.295333333333333
0.5,497,296,0.303709439698273,2.758,0.0448491632859238,0.306444444444444
0.5,498,297,0.302653805741841,2.741,0.0437244877709368,0.304555555555556
0.5,499,298,0.301490922159192,2.687,0.0426010075684346,0.298555555555556
0.5,500,299,0.300202912669667,2.688,0.0449073788221121,0.298666666666667
0.5,501,300,0.299118356997678,2.753,0.0459140403264525,0.305888888888889
0.5,502,301,0.298034741105645,2.666,0.0424292852195773,0.296222222222222
0.5,503,302,0.296831052773826,2.671,0.0451530485991566,0.296777777777778
0.5,504,303,0.295779617105574,2.646,0.042690824617317,0.294
0.5,505,304,0.294822674783637,2.667,0.043127380757136,0.296333333333333
0.5,506,305,0.293679270312164,2.754,0.0426532918225934,0.306
0.5,507,306,0.292309747513621,2.696,0.0441081571767572,0.299555555555556
0.5,508,307,0.291189122211157,2.672,0.0454805945924686,0.296888888888889
0.5,509,308,0.289580816864066,2.621,0.0432114131477579,0.291222222222222
0.5,510,309,0.288612760648323,2.733,0.0439048817176251,0.303666666666667
0.5,511,310,0.287287428457951,2.678,0.0449258759996319,0.297555555555556
0.5,512,311,0.286358413016094,2.71,0.0434256351224228,0.301111111111111
0.5,513,312,0.285408583950653,2.756,0.0441181415112923,0.306222222222222
0.5,514,313,0.284315437105063,2.663,0.0431890761222823,0.295888888888889
0.5,515,314,0.283196448024167,2.688,0.0441883311362696,0.298666666666667
0.5,516,315,0.282214317220868,2.697,0.0437161537889842,0.299666666666667
0.5,517,316,0.281174478619261,2.617,0.0443652936345437,0.290777777777778
0.5,518,317,0.280402024751571,2.667,0.0423072204345891,0.296333333333333
0.5,519,318,0.279180128720319,2.7,0.0440220165137621,0.3
0.5,520,319,0.277760789305232,2.729,0.0423479911253457,0.303222222222222
0.5,521,320,0.276512512175774,2.711,0.0439705857638083,0.301222222222222
0.5,522,321,0.275633968846397,2.619,0.0440883520080166,0.291
0.5,523,322,0.274943168897056,2.718,0.0437537471582765,0.302
0.5,524,323,0.273965032285826,2.693,0.0431580075259922,0.299222222222222
0.5,525,324,0.273210581128625,2.702,0.0436015721860701,0.300222222222222
0.5,526,325,0.272291828192799,2.669,0.0436731765085428,0.296555555555556
0.5,527,326,0.270879612156481,2.721,0.0432090965657239,0.302333333333333
0.5,528,327,0.269931718943454,2.721,0.0437615593194998,0.302333333333333
0.5,529,328,0.269275765128029,2.629,0.0450709484079313,0.292111111111111
0.5,530,329,0.267934520936605,2.664,0.0435085853251632,0.296
0.5,531,330,0.266934724032847,2.659,0.0442343268929878,0.295444444444444
0.5,532,331,0.266023843568598,2.7,0.0447213595499959,0.3
0.5,533,332,0.265645242081387,2.653,0.0418849059369285,0.294777777777778
0.5,534,333,0.264694505045477,2.668,0.0436770384033041,0.296444444444444
0.5,535,334,0.263366415852312,2.626,0.0425903502913269,0.291777777777778
0.5,536,335,0.262485610374883,2.692,0.0445771592087595,0.299111111111111
0.5,537,336,0.261352768060414,2.725,0.0434195838333378,0.302777777777778
0.5,538,337,0.260195065856094,2.672,0.0444566349647878,0.296888888888889
0.5,539,338,0.259112368138612,2.692,0.0418436003098067,0.299111111111111
0.5,540,339,0.258089860370004,2.742,0.0430963257516611,0.304666666666667
0.5,541,340,0.257061481146847,2.6,0.042282239625968,0.288888888888889
0.5,542,341,0.256063260197608,2.624,0.0450849936969793,0.291555555555556
0.5,543,342,0.254779973065469,2.656,0.0431917761793785,0.295111111111111
0.5,544,343,0.253859971930205,2.645,0.0447770028025546,0.293888888888889
0.5,545,344,0.253151004812286,2.706,0.0442891129457967,0.300666666666667
0.5,546,345,0.252070142090227,2.655,0.0410567979835332,0.295
0.5,547,346,0.250914793486494,2.553,0.0435095861171312,0.283666666666667
0.5,548,347,0.249700112635971,2.671,0.0435046164406911,0.296777777777778
0.5,549,348,0.248768839452078,2.623,0.0425285748606708,0.291444444444444
0.5,550,349,0.247676635209583,2.641,0.0442727803405105,0.293444444444444
0.5,551,350,0.246635988754666,2.605,0.043299536369918,0.289444444444444
0.5,552,351,0.245536573512284,2.657,0.0445795731062821,0.295222222222222
0.5,553,352,0.244838926734107,2.679,0.046777635117085,0.297666666666667
0.5,554,353,0.244098056756423,2.646,0.0432730465365748,0.294
0.5,555,354,0.243239809773296,2.65,0.0424888844911853,0.294444444444444
0.5,556,355,0.242160981000496,2.626,0.0451681764538282,0.291777777777778
0.5,557,356,0.240913960583512,2.687,0.0446657142115292,0.298555555555556
0.5,558,357,0.239931549282274,2.686,0.0423225140462518,0.298444444444444
0.5,559,358,0.238956990019623,2.667,0.0435201677961496,0.296333333333333
0.5,560,359,0.237844347665312,2.638,0.0426705610084609,0.293111111111111
0.5,561,360,0.236946621865707,2.611,0.0430759159453929,0.290111111111111
0.5,562,361,0.235806907147005,2.579,0.0422793867806351,0.286555555555556
0.5,563,362,0.234754871553463,2.579,0.0414182867158273,0.286555555555556
0.5,564,363,0.233941628499348,2.593,0.0429324375524405,0.288111111111111
0.5,565,364,0.233392453333269,2.64,0.0450158463924251,0.293333333333333
0.5,566,365,0.232608146872339,2.61,0.0431249319971612,0.29
0.5,567,366,0.231548855638566,2.614,0.0420567803424461,0.290444444444444
0.5,568,367,0.230681592615887,2.619,0.0440656417266421,0.291
0.5,569,368,0.229562632441501,2.575,0.0434771809719222,0.286111111111111
0.5,570,369,0.228564526853269,2.696,0.0439262280820184,0.299555555555556
0.5,571,370,0.227770449395293,2.673,0.0448115953641366,0.297
0.5,572,371,0.227019052547102,2.616,0.0419321154045712,0.290666666666667
0.5,573,372,0.226124653278795,2.637,0.0441041514619222,0.293
0.5,574,373,0.225264139903405,2.61,0.0430087171367592,0.29
0.5,575,374,0.224515923524656,2.475,0.0435117026588051,0.275
0.5,576,375,0.223841549296245,2.52,0.0443346993399704,0.28
0.5,577,376,0.222779258068575,2.557,0.042621210301534,0.284111111111111
0.5,578,377,0.221556702844604,2.577,0.0445652000675081,0.286333333333333
0.5,579,378,0.220847602589011,2.616,0.0452613808074011,0.290666666666667
0.5,580,379,0.220065362703179,2.56,0.0441854314492045,0.284444444444444
0.5,581,380,0.219214586346838,2.587,0.0438218136474444,0.287444444444444
0.5,582,381,0.218083879698927,2.569,0.0429311318518635,0.285444444444444
0.5,583,382,0.217315310051959,2.613,0.0434179239037996,0.290333333333333
0.5,584,383,0.216057134333626,2.495,0.0416378278577148,0.277222222222222
0.5,585,384,0.215211227688886,2.577,0.0435427027981377,0.286333333333333
0.5,586,385,0.214326524122672,2.578,0.0432178641742484,0.286444444444444
0.5,587,386,0.213640199947783,2.629,0.0432114131477581,0.292111111111111
0.5,588,387,0.212613508591183,2.591,0.0433774204004873,0.287888888888889
0.5,589,388,0.211458944497606,2.515,0.0423977897132925,0.279444444444444
0.5,590,389,0.210715865485362,2.6,0.0431492973507316,0.288888888888889
0.5,591,390,0.209685500641413,2.539,0.0431316512475389,0.282111111111111
0.5,592,391,0.208994417251787,2.574,0.0441868360088895,0.286
0.5,593,392,0.208049266320072,2.605,0.0436678586821233,0.289444444444444
0.5,594,393,0.207429454739169,2.574,0.0413307661703995,0.286
0.5,595,394,0.206123479353971,2.541,0.0418098919762663,0.282333333333333
0.5,596,395,0.205429112826968,2.617,0.0436373144821632,0.290777777777778
0.5,597,396,0.204624834554804,2.549,0.0435832364390082,0.283222222222222
0.5,598,397,0.204143417473005,2.605,0.0426942361191508,0.289444444444444
0.5,599,398,0.203314942456298,2.497,0.0437481988761242,0.277444444444444
0.5,600,399,0.202472574332581,2.615,0.0440535550860051,0.290555555555556
0.5,601,400,0.201524141525272,2.523,0.0441068749336929,0.280333333333333
0.5,602,401,0.200736567374635,2.533,0.0427169256353466,0.281444444444444
0.5,603,402,0.199842652369951,2.541,0.0436832602632544,0.282333333333333
0.5,604,403,0.198887869072146,2.556,0.0454635120831082,0.284
0.5,605,404,0.198211248579474,2.537,0.0420285307546838,0.281888888888889
0.5,606,405,0.197433728773156,2.525,0.043741150971234,0.280555555555556
0.5,607,406,0.196929036249246,2.51,0.0439070361995411,0.278888888888889
0.5,608,407,0.196563192278198,2.561,0.0424037389516192,0.284555555555556
0.5,609,408,0.195980422726582,2.414,0.0427367573691596,0.268222222222222
0.5,610,409,0.195083780576214,2.589,0.0424721424333984,0.287666666666667
0.5,611,410,0.194124536262062,2.576,0.0437965996641535,0.286222222222222
0.5,612,411,0.193385768710855,2.538,0.0424306063632887,0.282
0.5,613,412,0.192782411196602,2.588,0.0443195241425291,0.287555555555556
0.5,614,413,0.19183165300111,2.568,0.0441511644843634,0.285333333333333
0.5,615,414,0.191259464827063,2.545,0.0432417026126961,0.282777777777778
0.5,616,415,0.190370939129449,2.489,0.0449655523806936,0.276555555555556
0.5,617,416,0.189652615523764,2.509,0.0427755625182034,0.278777777777778
0.5,618,417,0.188600747830971,2.57,0.0440345209925013,0.285555555555556
0.5,619,418,0.188242969658499,2.508,0.0437933083227776,0.278666666666667
0.5,620,419,0.187441966900495,2.544,0.0425426124476844,0.282666666666667
0.5,621,420,0.186653074473424,2.64,0.0447705752074327,0.293333333333333
0.5,622,421,0.186022142152778,2.536,0.0433887841104886,0.281777777777778
0.5,623,422,0.185499284309997,2.538,0.0422651433493646,0.282
0.5,624,423,0.18497726339066,2.62,0.0430284958074463,0.291111111111111
0.5,625,424,0.184134592496559,2.535,0.0448641035549333,0.281666666666667
0.5,626,425,0.18329868754273,2.553,0.0423199950612232,0.283666666666667
0.5,627,426,0.182876525914802,2.458,0.0442514880449707,0.273111111111111
0.5,628,427,0.181813851468895,2.558,0.0447060916949202,0.284222222222222
0.5,629,428,0.181465905960172,2.482,0.043881677287925,0.275777777777778
0.5,630,429,0.180445359475581,2.562,0.0438871516742892,0.284666666666667
0.5,631,430,0.179616926963111,2.578,0.0430786695682651,0.286444444444444
0.5,632,431,0.178531321771253,2.492,0.0438618269097386,0.276888888888889
0.5,633,432,0.177742720475428,2.543,0.0431046286262743,0.282555555555556
0.5,634,433,0.177203376969126,2.568,0.04258155926207,0.285333333333333
0.5,635,434,0.176404239337697,2.59,0.0434947329201111,0.287777777777778
0.5,636,435,0.175763352960577,2.479,0.0425131316932353,0.275444444444444
0.5,637,436,0.175181007805587,2.57,0.044329054412034,0.285555555555556
0.5,638,437,0.174379198792737,2.52,0.0436291588677058,0.28
0.5,639,438,0.173672102596612,2.527,0.0448696365517293,0.280777777777778
0.5,640,439,0.1727511986519,2.517,0.0430065176521019,0.279666666666667
0.5,641,440,0.172046256499854,2.619,0.0439974405479997,0.291
0.5,642,441,0.171536891156805,2.514,0.0429843186714839,0.279333333333333
0.5,643,442,0.170792936181021,2.487,0.0436547447219283,0.276333333333333
0.5,644,443,0.170111969776709,2.414,0.0413317349298611,0.268222222222222
0.5,645,444,0.169401100005697,2.537,0.0423133716621759,0.281888888888889
0.5,646,445,0.168624858832306,2.509,0.0442931245328308,0.278777777777778
0.5,647,446,0.168025392449037,2.414,0.0431098882214098,0.268222222222222
0.5,648,447,0.167516004123528,2.431,0.0415326854894307,0.270111111111111
0.5,649,448,0.166974563319338,2.522,0.0424183370173245,0.280222222222222
0.5,650,449,0.166070451754566,2.54,0.0447258359385312,0.282222222222222
0.5,651,450,0.165189400774941,2.466,0.0432980221109313,0.274
0.5,652,451,0.164279414098664,2.529,0.0439897044101699,0.281
0.5,653,452,0.163520460750731,2.502,0.0435418407039929,0.278
0.5,654,453,0.163130210810136,2.54,0.0416909838950599,0.282222222222222
0.5,655,454,0.162223453781398,2.501,0.0435188797292956,0.277888888888889
0.5,656,455,0.161418332747826,2.474,0.042510364984685,0.274888888888889
0.5,657,456,0.160593557421176,2.448,0.0430946998266974,0.272
0.5,658,457,0.160321932635343,2.501,0.0442035400500113,0.277888888888889
0.5,659,458,0.159785903370393,2.559,0.0442320638844207,0.284333333333333
0.5,660,459,0.159031761262749,2.553,0.0439900684942192,0.283666666666667
0.5,661,460,0.158296936419219,2.534,0.0439633572054814,0.281555555555556
0.5,662,461,0.157540330270682,2.513,0.0429380329623362,0.279222222222222
0.5,663,462,0.157050667124462,2.549,0.0429819316276786,0.283222222222222
0.5,664,463,0.156328174225635,2.502,0.0423295143816674,0.278
0.5,665,464,0.155873095735921,2.542,0.0440246995920945,0.282444444444444
0.5,666,465,0.15536196474205,2.507,0.0425177463979308,0.278555555555556
0.5,667,466,0.154790033300767,2.539,0.0440274620824026,0.282111111111111
0.5,668,467,0.154112572992229,2.507,0.0414930436660493,0.278555555555556
0.5,669,468,0.153712945969484,2.511,0.0428218718964119,0.279
0.5,670,469,0.152918305703988,2.475,0.0449599421307056,0.275
0.5,671,470,0.15264040306561,2.483,0.0454287879518567,0.275888888888889
0.5,672,471,0.15241266413616,2.516,0.0428436644041986,0.279555555555556
0.5,673,472,0.15154470750713,2.476,0.0419664769212905,0.275111111111111
0.5,674,473,0.151120184706241,2.542,0.0429427535223357,0.282444444444444
0.5,675,474,0.15051691769284,2.571,0.0430210391530681,0.285666666666667
0.5,676,475,0.150107673307366,2.529,0.0435092180124175,0.281
0.5,677,476,0.149634659093704,2.428,0.041091416433417,0.269777777777778
0.5,678,477,0.148797222075121,2.436,0.0422811032459147,0.270666666666667
0.5,679,478,0.14835715434759,2.453,0.0411032903850832,0.272555555555556
0.5,680,479,0.148026222888893,2.404,0.0417435806624983,0.267111111111111
0.5,681,480,0.14699929787231,2.527,0.0424626197269325,0.280777777777778
0.5,682,481,0.146447277147729,2.49,0.0437013708001224,0.276666666666667
0.5,683,482,0.145662403738474,2.475,0.0441738194672628,0.275
0.5,684,483,0.145031537988031,2.471,0.0412657468351402,0.274555555555556
0.5,685,484,0.144167386996994,2.448,0.0421315923158747,0.272
0.5,686,485,0.143649024561682,2.539,0.042594521869523,0.282111111111111
0.5,687,486,0.143028475506319,2.489,0.0427282658752342,0.276555555555556
0.5,688,487,0.142376076177914,2.476,0.0438331534953323,0.275111111111111
0.5,689,488,0.141406440545726,2.564,0.0446082267512832,0.284888888888889
0.5,690,489,0.140988087315593,2.509,0.0434258541056452,0.278777777777778
0.5,691,490,0.140641693012782,2.581,0.0440838108876988,0.286777777777778
0.5,692,491,0.140201101914896,2.532,0.043461072983359,0.281333333333333
0.5,693,492,0.139746427783608,2.58,0.0433529639065136,0.286666666666667
0.5,694,493,0.139091591230912,2.478,0.0421342057156807,0.275333333333333
0.5,695,494,0.138327667420807,2.467,0.0431598629953081,0.274111111111111
0.5,696,495,0.13743608525714,2.458,0.0421427575273854,0.273111111111111
0.5,697,496,0.136953342374444,2.574,0.0425715437391734,0.286
0.5,698,497,0.136440460481508,2.535,0.0433896031055557,0.281666666666667
0.5,699,498,0.135852201788917,2.487,0.0435169475575289,0.276333333333333
0.5,700,499,0.135219603992925,2.442,0.0408938663898181,0.271333333333333
0.5,701,500,0.134396617325237,2.453,0.0434704575623569,0.272555555555556
0.5,702,501,0.133770968104994,2.468,0.0422701166636994,0.274222222222222
0.5,703,502,0.133359968679673,2.411,0.0418070188703621,0.267888888888889
0.5,704,503,0.132894683770019,2.394,0.0435046739633419,0.266
0.5,705,504,0.132554518969988,2.513,0.042090409864987,0.279222222222222
0.5,706,505,0.132428037143648,2.523,0.042887181188676,0.280333333333333
0.5,707,506,0.131519658135847,2.457,0.0424022281130246,0.273
0.5,708,507,0.131067663489985,2.453,0.0429375667060283,0.272555555555556
0.5,709,508,0.130303386673134,2.507,0.0433800971971345,0.278555555555556
0.5,710,509,0.129982231586305,2.47,0.041986460470762,0.274444444444444
0.5,711,510,0.129832690700043,2.425,0.0407926346175268,0.269444444444444
0.5,712,511,0.129436163926341,2.494,0.042635452170486,0.277111111111111
0.5,713,512,0.129275081876738,2.403,0.0432488319086361,0.267
0.5,714,513,0.128601162085392,2.512,0.043332825129845,0.279111111111111
0.5,715,514,0.128205161619856,2.456,0.0436115347811329,0.272888888888889
0.5,716,515,0.127752370194737,2.462,0.0442777203175199,0.273555555555556
0.5,717,516,0.127319162659843,2.443,0.044257312499854,0.271444444444444
0.5,718,517,0.126933666781977,2.394,0.0424566433737594,0.266
0.5,719,518,0.126396621422807,2.504,0.0440445674734573,0.278222222222222
0.5,720,519,0.125599007949315,2.488,0.043860914032653,0.276444444444444
0.5,721,520,0.125202154550348,2.357,0.0432599401574068,0.261888888888889
0.5,722,521,0.124759740577409,2.447,0.0414114224086287,0.271888888888889
0.5,723,522,0.123986802159338,2.53,0.04311564633586,0.281111111111111
0.5,724,523,0.123849285325359,2.469,0.0441246641458717,0.274333333333333
0.5,725,524,0.123369151074527,2.434,0.0419213716545799,0.270444444444444
0.5,726,525,0.123028892639713,2.414,0.0434337482896707,0.268222222222222
0.5,727,526,0.122425405783665,2.465,0.0440535550860052,0.273888888888889
0.5,728,527,0.122049155051229,2.428,0.0432282857014325,0.269777777777778
0.5,729,528,0.121736912138747,2.424,0.0436821717881806,0.269333333333333
0.5,730,529,0.121265601905293,2.356,0.0419168345777803,0.261777777777778
0.5,731,530,0.120771710823239,2.396,0.042579302448455,0.266222222222222
0.5,732,531,0.120285003925382,2.487,0.0441336467876695,0.276333333333333
0.5,733,532,0.119907865910128,2.485,0.041970662807925,0.276111111111111
0.5,734,533,0.119070641903167,2.469,0.041866356323327,0.274333333333333
0.5,735,534,0.118673919105571,2.459,0.0426396193362127,0.273222222222222
0.5,736,535,0.117887317536586,2.475,0.0441738194672628,0.275
0.5,737,536,0.117338816177202,2.461,0.0417638985635106,0.273444444444444
0.5,738,537,0.1169102734213,2.531,0.0445760701052259,0.281222222222222
0.5,739,538,0.116558657520351,2.436,0.0424700801471779,0.270666666666667
0.5,740,539,0.116144480871702,2.392,0.0420964144329194,0.265777777777778
0.5,741,540,0.11585069850054,2.456,0.0438404606041724,0.272888888888889
0.5,742,541,0.115416621567249,2.497,0.0431955652452525,0.277444444444444
0.5,743,542,0.114963027647591,2.376,0.0435260671152187,0.264
0.5,744,543,0.114737529296528,2.504,0.0425416712623495,0.278222222222222
0.5,745,544,0.114107360963572,2.452,0.0429364593270052,0.272444444444444
0.5,746,545,0.113377342996564,2.513,0.0429846330527396,0.279222222222222
0.5,747,546,0.112915878561155,2.451,0.0434221658198262,0.272333333333333
0.5,748,547,0.112730014329219,2.414,0.0411375290494736,0.268222222222222
0.5,749,548,0.112210109129816,2.441,0.0409658052184648,0.271222222222222
0.5,750,549,0.111784690227838,2.353,0.0405960470863733,0.261444444444444
0.5,751,550,0.111387566566764,2.284,0.0419655228146288,0.253777777777778
0.5,752,551,0.111053194416555,2.442,0.0440292468090763,0.271333333333333
0.5,753,552,0.110418862001523,2.392,0.0424280112206091,0.265777777777778
0.5,754,553,0.11010294649745,2.475,0.0432347573630782,0.275
0.5,755,554,0.109567283591368,2.508,0.0423524465613233,0.278666666666667
0.5,756,555,0.109099799091814,2.497,0.0427764049543768,0.277444444444444
0.5,757,556,0.108566983943899,2.422,0.0435868766467134,0.269111111111111
0.5,758,557,0.108085429966738,2.482,0.0414897264078396,0.275777777777778
0.5,759,558,0.107841407051666,2.447,0.0428605649522728,0.271888888888889
0.5,760,559,0.107503501236828,2.375,0.0430607620604795,0.263888888888889
0.5,761,560,0.107258885177113,2.363,0.0423677474740637,0.262555555555556
0.5,762,561,0.106402691481977,2.442,0.0411135783692725,0.271333333333333
0.5,763,562,0.106108244934939,2.369,0.0402051670243446,0.263222222222222
0.5,764,563,0.105404965673639,2.373,0.0421859058294432,0.263666666666667
0.5,765,564,0.104982542523606,2.386,0.0408738874426529,0.265111111111111
0.5,766,565,0.104581516439807,2.413,0.042121315330901,0.268111111111111
0.5,767,566,0.104086302532975,2.41,0.0423992652966735,0.267777777777778
0.5,768,567,0.103598107882462,2.42,0.0415370355866342,0.268888888888889
0.5,769,568,0.10327624923206,2.387,0.041628883770334,0.265222222222222
0.5,770,569,0.102810782537172,2.378,0.043646546495926,0.264222222222222
0.5,771,570,0.102299329877609,2.369,0.0408473684281803,0.263222222222222
0.5,772,571,0.101617544870923,2.365,0.0412974633661741,0.262777777777778
0.5,773,572,0.101258049289041,2.473,0.0416774280397436,0.274777777777778
0.5,774,573,0.101101938381109,2.363,0.0428843802575025,0.262555555555556
0.5,775,574,0.100579513383146,2.464,0.0427145002139617,0.273777777777778
0.5,776,575,0.100267196378448,2.403,0.0418131479242994,0.267
0.5,777,576,0.099747720446104,2.41,0.0428221173429542,0.267777777777778
0.5,778,577,0.0994598865443412,2.399,0.0434705496708825,0.266555555555556
0.5,779,578,0.0988580105935878,2.395,0.0426707838666669,0.266111111111111
0.5,780,579,0.0983474885459913,2.468,0.0438736925833796,0.274222222222222
0.5,781,580,0.0979899941119957,2.416,0.0422460498594689,0.268444444444444
0.5,782,581,0.0974676820960066,2.469,0.0435538280284974,0.274333333333333
0.5,783,582,0.0971738362974844,2.41,0.0419244279347693,0.267777777777778
0.5,784,583,0.096935792504022,2.428,0.0429961005751062,0.269777777777778
0.5,785,584,0.0967133609589892,2.406,0.0430931667555428,0.267333333333333
0.5,786,585,0.0964986763591445,2.413,0.0416913560485763,0.268111111111111
0.5,787,586,0.0960759422922287,2.36,0.0423579295314842,0.262222222222222
0.5,788,587,0.0954656678153154,2.43,0.0422004843678468,0.27
0.5,789,588,0.0951240167600494,2.44,0.0411836872571665,0.271111111111111
0.5,790,589,0.0944792873073421,2.397,0.0429795095160268,0.266333333333333
0.5,791,590,0.0940565952298054,2.426,0.0425009450522026,0.269555555555556
0.5,792,591,0.0934728196502765,2.425,0.0435232038029059,0.269444444444444
0.5,793,592,0.0929909184932676,2.418,0.0410726546860918,0.268666666666667
0.5,794,593,0.0926284285513033,2.381,0.042138042368086,0.264555555555556
0.5,795,594,0.0921042259449196,2.409,0.0427966184476129,0.267666666666667
0.5,796,595,0.0918456591551579,2.337,0.0410257737783715,0.259666666666667
0.5,797,596,0.0917885662707718,2.419,0.0414144196404364,0.268777777777778
0.5,798,597,0.0913277736346638,2.383,0.0421436482413078,0.264777777777778
0.5,799,598,0.0910046042779373,2.4,0.0430564031690276,0.266666666666667
0.5,800,599,0.0907847680943127,2.372,0.0415853982227578,0.263555555555555
0.5,801,600,0.0906045889014622,2.407,0.0432576261741468,0.267444444444444
0.5,802,601,0.089736697627526,2.37,0.0420102947486071,0.263333333333333
0.5,803,602,0.0895412977966269,2.418,0.0430247269268162,0.268666666666667
0.5,804,603,0.089510224062651,2.431,0.0442402101735085,0.270111111111111
0.5,805,604,0.0892746377664367,2.43,0.0415310103997582,0.27
0.5,806,605,0.0887052039211481,2.435,0.041297463366174,0.270555555555556
0.5,807,606,0.0882819050001638,2.4,0.0421874362788233,0.266666666666667
0.5,808,607,0.0880513595882708,2.348,0.0423165060784404,0.260888888888889
0.5,809,608,0.0875624005584336,2.358,0.0420190623598577,0.262
0.5,810,609,0.0876101020367488,2.478,0.0429110400404995,0.275333333333333
0.5,811,610,0.0873162091383519,2.437,0.0431264523336998,0.270777777777778
0.5,812,611,0.0874753409277665,2.337,0.0430497884348377,0.259666666666667
0.5,813,612,0.0872214510290812,2.366,0.043496389918428,0.262888888888889
0.5,814,613,0.0870747108791889,2.357,0.0419679915210665,0.261888888888889
0.5,815,614,0.0867641494790568,2.315,0.042350543899324,0.257222222222222
0.5,816,615,0.0861744305450836,2.41,0.0410070918449673,0.267777777777778
0.5,817,616,0.0859107621487152,2.397,0.0429095820561356,0.266333333333333
0.5,818,617,0.0855594052480332,2.342,0.0397065814772895,0.260222222222222
0.5,819,618,0.0852982364327939,2.369,0.0422921698146077,0.263222222222222
0.5,820,619,0.0851455514266084,2.355,0.0422701048231699,0.261666666666667
0.5,821,620,0.0846783722628282,2.462,0.0437775338783773,0.273555555555556
0.5,822,621,0.084305267271305,2.387,0.041218077707845,0.265222222222222
0.5,823,622,0.0842184874454664,2.411,0.0420695715315576,0.267888888888889
0.5,824,623,0.0836923635532654,2.336,0.0409729518436589,0.259555555555556
0.5,825,624,0.083413776043091,2.418,0.0421551070815035,0.268666666666667
0.5,826,625,0.0832317160103972,2.411,0.0422594943754047,0.267888888888889
0.5,827,626,0.0830983714562594,2.355,0.0431837914018656,0.261666666666667
0.5,828,627,0.0826833320513124,2.374,0.0436351696230005,0.263777777777778
0.5,829,628,0.0826139120072081,2.372,0.0421591436510918,0.263555555555556
0.5,830,629,0.0820519870379227,2.438,0.0413263095843779,0.270888888888889
0.5,831,630,0.0819636551350903,2.373,0.0430316479201381,0.263666666666667
0.5,832,631,0.0817034234422448,2.351,0.0424924064346165,0.261222222222222
0.5,833,632,0.0816558575327595,2.375,0.0428276687342331,0.263888888888889
0.5,834,633,0.0812879092094852,2.328,0.0425937815910989,0.258666666666667
0.5,835,634,0.0809302762237099,2.34,0.0419542627173945,0.26
0.5,836,635,0.0805557288197963,2.375,0.0409151444950284,0.263888888888889
0.5,837,636,0.0803927147813436,2.397,0.0404106919518093,0.266333333333333
0.5,838,637,0.0801354437034403,2.306,0.0425226077771832,0.256222222222222
0.5,839,638,0.0798324053756218,2.499,0.0434037196894791,0.277666666666667
0.5,840,639,0.0793041986215063,2.415,0.0424331895522312,0.268333333333333
0.5,841,640,0.0792735546449204,2.448,0.0436027200664958,0.272
0.5,842,641,0.0791436262123446,2.377,0.0412379869970828,0.264111111111111
0.5,843,642,0.0787926311224621,2.357,0.0409295275592844,0.261888888888889
0.5,844,643,0.0786104436171029,2.378,0.0424136170930389,0.264222222222222
0.5,845,644,0.0784224935199872,2.459,0.0429437208816744,0.273222222222222
0.5,846,645,0.0785089150810621,2.405,0.0439420744378997,0.267222222222222
0.5,847,646,0.0781591987701277,2.365,0.0421610312083631,0.262777777777778
0.5,848,647,0.0777860441376012,2.409,0.0426325760016509,0.267666666666667
0.5,849,648,0.0775930861217583,2.448,0.0419649503402192,0.272
0.5,850,649,0.0773709953324044,2.411,0.0431037926050241,0.267888888888889
0.5,851,650,0.077144828972606,2.372,0.0421353935710987,0.263555555555556
0.5,852,651,0.0769188362686748,2.392,0.0428972746940429,0.265777777777778
0.5,853,652,0.0769386645772668,2.343,0.0424163901121979,0.260333333333333
0.5,854,653,0.0766594725428559,2.38,0.0427484201746381,0.264444444444444
0.5,855,654,0.0761187216151944,2.36,0.0427577855861154,0.262222222222222
0.5,856,655,0.076222615103099,2.416,0.0433453898681605,0.268444444444444
0.5,857,656,0.0761380165283684,2.43,0.0427659786387373,0.27
0.5,858,657,0.0757085274537587,2.395,0.0450222389714462,0.266111111111111
0.5,859,658,0.0756317932420695,2.422,0.0430321713113312,0.269111111111111
0.5,860,659,0.0751594082907472,2.454,0.0426110279117942,0.272666666666667
0.5,861,660,0.0747790703818774,2.402,0.0414742825871179,0.266888888888889
0.5,862,661,0.0744240535299214,2.342,0.0420095322611525,0.260222222222222
0.5,863,662,0.0742384553535123,2.372,0.0439721451551951,0.263555555555556
0.5,864,663,0.0739007577566246,2.447,0.042485244450232,0.271888888888889
0.5,865,664,0.0739860368512533,2.392,0.0429206031898222,0.265777777777778
0.5,866,665,0.0738530899579109,2.311,0.0417375253341763,0.256777777777778
0.5,867,666,0.0736267991654314,2.41,0.0435866929211176,0.267777777777778
0.5,868,667,0.0734666775778338,2.388,0.0424412212036513,0.265333333333333
0.5,869,668,0.0731539791177873,2.323,0.0435266075586597,0.258111111111111
0.5,870,669,0.0728776369184104,2.353,0.043339004017966,0.261444444444444
0.5,871,670,0.0724738700074268,2.401,0.0422135165673387,0.266777777777778
0.5,872,671,0.0718976723039804,2.432,0.0415343364109877,0.270222222222222
0.5,873,672,0.0715164893063266,2.364,0.0429808253916948,0.262666666666667
0.5,874,673,0.0708294686084346,2.377,0.0424579047254298,0.264111111111111
0.5,875,674,0.0704336293222478,2.368,0.0425251029908733,0.263111111111111
0.5,876,675,0.0703021608259419,2.357,0.0411976728499104,0.261888888888889
0.5,877,676,0.0703364471653587,2.373,0.0421146606853794,0.263666666666667
0.5,878,677,0.0700592353777878,2.343,0.0415099274159096,0.260333333333333
0.5,879,678,0.0696155756436235,2.413,0.0426409339631444,0.268111111111111
0.5,880,679,0.0692105012266031,2.403,0.0418370809371465,0.267
0.5,881,680,0.0688753441671658,2.371,0.0416544606746276,0.263444444444444
0.5,882,681,0.0685443728595959,2.357,0.04293476906185,0.261888888888889
0.5,883,682,0.068661212585485,2.332,0.0416113867529973,0.259111111111111
0.5,884,683,0.0685158448836515,2.375,0.0426167947080865,0.263888888888889
0.5,885,684,0.0683166061238902,2.363,0.0411694780866351,0.262555555555556
0.5,886,685,0.0681794838809848,2.269,0.0417418420937718,0.252111111111111
0.5,887,686,0.0678121373198993,2.416,0.0428343177695033,0.268444444444444
0.5,888,687,0.0675792089047695,2.381,0.0428681312477774,0.264555555555556
0.5,889,688,0.0676402624508161,2.336,0.0412408147931732,0.259555555555556
0.5,890,689,0.0672815227288204,2.345,0.0417098874934314,0.260555555555556
0.5,891,690,0.066689699314048,2.412,0.0428963412903257,0.268
0.5,892,691,0.0662642515429562,2.34,0.0420495917717184,0.26
0.5,893,692,0.0660903184536606,2.425,0.0419778172031032,0.269444444444444
0.5,894,693,0.0658375205088088,2.354,0.0420291619051637,0.261555555555556
0.5,895,694,0.0655283256357075,2.332,0.0428440382271749,0.259111111111111
0.5,896,695,0.0656217869775379,2.331,0.0421570423086844,0.259
0.5,897,696,0.0651320677544688,2.356,0.0428847653963861,0.261777777777778
0.5,898,697,0.0652743120809796,2.397,0.0418944643854787,0.266333333333333
0.5,899,698,0.064803752117654,2.313,0.0399578231092186,0.257
0.5,900,699,0.0642824142223219,2.426,0.0433867077156866,0.269555555555556
0.5,901,700,0.0641228039780806,2.373,0.0428217783925972,0.263666666666667
0.5,902,701,0.0639710055555627,2.387,0.0425328113347808,0.265222222222222
0.5,903,702,0.0636959955903994,2.327,0.040960331404284,0.258555555555556
0.5,904,703,0.0633150667860678,2.318,0.0438953619737076,0.257555555555556
0.5,905,704,0.0630472031689521,2.31,0.0414199905313319,0.256666666666667
0.5,906,705,0.0626141618385233,2.37,0.0432315737507779,0.263333333333333
0.5,907,706,0.0624620428157682,2.323,0.0422428154300286,0.258111111111111
0.5,908,707,0.0620964001320053,2.411,0.0430108001428586,0.267888888888889
0.5,909,708,0.0614898743443407,2.462,0.0411126044692652,0.273555555555556
0.5,910,709,0.0614305651167446,2.414,0.0416453879599929,0.268222222222222
0.5,911,710,0.0612783229097093,2.446,0.0414584467003145,0.271777777777778
0.5,912,711,0.0612576764696109,2.326,0.0435387140326815,0.258444444444444
0.5,913,712,0.0613357535401838,2.389,0.0435611819924184,0.265444444444444
0.5,914,713,0.0611350023459174,2.367,0.042404116652857,0.263
0.5,915,714,0.0609746259059735,2.279,0.0421774576988462,0.253222222222222
0.5,916,715,0.0605754577276502,2.36,0.0421209469762274,0.262222222222222
0.5,917,716,0.0603375579182166,2.328,0.0418828147355234,0.258666666666667
0.5,918,717,0.0601381204131785,2.356,0.0426976239044641,0.261777777777778
0.5,919,718,0.0599218888680615,2.364,0.0416321658965426,0.262666666666667
0.5,920,719,0.0595866092085042,2.272,0.0416383206883966,0.252444444444444
0.5,921,720,0.0593605681962882,2.313,0.0422233799430338,0.257
0.5,922,721,0.0590868217731147,2.373,0.0423043811048059,0.263666666666667
0.5,923,722,0.0585687871902621,2.363,0.0430939449121114,0.262555555555556
0.5,924,723,0.0585350284481247,2.392,0.0435227553152397,0.265777777777778
0.5,925,724,0.0580777518925418,2.306,0.0423338653580812,0.256222222222222
0.5,926,725,0.0576712831021485,2.359,0.0428947427892856,0.262111111111111
0.5,927,726,0.0573883589186671,2.366,0.0437259185833293,0.262888888888889
0.5,928,727,0.0572206748006772,2.342,0.0427652296248351,0.260222222222222
0.5,929,728,0.056594808371524,2.36,0.0416188915293538,0.262222222222222
0.5,930,729,0.0563635269507817,2.31,0.042281055896083,0.256666666666667
0.5,931,730,0.0562740106800619,2.402,0.0429912112442094,0.266888888888889
0.5,932,731,0.0563680288533325,2.326,0.0430764387987166,0.258444444444444
0.5,933,732,0.0559865463208943,2.363,0.0411694780866351,0.262555555555556
0.5,934,733,0.0554605546056301,2.436,0.0429155653084723,0.270666666666667
0.5,935,734,0.0553791766873328,2.353,0.0433851734267973,0.261444444444444
0.5,936,735,0.0551104668416081,2.352,0.0424487679196688,0.261333333333333
0.5,937,736,0.0547587997398834,2.317,0.0412578866789514,0.257444444444444
0.5,938,737,0.0544041829733264,2.273,0.0413543369089771,0.252555555555556
0.5,939,738,0.0542820891467129,2.27,0.0416753744654661,0.252222222222222
0.5,940,739,0.0538485874305049,2.38,0.0420876629354892,0.264444444444444
0.5,941,740,0.0538481098699643,2.405,0.042222716134301,0.267222222222222
0.5,942,741,0.0536572645502409,2.321,0.0421632154458924,0.257888888888889
0.5,943,742,0.0537608285617302,2.347,0.0419803924868904,0.260777777777778
0.5,944,743,0.0533272739320931,2.325,0.0421562824754764,0.258333333333333
0.5,945,744,0.053275816455823,2.394,0.0433894762200083,0.266
0.5,946,745,0.0530083345505304,2.343,0.0426751938738675,0.260333333333333
0.5,947,746,0.0530412952988248,2.384,0.0431324055021788,0.264888888888889
0.5,948,747,0.0527486775323352,2.4,0.0418300101571796,0.266666666666667
0.5,949,748,0.0525652044051458,2.376,0.0429006347792718,0.264
0.5,950,749,0.0521767513505672,2.372,0.0410767976271678,0.263555555555556
1,1,-200,0,2.61,0.0452321339972587,0.29
1,2,-199,7.3994845105494e-05,2.521,0.0450064949155629,0.280111111111111
1,3,-198,0.00053106964405437,2.447,0.0429305722537448,0.271888888888889
1,4,-197,0.000908186198698784,2.467,0.0451990481531851,0.274111111111111
1,5,-196,0.000750790934846328,2.484,0.0447408733234585,0.276
1,6,-195,0.000718859746654817,2.606,0.0437570414753866,0.289555555555556
1,7,-194,0.000803690621685693,2.483,0.0455168406502777,0.275888888888889
1,8,-193,0.000774155812979364,2.479,0.0461702359826186,0.275444444444444
1,9,-192,0.0010456443652763,2.444,0.0441906869919084,0.271555555555556
1,10,-191,0.0014172813503797,2.486,0.0459120018286279,0.276222222222222
1,11,-190,0.00131085778480508,2.467,0.0437129479882312,0.274111111111111
1,12,-189,0.00163400472089865,2.423,0.0424484731512554,0.269222222222222
1,13,-188,0.00142308506177792,2.532,0.0436678701436522,0.281333333333333
1,14,-187,0.00163296304111805,2.495,0.0432417026126958,0.277222222222222
1,15,-186,0.00163937934812885,2.566,0.0445604042803658,0.285111111111111
1,16,-185,0.00172980766093846,2.45,0.0426065172868579,0.272222222222222
1,17,-184,0.0018792333592074,2.567,0.044850000251087,0.285222222222222
1,18,-183,0.00158386721918981,2.475,0.043718260330053,0.275
1,19,-182,0.00139107026940626,2.414,0.0446833369456734,0.268222222222222
1,20,-181,0.00114598772005689,2.441,0.0438684789278525,0.271222222222222
1,21,-180,0.00123784941480894,2.402,0.0430610061453543,0.266888888888889
1,22,-179,0.00120629610446739,2.415,0.0450200155686536,0.268333333333333
1,23,-178,0.00100090485643092,2.42,0.0432836397900346,0.268888888888889
1,24,-177,0.000900109673142161,2.55,0.0438796698418007,0.283333333333333
1,25,-176,0.000908521599281824,2.479,0.0442438302649818,0.275444444444444
1,26,-175,0.000928952058493205,2.516,0.0440418401487006,0.279555555555556
1,27,-174,0.000832048640277516,2.627,0.0459563160292792,0.291888888888889
1,28,-173,0.000986095951321521,2.495,0.0441579542656236,0.277222222222222
1,29,-172,0.00132813965751013,2.507,0.044270881072223,0.278555555555556
1,30,-171,0.00113771404515793,2.477,0.0447154388379503,0.275222222222222
1,31,-170,0.00122419961179009,2.477,0.0446930472050013,0.275222222222222
1,32,-169,0.00137692580815676,2.514,0.0450092193870307,0.279333333333333
1,33,-168,0.00124867581214621,2.556,0.0445066831480941,0.284
1,34,-167,0.00121591167807459,2.505,0.044966620920378,0.278333333333333
1,35,-166,0.00128934389942816,2.437,0.0449894993865796,0.270777777777778
1,36,-165,0.00107619924512966,2.528,0.0460579779987935,0.280888888888889
1,37,-164,0.00135035040978786,2.549,0.0456254389642519,0.283222222222222
1,38,-163,0.000958201470839869,2.477,0.0453379148894888,0.275222222222222
1,39,-162,0.00132269584161873,2.476,0.043787456438361,0.275111111111111
1,40,-161,0.00162490730722049,2.448,0.0454902777015635,0.272
1,41,-160,0.00189583186621511,2.537,0.0454168877587809,0.281888888888889
1,42,-159,0.00179362811855373,2.473,0.0446235617388646,0.274777777777778
1,43,-158,0.00180428057681352,2.424,0.0440700143653954,0.269333333333333
1,44,-157,0.00189727936817092,2.528,0.04711088446883,0.280888888888889
1,45,-156,0.00192984354976161,2.555,0.045442711627279,0.283888888888889
1,46,-155,0.00146200842839583,2.524,0.0455796171715112,0.280444444444444
1,47,-154,0.00162499139582014,2.537,0.0461601750620789,0.281888888888889
1,48,-153,0.00167205371336678,2.478,0.0436052452970675,0.275333333333333
1,49,-152,0.0015570828418042,2.532,0.0450444780745098,0.281333333333333
1,50,-151,0.00175920616919434,2.533,0.0450881796477074,0.281444444444444
1,51,-150,0.00178836205471861,2.509,0.0468840817028243,0.278777777777778
1,52,-149,0.00189183368347948,2.514,0.0461078076894788,0.279333333333333
1,53,-148,0.00169633570573935,2.525,0.0444449136611867,0.280555555555556
1,54,-147,0.00182647955672436,2.476,0.0446925208667115,0.275111111111111
1,55,-146,0.00172389202212579,2.487,0.045187087457291,0.276333333333333
1,56,-145,0.00188269755084801,2.525,0.0455351342201651,0.280555555555556
1,57,-144,0.00196670656600086,2.543,0.0442957459934149,0.282555555555556
1,58,-143,0.00204397596639933,2.469,0.0450007118173043,0.274333333333333
1,59,-142,0.00219596776705201,2.453,0.0451423174951046,0.272555555555556
1,60,-141,0.00179657659333072,2.484,0.0437911139577618,0.276
1,61,-140,0.00164633549067741,2.534,0.0435285967926685,0.281555555555556
1,62,-139,0.00162025625750861,2.531,0.0443509414331422,0.281222222222222
1,63,-138,0.00166512943155088,2.494,0.0434954693716009,0.277111111111111
1,64,-137,0.00164529235845247,2.572,0.0452864976219938,0.285777777777778
1,65,-136,0.0017690533799043,2.505,0.0455417286567937,0.278333333333333
1,66,-135,0.00164094382707153,2.556,0.0454414890703301,0.284
1,67,-134,0.00158599242919096,2.479,0.0429814658475768,0.275444444444444
1,68,-133,0.00152887481866604,2.493,0.0428694388672022,0.277
1,69,-132,0.0015246158406129,2.442,0.0455270107596434,0.271333333333333
1,70,-131,0.0016136036430156,2.465,0.0430188984706212,0.273888888888889
1,71,-130,0.00143079875589587,2.521,0.0444019203473288,0.280111111111111
1,72,-129,0.00121459058502266,2.504,0.0451444572679973,0.278222222222222
1,73,-128,0.00139045174949573,2.501,0.0456517588169731,0.277888888888889
1,74,-127,0.00124139663821994,2.411,0.0475851168259923,0.267888888888889
1,75,-126,0.00134707201982443,2.54,0.0455024226879238,0.282222222222222
1,76,-125,0.00169205747441204,2.542,0.0453242792583655,0.282444444444444
1,77,-124,0.001793030565083,2.41,0.0445857363726102,0.267777777777778
1,78,-123,0.00170052093469462,2.503,0.0439764132794494,0.278111111111111
1,79,-122,0.00176662058198828,2.573,0.045417328562276,0.285888888888889
1,80,-121,0.00180376825030524,2.506,0.0444965610350279,0.278444444444444
1,81,-120,0.00125355315509626,2.471,0.0443974112998737,0.274555555555556
1,82,-119,0.00135203363244407,2.517,0.0448299087743964,0.279666666666667
1,83,-118,0.00144214054037444,2.517,0.044919135440575,0.279666666666667
1,84,-117,0.00116650886609863,2.53,0.0456857438068725,0.281111111111111
1,85,-116,0.00110384403620171,2.552,0.0433956124415727,0.283555555555556
1,86,-115,0.00113459033655747,2.44,0.0453260902180461,0.271111111111111
1,87,-114,0.0012067498980209,2.56,0.0447482111642734,0.284444444444444
1,88,-113,0.0011070914971118,2.517,0.0437221067953342,0.279666666666667
1,89,-112,0.00102597985935076,2.484,0.0446737030000845,0.276
1,90,-111,0.000981408373055324,2.547,0.04556168200217,0.283
1,91,-110,0.000856968623378537,2.509,0.0453428602425449,0.278777777777778
1,92,-109,0.00099144990896314,2.589,0.0466503510732261,0.287666666666667
1,93,-108,0.000799558011208281,2.496,0.0458266743729468,0.277333333333333
1,94,-107,0.000754355390134998,2.459,0.0443653838852689,0.273222222222222
1,95,-106,0.00114639119243186,2.508,0.0444061697054353,0.278666666666667
1,96,-105,0.00111507446268255,2.448,0.04446654105362,0.272
1,97,-104,0.00110239339609612,2.441,0.0439368802880843,0.271222222222222
1,98,-103,0.00101345199134849,2.421,0.0442008225343456,0.269
1,99,-102,0.000776757819382902,2.533,0.045287547537507,0.281444444444444
1,100,-101,0.000806273141432358,2.472,0.0446005067819326,0.274666666666667
1,101,-100,0.00110550226564468,2.477,0.0454922030741593,0.275222222222222
1,102,-99,0.000992233990290862,2.539,0.044254236378424,0.282111111111111
1,103,-98,0.00122816612619924,2.454,0.0448541625258559,0.272666666666667
1,104,-97,0.000927207207862796,2.517,0.0441776262678593,0.279666666666667
1,105,-96,0.000940480483227795,2.494,0.0432184200524712,0.277111111111111
1,106,-95,0.00103327061647206,2.454,0.0437698503515811,0.272666666666667
1,107,-94,0.000882359186247985,2.482,0.0459106064410369,0.275777777777778
1,108,-93,0.000617829652065971,2.494,0.0438164795925449,0.277111111111111
1,109,-92,0.000829462505202943,2.574,0.0448836110238309,0.286
1,110,-91,0.000805301078930901,2.511,0.0432868658227037,0.279
1,111,-90,0.001021770751361,2.536,0.0455497396126343,0.281777777777778
1,112,-89,0.00132073118596518,2.477,0.0443332430173616,0.275222222222222
1,113,-88,0.00124858866763068,2.494,0.0435414728719628,0.277111111111111
1,114,-87,0.00120376013100741,2.537,0.0453286408982852,0.281888888888889
1,115,-86,0.000806904813540858,2.5,0.0452111053176545,0.277777777777778
1,116,-85,0.000479971821097757,2.528,0.043990352932787,0.280888888888889
1,117,-84,0.000630981902990204,2.479,0.0440624613531802,0.275444444444444
1,118,-83,0.000726742150632124,2.363,0.0423204681214897,0.262555555555556
1,119,-82,0.000592458423480355,2.433,0.0438797953098738,0.270333333333333
1,120,-81,0.000732765439123753,2.477,0.0454041025958286,0.275222222222222
1,121,-80,0.000813014667952788,2.459,0.0449481850505594,0.273222222222222
1,122,-79,0.000645510949878752,2.484,0.0419702931310412,0.276
1,123,-78,0.000712552714399558,2.482,0.043972828082915,0.275777777777778
1,124,-77,0.000641572442298292,2.474,0.0460156651743886,0.274888888888889
1,125,-76,0.000560212705159887,2.499,0.0445419238805755,0.277666666666667
1,126,-75,0.000553628153527618,2.424,0.0434293692115151,0.269333333333333
1,127,-74,0.000525956984423489,2.508,0.04512174610952,0.278666666666667
1,128,-73,0.000412160257200819,2.376,0.0440972625972245,0.264
1,129,-72,0.000267798300772099,2.457,0.0449908343462888,0.273
1,130,-71,-8.71915196191206e-05,2.481,0.0441768105524901,0.275666666666667
1,131,-70,2.52386141377983e-05,2.504,0.0468634204916819,0.278222222222222
1,132,-69,-7.80619151193715e-05,2.449,0.0437414255861912,0.272111111111111
1,133,-68,-1.39142624421743e-05,2.47,0.045532111450856,0.274444444444444
1,134,-67,-0.000183336857582004,2.505,0.0445416542009716,0.278333333333333
1,135,-66,-9.25459877514298e-05,2.438,0.0445212099806161,0.270888888888889
1,136,-65,-0.000115167519904554,2.508,0.0463042123362453,0.278666666666667
1,137,-64,-0.000183143058171347,2.491,0.0455191277485738,0.276777777777778
1,138,-63,-0.000265622105596394,2.432,0.0443998575149441,0.270222222222222
1,139,-62,-0.000452440061433927,2.46,0.0443211503050674,0.273333333333333
1,140,-61,-0.000503546346006314,2.479,0.0449397216121615,0.275444444444444
1,141,-60,-0.000314386611283834,2.408,0.045734315646215,0.267555555555556
1,142,-59,-0.000575307750871791,2.484,0.0437682494470554,0.276
1,143,-58,-0.000702613181800647,2.539,0.0443220424105594,0.282111111111111
1,144,-57,-0.000564449207615386,2.437,0.0434962403308943,0.270777777777778
1,145,-56,-0.000675403863720138,2.5,0.0437711767709747,0.277777777777778
1,146,-55,-0.000809697949159927,2.508,0.0447877432110835,0.278666666666667
1,147,-54,-0.000936599977856113,2.508,0.0447877432110835,0.278666666666667
1,148,-53,-0.00116924618502672,2.517,0.0445611568150635,0.279666666666667
1,149,-52,-0.00123175479595049,2.508,0.044180175281317,0.278666666666667
1,150,-51,-0.00115332185683421,2.372,0.0436293424144751,0.263555555555556
1,151,-50,-0.0012796687121494,2.454,0.0448764737685338,0.272666666666667
1,152,-49,-0.00116759588567706,2.469,0.0430219698513432,0.274333333333333
1,153,-48,-0.00140558371131858,2.489,0.0447423834957513,0.276555555555555
1,154,-47,-0.00132686441461755,2.474,0.0448032513477686,0.274888888888889
1,155,-46,-0.0013580852144795,2.538,0.0447051960576682,0.282
1,156,-45,-0.00144776377515591,2.538,0.0441871984686572,0.282
1,157,-44,-0.00119987959069234,2.464,0.0456375589485984,0.273777777777778
1,158,-43,-0.00117280147258284,2.525,0.0444449136611868,0.280555555555556
1,159,-42,-0.0012299439643892,2.559,0.0445702311583136,0.284333333333333
1,160,-41,-0.0013581991619509,2.494,0.0449442319322958,0.277111111111111
1,161,-40,-0.0013065207014967,2.469,0.0449562015750891,0.274333333333333
1,162,-39,-0.00161928649708218,2.488,0.0443827199011712,0.276444444444444
1,163,-38,-0.00153711888829759,2.46,0.0452376662356322,0.273333333333333
1,164,-37,-0.00121752119923717,2.426,0.044457850830877,0.269555555555555
1,165,-36,-0.00142794184294652,2.506,0.04492195434286,0.278444444444444
1,166,-35,-0.0016186265865516,2.507,0.0460442295089305,0.278555555555556
1,167,-34,-0.00143919469087652,2.501,0.043495872113235,0.277888888888889
1,168,-33,-0.00157656059071668,2.421,0.0458023673717512,0.269
1,169,-32,-0.00170575017235684,2.539,0.045172109974181,0.282111111111111
1,170,-31,-0.0021880739162966,2.465,0.0435507941566128,0.273888888888889
1,171,-30,-0.00211582900611568,2.49,0.0443832160829953,0.276666666666667
1,172,-29,-0.00193149546771973,2.427,0.0451298981575153,0.269666666666667
1,173,-28,-0.00200397094235732,2.436,0.0452543031318786,0.270666666666667
1,174,-27,-0.00203394732507014,2.498,0.0427998578014908,0.277555555555556
1,175,-26,-0.00188991672583805,2.508,0.0447653877447739,0.278666666666667
1,176,-25,-0.0020868231643454,2.485,0.042609747600644,0.276111111111111
1,177,-24,-0.00234465688933334,2.455,0.0465418214205369,0.272777777777778
1,178,-23,-0.00248709773138451,2.473,0.045467992459953,0.274777777777778
1,179,-22,-0.00253557293605914,2.556,0.0463358501703704,0.284
1,180,-21,-0.00244337619292781,2.474,0.0443089978140703,0.274888888888889
1,181,-20,-0.00233828734924696,2.484,0.0437453729856961,0.276
1,182,-19,-0.00214683807181742,2.552,0.0455562440437243,0.283555555555556
1,183,-18,-0.00228390967661581,2.569,0.0465769085321087,0.285444444444444
1,184,-17,-0.00234129070704637,2.468,0.0427411137290876,0.274222222222222
1,185,-16,-0.00241717301402085,2.457,0.0445660985182365,0.273
1,186,-15,-0.00243205809453384,2.562,0.0458503899466323,0.284666666666667
1,187,-14,-0.00260884722165269,2.628,0.0458226550487389,0.292
1,188,-13,-0.00246975510552133,2.538,0.0437775338783773,0.282
1,189,-12,-0.0025056266809896,2.526,0.0448032513477686,0.280666666666667
1,190,-11,-0.00234188061014707,2.468,0.0442372346890368,0.274222222222222
1,191,-10,-0.00257615621908271,2.434,0.0437899710157654,0.270444444444444
1,192,-9,-0.00245854841138395,2.459,0.0453031055378256,0.273222222222222
1,193,-8,-0.00230845162686082,2.506,0.0443388083954671,0.278444444444444
1,194,-7,-0.00241715812694896,2.514,0.0450092193870307,0.279333333333333
1,195,-6,-0.00227627741429495,2.474,0.0436489315932158,0.274888888888889
1,196,-5,-0.00227914281316648,2.485,0.0435163034812088,0.276111111111111
1,197,-4,-0.00236825923869974,2.547,0.0452530533648155,0.283
1,198,-3,-0.00217889169486585,2.481,0.0430522065926067,0.275666666666667
1,199,-2,-0.00226677543900346,2.496,0.0442486377410871,0.277333333333333
1,200,-1,-0.00173253056435213,2.492,0.0453209663399845,0.276888888888889
1,201,0,0.998375284902459,4.122,0.049391857178644,0.458
1,202,1,0.994446885307537,4.357,0.0479984880475922,0.484111111111111
1,203,2,0.990498600408861,4.295,0.0493397345899773,0.477222222222222
1,204,3,0.986299034580419,4.284,0.0482874277185656,0.476
1,205,4,0.982108602341323,4.23,0.0490051170950699,0.47
1,206,5,0.978075690972022,4.399,0.048209160157828,0.488777777777778
1,207,6,0.974156273498666,4.227,0.0507153136936275,0.469666666666667
1,208,7,0.970330021292471,4.318,0.0494704287764248,0.479777777777778
1,209,8,0.96637455769421,4.234,0.0459930359876292,0.470444444444444
1,210,9,0.962337493248672,4.345,0.0480237574673335,0.482777777777778
1,211,10,0.95868513165329,4.275,0.0504174267185159,0.475
1,212,11,0.954883679992471,4.246,0.047473547768602,0.471777777777778
1,213,12,0.950994280303341,4.212,0.0502551647254447,0.468
1,214,13,0.947137938178376,4.07,0.0498355654486189,0.452222222222222
1,215,14,0.943411056539411,4.219,0.0487587573305189,0.468777777777778
1,216,15,0.93965107919098,4.15,0.0483097695485482,0.461111111111111
1,217,16,0.935884893980697,4.163,0.0486497461226451,0.462555555555556
1,218,17,0.932084179468457,4.214,0.0466087585800822,0.468222222222222
1,219,18,0.928384186047911,4.232,0.0486676950814865,0.470222222222222
1,220,19,0.924900223678245,4.17,0.0479102848603032,0.463333333333333
1,221,20,0.920911977397315,4.154,0.0475662332600189,0.461555555555556
1,222,21,0.917342713935303,4.19,0.0472030521060675,0.465555555555556
1,223,22,0.91362755502573,4.259,0.04823116466814,0.473222222222222
1,224,23,0.910239929091404,4.245,0.0487786259990414,0.471666666666667
1,225,24,0.906504040572432,4.244,0.0493852498515793,0.471555555555556
1,226,25,0.902646916121732,4.122,0.0472159437620954,0.458
1,227,26,0.89929392008587,4.12,0.0504791852960024,0.457777777777778
1,228,27,0.895867912638259,4.136,0.0483512341294599,0.459555555555556
1,229,28,0.892445172945238,4.083,0.0491581888145558,0.453666666666667
1,230,29,0.888590531753176,4.087,0.0480597621794025,0.454111111111111
1,231,30,0.885100192103942,4.088,0.0483176012503787,0.454222222222222
1,232,31,0.881494154678328,4.152,0.0476147368276164,0.461333333333333
1,233,32,0.87767542393208,4.071,0.048086081887291,0.452333333333333
1,234,33,0.874163393630571,4.092,0.0479983316360042,0.454666666666667
1,235,34,0.87077678396265,3.958,0.0502071385039693,0.439777777777778
1,236,35,0.866990458468749,4.03,0.0480146374078302,0.447777777777778
1,237,36,0.86362678869264,4.109,0.0484506601241559,0.456555555555556
1,238,37,0.860344776101663,4.192,0.0482437919681222,0.465777777777778
1,239,38,0.856782965208518,4.054,0.0476377303547656,0.450444444444444
1,240,39,0.853251589959989,4.034,0.0480952924635787,0.448222222222222
1,241,40,0.849602453824054,4.046,0.0486029448310103,0.449555555555556
1,242,41,0.846460213327236,4.081,0.0488551514768487,0.453444444444444
1,243,42,0.843083040278147,3.992,0.0480233510101308,0.443555555555556
1,244,43,0.839617601692206,4.086,0.0490408911930543,0.454
1,245,44,0.836325972160662,3.99,0.0491764000138107,0.443333333333333
1,246,45,0.832966002612059,4.044,0.0481079866381702,0.449333333333333
1,247,46,0.829727699730105,4.025,0.0489568358022837,0.447222222222222
1,248,47,0.826384707652718,4.048,0.049519169501802,0.449777777777778
1,249,48,0.823271545885996,3.95,0.0476210853274867,0.438888888888889
1,250,49,0.820158517871314,4.006,0.0469698857798288,0.445111111111111
1,251,50,0.816931425603766,4.054,0.0482017365600806,0.450444444444444
1,252,51,0.81358443418955,3.994,0.0487682513767137,0.443777777777778
1,253,52,0.810096996162733,3.941,0.0495173804938324,0.437888888888889
1,254,53,0.806969527939397,3.927,0.0497005144957387,0.436333333333333
1,255,54,0.804025345778357,3.904,0.047927873738369,0.433777777777778
1,256,55,0.800467987268252,3.94,0.0482983719470203,0.437777777777778
1,257,56,0.797344534786598,3.843,0.0492216799162094,0.427
1,258,57,0.793764463814152,3.908,0.0487843818851476,0.434222222222222
1,259,58,0.790544732907067,3.937,0.0482634474562309,0.437444444444444
1,260,59,0.787153865118855,3.906,0.0506530327791904,0.434
1,261,60,0.783901062720624,3.945,0.0470126066623113,0.438333333333333
1,262,61,0.780591058104087,3.943,0.0493171692535488,0.438111111111111
1,263,62,0.777439096147352,3.965,0.0468825444379139,0.440555555555556
1,264,63,0.774658228099946,3.886,0.0481801341356095,0.431777777777778
1,265,64,0.771599405737448,3.882,0.0487694008006502,0.431333333333333
1,266,65,0.768659545691244,3.841,0.048827278268434,0.426777777777778
1,267,66,0.765493641729759,3.949,0.047986474153679,0.438777777777778
1,268,67,0.7622130447294,3.907,0.0491402662362118,0.434111111111111
1,269,68,0.759070784975662,3.911,0.047405973529992,0.434555555555556
1,270,69,0.75605372655158,3.868,0.0492442991726046,0.429777777777778
1,271,70,0.752818835058027,3.856,0.0488226141009227,0.428444444444444
1,272,71,0.750020022446084,3.855,0.0489322937268362,0.428333333333333
1,273,72,0.746954283370295,3.879,0.049667150369493,0.431
1,274,73,0.743799578223542,3.84,0.0485051827411541,0.426666666666667
1,275,74,0.740619055101504,3.829,0.0473497729772911,0.425444444444444
1,276,75,0.737484350313498,3.794,0.0469016392438874,0.421555555555556
1,277,76,0.734481844295587,3.835,0.0515794090256511,0.426111111111111
1,278,77,0.731723875010709,3.716,0.0488234342066158,0.412888888888889
1,279,78,0.72874076649333,3.801,0.0497581639017646,0.422333333333333
1,280,79,0.726073724777447,3.766,0.0490065877780288,0.418444444444444
1,281,80,0.722933502536589,3.762,0.049898355141686,0.418
1,282,81,0.719735391892852,3.794,0.0502801361582493,0.421555555555556
1,283,82,0.716698062466311,3.839,0.0484709029050257,0.426555555555556
1,284,83,0.713895655188073,3.8,0.0487070053726605,0.422222222222222
1,285,84,0.711345136299159,3.728,0.0478989593865077,0.414222222222222
1,286,85,0.708563105326585,3.805,0.0502941796285068,0.422777777777778
1,287,86,0.705730393746455,3.706,0.0500206563937946,0.411777777777778
1,288,87,0.703024308214584,3.727,0.0483198282882484,0.414111111111111
1,289,88,0.700049360387142,3.728,0.0502647246341064,0.414222222222222
1,290,89,0.697380258189641,3.685,0.0492158226305037,0.409444444444444
1,291,90,0.694535910075592,3.712,0.0478889272102576,0.412444444444444
1,292,91,0.692018237305255,3.722,0.0493066643279298,0.413555555555556
1,293,92,0.689519746477637,3.634,0.0474372669353357,0.403777777777778
1,294,93,0.686956418001041,3.774,0.0486959474216827,0.419333333333333
1,295,94,0.684015167988172,3.76,0.0469318932347995,0.417777777777778
1,296,95,0.681151654401313,3.71,0.0475621925710134,0.412222222222222
1,297,96,0.67847173102256,3.73,0.0483884432632571,0.414444444444444
1,298,97,0.675808412605221,3.726,0.0507493793016183,0.414
1,299,98,0.67331146390196,3.648,0.0478579814282466,0.405333333333333
1,300,99,0.670555469625264,3.613,0.0471535200643014,0.401444444444444
1,301,100,0.667697504133397,3.66,0.0482569034307914,0.406666666666667
1,302,101,0.664760870304391,3.634,0.0480036284914834,0.403777777777778
1,303,102,0.662059832733568,3.671,0.0489403121583235,0.407888888888889
1,304,103,0.659454236655419,3.645,0.0469380248644761,0.405
1,305,104,0.656937941184096,3.67,0.0479102848603033,0.407777777777778
1,306,105,0.654409607535265,3.686,0.0477040845177817,0.409555555555556
1,307,106,0.651708656972419,3.695,0.048002909071006,0.410555555555556
1,308,107,0.649023852602859,3.637,0.0475551521130203,0.404111111111111
1,309,108,0.646214941566733,3.66,0.0483812023490605,0.406666666666667
1,310,109,0.643393216096424,3.604,0.0484099940872495,0.400444444444444
1,311,110,0.640564285858715,3.658,0.0480972904574608,0.406444444444444
1,312,111,0.638235670399197,3.645,0.0481798328794974,0.405
1,313,112,0.635638048291579,3.64,0.0508624319806572,0.404444444444444
1,314,113,0.632988440080598,3.59,0.047499012159793,0.398888888888889
1,315,114,0.630844822667092,3.573,0.0482804515513474,0.397
1,316,115,0.628454826041439,3.607,0.0484861000896329,0.400777777777778
1,317,116,0.626035823367145,3.559,0.0492437198426758,0.395444444444444
1,318,117,0.623759343485727,3.604,0.0484099940872495,0.400444444444444
1,319,118,0.621624125470781,3.608,0.0472500642176132,0.400888888888889
1,320,119,0.619450552495464,3.544,0.04769002346758,0.393777777777778
1,321,120,0.617050287720566,3.637,0.0480993195850477,0.404111111111111
1,322,121,0.614543253046163,3.656,0.0465599810119359,0.406222222222222
1,323,122,0.612102475308282,3.551,0.0478716063099066,0.394555555555556
1,324,123,0.609943383427662,3.524,0.04853637584101,0.391555555555556
1,325,124,0.607258940929012,3.631,0.0489002068526323,0.403444444444444
1,326,125,0.60494848722338,3.575,0.0475040170052137,0.397222222222222
1,327,126,0.602254483568527,3.477,0.047997653846566,0.386333333333333
1,328,127,0.599784461715159,3.599,0.0478590585938492,0.399888888888889
1,329,128,0.597626704091603,3.538,0.0490404013132127,0.393111111111111
1,330,129,0.595313913401376,3.549,0.0482278438759699,0.394333333333333
1,331,130,0.59293522723324,3.479,0.0486201904862879,0.386555555555556
1,332,131,0.59072519025111,3.598,0.0490999674827469,0.399777777777778
1,333,132,0.588535214436767,3.535,0.0495906668057027,0.392777777777778
1,334,133,0.586154935372066,3.501,0.0478360458993769,0.389
1,335,134,0.583567973976046,3.463,0.0472531889279853,0.384777777777778
1,336,135,0.581315420480265,3.538,0.0487127183487939,0.393111111111111
1,337,136,0.579074099580113,3.486,0.0495606725162227,0.387333333333333
1,338,137,0.576601618237575,3.445,0.0461205171491181,0.382777777777778
1,339,138,0.574441376732827,3.444,0.0460106616012091,0.382666666666667
1,340,139,0.571732169604569,3.473,0.0483695215048754,0.385888888888889
1,341,140,0.569355615863386,3.403,0.0500709306693824,0.378111111111111
1,342,141,0.566923633737086,3.504,0.0471190429041615,0.389333333333333
1,343,142,0.564915116832572,3.554,0.0459259533727194,0.394888888888889
1,344,143,0.562849796222937,3.519,0.0472002846057825,0.391
1,345,144,0.560603466667214,3.4,0.048727552517794,0.377777777777778
1,346,145,0.558259194241652,3.449,0.0475779640449511,0.383222222222222
1,347,146,0.556163224586551,3.42,0.0487028949034035,0.38
1,348,147,0.554105424057055,3.494,0.049562288288783,0.388222222222222
1,349,148,0.551833504022806,3.434,0.0482698039562415,0.381555555555556
1,350,149,0.549652262802468,3.468,0.0484285176453019,0.385333333333333
1,351,150,0.547627313420877,3.441,0.0486917846242042,0.382333333333333
1,352,151,0.545325788009597,3.511,0.0488494141752516,0.390111111111111
1,353,152,0.543244610362989,3.502,0.0467780309994359,0.389111111111111
1,354,153,0.54095213102941,3.473,0.0484522302749689,0.385888888888889
1,355,154,0.538576979274822,3.394,0.0476133492944054,0.377111111111111
1,356,155,0.536326569692251,3.427,0.0486933469997909,0.380777777777778
1,357,156,0.534064917942266,3.431,0.0506932816930293,0.381222222222222
1,358,157,0.531836050013345,3.551,0.0483501472255952,0.394555555555556
1,359,158,0.529268549033644,3.438,0.0477329491487213,0.382
1,360,159,0.527107152517014,3.341,0.0482602118524988,0.371222222222222
1,361,160,0.52507825895238,3.453,0.0482505867230556,0.383666666666667
1,362,161,0.522630481140906,3.385,0.0482815296578937,0.376111111111111
1,363,162,0.520333496231708,3.332,0.0487868440889156,0.370222222222222
1,364,163,0.518209634969827,3.423,0.0480455968781674,0.380333333333333
1,365,164,0.515938139579705,3.422,0.0480648127659541,0.380222222222222
1,366,165,0.514099492592941,3.25,0.0476000605647279,0.361111111111111
1,367,166,0.511868123355262,3.329,0.046399481806502,0.369888888888889
1,368,167,0.509680273211383,3.351,0.0498626642417482,0.372333333333333
1,369,168,0.507589116314955,3.414,0.0480094668675763,0.379333333333333
1,370,169,0.505884970735825,3.383,0.0465239236895974,0.375888888888889
1,371,170,0.5043275064479,3.352,0.0459805416476385,0.372444444444444
1,372,171,0.50221615768054,3.406,0.047931841832559,0.378444444444444
1,373,172,0.500057387335374,3.425,0.0486080007584939,0.380555555555556
1,374,173,0.498061437725993,3.396,0.046769342216578,0.377333333333333
1,375,174,0.496346099448709,3.321,0.0486037171553917,0.369
1,376,175,0.4944249535046,3.309,0.0482685078373968,0.367666666666667
1,377,176,0.492254807069332,3.373,0.0466695730540686,0.374777777777778
1,378,177,0.490147590233368,3.355,0.0480341782721667,0.372777777777778
1,379,178,0.488545487881047,3.368,0.0486718085234661,0.374222222222222
1,380,179,0.486933623598004,3.292,0.0502320541015321,0.365777777777778
1,381,180,0.484808107875477,3.313,0.048655918431352,0.368111111111111
1,382,181,0.482602567500805,3.335,0.0470636801577394,0.370555555555556
1,383,182,0.480649897836933,3.325,0.047430207933601,0.369444444444444
1,384,183,0.478538267335612,3.322,0.0475244629067446,0.369111111111111
1,385,184,0.476682062808013,3.304,0.0475588671631887,0.367111111111111
1,386,185,0.474670983487708,3.24,0.0475674538173182,0.36
1,387,186,0.472874358993554,3.353,0.0491813969892053,0.372555555555556
1,388,187,0.470828373005077,3.248,0.0477365140618246,0.360888888888889
1,389,188,0.469253808273559,3.312,0.0491026177211263,0.368
1,390,189,0.46754270563739,3.337,0.0478301026417332,0.370777777777778
1,391,190,0.465789688246898,3.322,0.0466528937204593,0.369111111111111
1,392,191,0.463718252326292,3.251,0.0485423048006103,0.361222222222222
1,393,192,0.461906378195035,3.297,0.0463350616481508,0.366333333333333
1,394,193,0.459901549860236,3.35,0.0483718910095505,0.372222222222222
1,395,194,0.457886322132786,3.331,0.0481638740007359,0.370111111111111
1,396,195,0.45619647683584,3.242,0.04653602477223,0.360222222222222
1,397,196,0.45407550705687,3.262,0.0480589811134782,0.362444444444444
1,398,197,0.452378647547703,3.259,0.0473514641923685,0.362111111111111
1,399,198,0.450446471779582,3.238,0.0470698584188602,0.359777777777778
1,400,199,0.448479686265782,3.288,0.0478889272102577,0.365333333333333
1,401,200,0.446777504590699,3.328,0.0473989732237171,0.369777777777778
1,402,201,0.444847856913013,3.247,0.0458267508240667,0.360777777777778
1,403,202,0.442959174012677,3.286,0.0477124771991612,0.365111111111111
1,404,203,0.441336004895074,3.219,0.0484084949402726,0.357666666666667
1,405,204,0.43942309632577,3.21,0.0461739323864887,0.356666666666667
1,406,205,0.437660509738373,3.246,0.0472198444905711,0.360666666666667
1,407,206,0.436049697082187,3.298,0.0495545321000172,0.366444444444444
1,408,207,0.434421091748288,3.31,0.0474357475976733,0.367777777777778
1,409,208,0.432630775699866,3.221,0.0489546275193219,0.357888888888889
1,410,209,0.43082475286608,3.241,0.0459677281582637,0.360111111111111
1,411,210,0.429188301142293,3.185,0.047487156474462,0.353888888888889
1,412,211,0.427337520417154,3.295,0.0477310512481471,0.366111111111111
1,413,212,0.425661299747365,3.322,0.0494849953497497,0.369111111111111
1,414,213,0.423834933404264,3.297,0.048240212666593,0.366333333333333
1,415,214,0.422065186734551,3.183,0.0482684248846055,0.353666666666667
1,416,215,0.420425688723073,3.165,0.0472653044950416,0.351666666666667
1,417,216,0.418723043688267,3.188,0.048466534897855,0.354222222222222
1,418,217,0.416952745739217,3.254,0.0475156999500349,0.361555555555556
1,419,218,0.415309155621214,3.251,0.0476263295590502,0.361222222222222
1,420,219,0.41350361258786,3.252,0.0486709858628821,0.361333333333333
1,421,220,0.411682711635464,3.179,0.0475943717704545,0.353222222222222
1,422,221,0.410137838436103,3.152,0.0483035115620928,0.350222222222222
1,423,222,0.408301341344198,3.246,0.0488453669232802,0.360666666666667
1,424,223,0.406549023668377,3.239,0.0468195586381489,0.359888888888889
1,425,224,0.404827910529589,3.18,0.0484556286508384,0.353333333333333
1,426,225,0.403407794094763,3.152,0.0477197356779475,0.350222222222222
1,427,226,0.401862166122743,3.098,0.0474831617592031,0.344222222222222
1,428,227,0.4002235848393,3.131,0.0469259101248026,0.347888888888889
1,429,228,0.398723819534292,3.141,0.0459263348007246,0.349
1,430,229,0.396808985712734,3.127,0.0463575238771445,0.347444444444444
1,431,230,0.395068015473675,3.149,0.0454627965029194,0.349888888888889
1,432,231,0.393393864549181,3.228,0.0484185951919338,0.358666666666667
1,433,232,0.391878434294754,3.212,0.0480141787533782,0.356888888888889
1,434,233,0.390777474489359,3.204,0.0477772609791172,0.356
1,435,234,0.389246982451433,3.18,0.0466022721739163,0.353333333333333
1,436,235,0.38756495930955,3.23,0.0480771402166499,0.358888888888889
1,437,236,0.385894319434497,3.208,0.0459439533219209,0.356444444444444
1,438,237,0.384130212789948,3.219,0.0485117758115739,0.357666666666667
1,439,238,0.382741307647117,3.12,0.0456693079177439,0.346666666666667
1,440,239,0.381198355092048,3.162,0.0482709652491649,0.351333333333333
1,441,240,0.379555971634075,3.206,0.0477477103518466,0.356222222222222
1,442,241,0.378166563455386,3.146,0.047274929073653,0.349555555555556
1,443,242,0.3768597139282,3.168,0.0480008341602525,0.352
1,444,243,0.375323232203702,3.204,0.046931722604083,0.356
1,445,244,0.373687342056109,3.131,0.0479806329797883,0.347888888888889
1,446,245,0.372165934272096,3.08,0.0474747707088075,0.342222222222222
1,447,246,0.370671640949523,3.089,0.0477845410395699,0.343222222222222
1,448,247,0.369221645841989,3.159,0.0481459971029474,0.351
1,449,248,0.367584924218302,3.121,0.046910122143942,0.346777777777778
1,450,249,0.365939832338663,3.068,0.0474091090785686,0.340888888888889
1,451,250,0.364425109694376,3.145,0.048086248421844,0.349444444444444
1,452,251,0.363039443333723,3.084,0.0457278365444401,0.342666666666667
1,453,252,0.361485937560538,3.018,0.0470945208479065,0.335333333333333
1,454,253,0.359991537648532,3.116,0.0478208200560262,0.346222222222222
1,455,254,0.358492629881088,3.075,0.0490691632574143,0.341666666666667
1,456,255,0.357168745674893,3.105,0.0473520561033755,0.345
1,457,256,0.355800339939539,2.981,0.0486518859450073,0.331222222222222
1,458,257,0.354374415014045,3.073,0.047790741309954,0.341444444444444
1,459,258,0.352733816189126,2.986,0.046302785531196,0.331777777777778
1,460,259,0.351450061695514,3.076,0.0466089733463031,0.341777777777778
1,461,260,0.35022013919191,3.079,0.0460312706524367,0.342111111111111
1,462,261,0.349084772729271,3.039,0.0477048713943843,0.337666666666667
1,463,262,0.347615843506746,3.091,0.0465067939325199,0.343444444444444
1,464,263,0.346060941170414,3.05,0.0479562279563333,0.338888888888889
1,465,264,0.344642243802672,3.167,0.0492294072129101,0.351888888888889
1,466,265,0.343361109015915,3.025,0.0450377997176083,0.336111111111111
1,467,266,0.34161625932755,3.078,0.0470970713965757,0.342
1,468,267,0.340662326295523,3.024,0.0464066544536184,0.336
1,469,268,0.339169365048839,3.056,0.048178679778354,0.339555555555556
1,470,269,0.337532994331069,3.124,0.0484248796484717,0.347111111111111
1,471,270,0.336323623212047,3.108,0.0469951544794201,0.345333333333333
1,472,271,0.335043631272989,2.957,0.0474700369117658,0.328555555555556
1,473,272,0.333573499795473,3.027,0.0468451221096227,0.336333333333333
1,474,273,0.3320788255503,3.044,0.0483570305374761,0.338222222222222
1,475,274,0.330740150124606,3.053,0.0476073256700844,0.339222222222222
1,476,275,0.329501161699311,3.088,0.0485449545536157,0.343111111111111
1,477,276,0.328487965840119,2.965,0.0476449897160766,0.329444444444444
1,478,277,0.327055006069324,3.04,0.0457437699855672,0.337777777777778
1,479,278,0.325519999570725,3.045,0.0464233791330417,0.338333333333333
1,480,279,0.324017594381775,2.965,0.0479382214216701,0.329444444444444
1,481,280,0.322723323022996,3.013,0.0469364893663132,0.334777777777778
1,482,281,0.321526300292549,3.023,0.0466116256275582,0.335888888888889
1,483,282,0.320245667071519,3.049,0.0484865955698062,0.338777777777778
1,484,283,0.31914111547762,3.082,0.0467917243266958,0.342444444444444
1,485,284,0.317622821725572,3.022,0.0482892104703302,0.335777777777778
1,486,285,0.316152152551992,3.077,0.0457073315799569,0.341888888888889
1,487,286,0.314848999581797,3.051,0.0458312066118655,0.339
1,488,287,0.313458601049971,3.01,0.046497979118044,0.334444444444444
1,489,288,0.312027635010089,3.005,0.0453986347375784,0.333888888888889
1,490,289,0.310632398430308,3.003,0.0477626660925903,0.333666666666667
1,491,290,0.308968748969668,3.01,0.0468838788721463,0.334444444444444
1,492,291,0.307574860851793,2.964,0.0464204573314271,0.329333333333333
1,493,292,0.306502425261736,3.011,0.0465085158013245,0.334555555555555
1,494,293,0.304952340929859,2.96,0.046201023089695,0.328888888888889
1,495,294,0.303789367508136,3,0.0456517697804158,0.333333333333333
1,496,295,0.302584987284561,3.033,0.0462390424754779,0.337
1,497,296,0.301490864841227,3.031,0.0472045259193149,0.336777777777778
1,498,297,0.300265844232201,3.027,0.0466524109499974,0.336333333333333
1,499,298,0.299111717498792,3.01,0.0452984762652337,0.334444444444444
1,500,299,0.29749429649114,3.001,0.0475316553284047,0.333444444444444
1,501,300,0.296191924422424,3.004,0.04478827960516,0.333777777777778
1,502,301,0.294735049809566,3.039,0.0502195280842127,0.337666666666667
1,503,302,0.293458570980637,3.016,0.046988849229918,0.335111111111111
1,504,303,0.292383318688304,2.96,0.0469745314676645,0.328888888888889
1,505,304,0.291044014640077,2.943,0.047243867146784,0.327
1,506,305,0.289922870367215,2.938,0.0457629790360098,0.326444444444444
1,507,306,0.288950923116647,2.963,0.0474540080802758,0.329222222222222
1,508,307,0.287677516926914,2.94,0.0486699986518261,0.326666666666667
1,509,308,0.286282013229261,2.99,0.046905224656749,0.332222222222222
1,510,309,0.284855607243267,2.981,0.0471684625980524,0.331222222222222
1,511,310,0.283663759022491,2.956,0.0480038370171423,0.328444444444444
1,512,311,0.282708574251825,3.067,0.0469117438570736,0.340777777777778
1,513,312,0.281328370488222,3.038,0.0484448439248482,0.337555555555556
1,514,313,0.280148734950756,2.954,0.0468196120880563,0.328222222222222
1,515,314,0.279185032861598,2.931,0.0476498636882573,0.325666666666667
1,516,315,0.27800555004476,3.016,0.0486220948552005,0.335111111111111
1,517,316,0.276995271589001,2.947,0.0455221183960423,0.327444444444444
1,518,317,0.276249000045329,2.985,0.0492463216920837,0.331666666666667
1,519,318,0.275105381635174,2.989,0.0452650850869402,0.332111111111111
1,520,319,0.273998961278971,3.092,0.0477474168496666,0.343555555555556
1,521,320,0.272687894232937,3.082,0.0456657569888138,0.342444444444444
1,522,321,0.271224066205402,3.057,0.0460855169752372,0.339666666666667
1,523,322,0.270228738376829,2.95,0.0474737164518827,0.327777777777778
1,524,323,0.269140985167373,2.924,0.0461991164240005,0.324888888888889
1,525,324,0.268521136423158,2.927,0.0472642032081881,0.325222222222222
1,526,325,0.267540387812206,3.035,0.0473922042220134,0.337222222222222
1,527,326,0.266719835050904,2.962,0.0474637631125978,0.329111111111111
1,528,327,0.265597075713469,2.918,0.0472388347390951,0.324222222222222
1,529,328,0.264272648269012,2.955,0.0471508027312176,0.328333333333333
1,530,329,0.263355230714852,2.899,0.0468507630033282,0.322111111111111
1,531,330,0.262248156375506,2.889,0.0467639376642498,0.321
1,532,331,0.261196428328978,2.917,0.0469288111218824,0.324111111111111
1,533,332,0.259946231211309,2.954,0.0482930245088896,0.328222222222222
1,534,333,0.258949049438095,2.849,0.0442058045187863,0.316555555555556
1,535,334,0.258065630695322,2.88,0.0449401782330649,0.32
1,536,335,0.257360489893878,2.863,0.0456981325583367,0.318111111111111
1,537,336,0.2563546145289,2.91,0.0455848437309813,0.323333333333333
1,538,337,0.255406869223384,2.948,0.0482869301946978,0.327555555555556
1,539,338,0.254252937884992,2.965,0.0480633445058195,0.329444444444444
1,540,339,0.253138008672034,3.027,0.0477970245470944,0.336333333333333
1,541,340,0.251856809883486,2.962,0.0479881116408935,0.329111111111111
1,542,341,0.250706134643414,2.83,0.046316792259884,0.314444444444444
1,543,342,0.249575729476388,2.886,0.0453989544490297,0.320666666666667
1,544,343,0.248302026343936,2.876,0.0459862885949578,0.319555555555556
1,545,344,0.247193024042252,2.908,0.0455588807106981,0.323111111111111
1,546,345,0.246459216441131,2.914,0.0462681828554432,0.323777777777778
1,547,346,0.245508726649438,2.871,0.0452150793807043,0.319
1,548,347,0.244631806756559,2.916,0.0473622971063184,0.324
1,549,348,0.243781368776097,2.905,0.0473097581183121,0.322777777777778
1,550,349,0.24281309011163,2.887,0.0469087564472928,0.320777777777778
1,551,350,0.241518712730144,2.873,0.0457707981792536,0.319222222222222
1,552,351,0.240685897715994,2.839,0.0453777273355348,0.315444444444444
1,553,352,0.239917649433559,3.003,0.0464451089798285,0.333666666666667
1,554,353,0.238951312969571,2.898,0.0447615862051336,0.322
1,555,354,0.237819999588038,2.95,0.0459522753692526,0.327777777777778
1,556,355,0.23696537609169,2.802,0.0458573756215825,0.311333333333333
1,557,356,0.236031160843034,2.903,0.0458223819840337,0.322555555555556
1,558,357,0.23494763137543,2.917,0.0460242243740101,0.324111111111111
1,559,358,0.234016481215998,2.868,0.0456361551695435,0.318666666666667
1,560,359,0.233070753552606,2.936,0.0452985204610034,0.326222222222222
1,561,360,0.232206215352466,2.913,0.0486188728252186,0.323666666666667
1,562,361,0.231285282566795,2.857,0.0482792075523398,0.317444444444444
1,563,362,0.230383507729944,2.851,0.0468934750045035,0.316777777777778
1,564,363,0.229458915734799,2.931,0.0475447105312411,0.325666666666667
1,565,364,0.228207441750845,2.838,0.0478125720082286,0.315333333333333
1,566,365,0.227247819617226,2.898,0.0456911773068247,0.322
1,567,366,0.226657539451809,2.929,0.0465416493597413,0.325444444444444
1,568,367,0.225798079049425,2.859,0.0463817881314453,0.317666666666667
1,569,368,0.224616000123441,2.832,0.0452750022178443,0.314666666666667
1,570,369,0.223623517392406,2.819,0.0451916063144616,0.313222222222222
1,571,370,0.222586083544302,2.834,0.0472723881211716,0.314888888888889
1,572,371,0.221686185808797,2.799,0.0464193252186388,0.311
1,573,372,0.220727673938229,2.82,0.0440856387448741,0.313333333333333
1,574,373,0.219842471612543,2.848,0.0464009595703479,0.316444444444444
1,575,374,0.219176527103481,2.932,0.0480383563799146,0.325777777777778
1,576,375,0.218338549089805,2.832,0.0463888772005522,0.314666666666667
1,577,376,0.217275051291331,2.82,0.0459097779095882,0.313333333333333
1,578,377,0.216477422027406,2.912,0.0474816860537883,0.323555555555556
1,579,378,0.215487643111686,2.889,0.0477593965619326,0.321
1,580,379,0.214767370847285,2.87,0.047532718829869,0.318888888888889
1,581,380,0.214242371694273,2.832,0.0467756770551101,0.314666666666667
1,582,381,0.213479486072938,2.803,0.0456976944634982,0.311444444444444
1,583,382,0.21272541586903,2.851,0.0468721238690546,0.316777777777778
1,584,383,0.211869778339897,2.773,0.0454701939575645,0.308111111111111
1,585,384,0.210829238858294,2.938,0.0469506161872278,0.326444444444444
1,586,385,0.209871641983216,2.873,0.0470008519080248,0.319222222222222
1,587,386,0.20882445703275,2.837,0.0452380092121381,0.315222222222222
1,588,387,0.208257250089084,2.765,0.0456054257172858,0.307222222222222
1,589,388,0.207415061645658,2.833,0.0462736669419254,0.314777777777778
1,590,389,0.20640477884553,2.822,0.0461133651173114,0.313555555555556
1,591,390,0.205494928202272,2.809,0.0448165987947271,0.312111111111111
1,592,391,0.204744978665737,2.851,0.0467652219708833,0.316777777777778
1,593,392,0.203796260537052,2.815,0.0463132801680029,0.312777777777778
1,594,393,0.202913449425994,2.863,0.0463937860427813,0.318111111111111
1,595,394,0.201923384733624,2.785,0.044257583912068,0.309444444444444
1,596,395,0.201305126860473,2.826,0.0461286445915317,0.314
1,597,396,0.200423262011066,2.873,0.0463791119149777,0.319222222222222
1,598,397,0.199841200601596,2.84,0.0458312175323819,0.315555555555556
1,599,398,0.19929340520222,2.859,0.0457078571824169,0.317666666666667
1,600,399,0.198813087468212,2.824,0.0457943350330707,0.313777777777778
1,601,400,0.198123614213346,2.8,0.0464559808653112,0.311111111111111
1,602,401,0.197147147242017,2.8,0.0451668024110635,0.311111111111111
1,603,402,0.196521161305784,2.801,0.0474093518901771,0.311222222222222
1,604,403,0.195695858043658,2.843,0.0463086978384785,0.315888888888889
1,605,404,0.195062429944288,2.8,0.0463049041046858,0.311111111111111
1,606,405,0.194031392344269,2.839,0.0473637236956969,0.315444444444444
1,607,406,0.193224060854077,2.832,0.0473076528060102,0.314666666666667
1,608,407,0.192425571592295,2.787,0.0463225299047535,0.309666666666667
1,609,408,0.19212666594518,2.671,0.0458351378296156,0.296777777777778
1,610,409,0.191052183065754,2.848,0.0462497030805068,0.316444444444444
1,611,410,0.19027779489594,2.886,0.046917003369836,0.320666666666667
1,612,411,0.189358666125718,2.828,0.0472297220682766,0.314222222222222
1,613,412,0.188535933723039,2.832,0.0458025531370671,0.314666666666667
1,614,413,0.187752536213476,2.916,0.0457059408942977,0.324
1,615,414,0.187008552214301,2.859,0.047511855114028,0.317666666666667
1,616,415,0.186303433031349,2.842,0.0443960246757183,0.315777777777778
1,617,416,0.18558003575605,2.765,0.0454074535383438,0.307222222222222
1,618,417,0.185157782693592,2.869,0.0467549465300201,0.318777777777778
1,619,418,0.184247370250357,2.806,0.0471443165883927,0.311777777777778
1,620,419,0.183490676855945,2.748,0.0453492287977707,0.305333333333333
1,621,420,0.182714066317577,2.819,0.045434604689634,0.313222222222222
1,622,421,0.181656614504673,2.755,0.0463370491304973,0.306111111111111
1,623,422,0.180875235531813,2.665,0.0448641035549335,0.296111111111111
1,624,423,0.180148563800256,2.844,0.0450298977535114,0.316
1,625,424,0.179259943566781,2.839,0.0458386319623544,0.315444444444444
1,626,425,0.178140745572942,2.801,0.045292940404112,0.311222222222222
1,627,426,0.177451529828396,2.8,0.0456517697804159,0.311111111111111
1,628,427,0.176666591974045,2.886,0.0440106912118061,0.320666666666667
1,629,428,0.17616237704647,2.734,0.045905896694775,0.303777777777778
1,630,429,0.175441133830159,2.729,0.0471357696530012,0.303222222222222
1,631,430,0.174617691824813,2.768,0.0477121834802439,0.307555555555556
1,632,431,0.17396542108448,2.778,0.0439846638119542,0.308666666666667
1,633,432,0.173302368825592,2.788,0.0465749420313673,0.309777777777778
1,634,433,0.172564427251732,2.758,0.0456017051821039,0.306444444444444
1,635,434,0.171633314633646,2.827,0.0451565068413195,0.314111111111111
1,636,435,0.170817262378423,2.743,0.0450886236647779,0.304777777777778
1,637,436,0.170414932436214,2.8,0.0441582376227806,0.311111111111111
1,638,437,0.169421782368461,2.768,0.0460901323528182,0.307555555555556
1,639,438,0.168782713434674,2.787,0.0456696476526448,0.309666666666667
1,640,439,0.168060217500037,2.775,0.04569970966498,0.308333333333333
1,641,440,0.167202466151275,2.807,0.0464532981488818,0.311888888888889
1,642,441,0.16636772948206,2.698,0.0463135071112192,0.299777777777778
1,643,442,0.165745319422101,2.713,0.0464412293957404,0.301444444444444
1,644,443,0.165158128893271,2.803,0.0462853468533325,0.311444444444444
1,645,444,0.164594454370681,2.818,0.0456613727450345,0.313111111111111
1,646,445,0.164046594488013,2.775,0.0453699617966936,0.308333333333333
1,647,446,0.163037401516758,2.772,0.0451669797092528,0.308
1,648,447,0.162425375317615,2.721,0.0462525491005449,0.302333333333333
1,649,448,0.162033763415042,2.773,0.0454922030741591,0.308111111111111
1,650,449,0.161618906525716,2.722,0.0450860150018689,0.302444444444444
1,651,450,0.160972427803876,2.728,0.0449448110023398,0.303111111111111
1,652,451,0.160478461392517,2.734,0.0464047130946567,0.303777777777778
1,653,452,0.159737687855849,2.795,0.0459901086114186,0.310555555555556
1,654,453,0.158834407874367,2.754,0.0455143445031955,0.306
1,655,454,0.158133726178,2.722,0.0462693943861042,0.302444444444444
1,656,455,0.157283105439913,2.733,0.0454948434526463,0.303666666666667
1,657,456,0.156696208816906,2.776,0.0474138384026444,0.308444444444444
1,658,457,0.15614700555481,2.771,0.0448393752138628,0.307888888888889
1,659,458,0.155491345110389,2.772,0.0454101098663952,0.308
1,660,459,0.155157129786466,2.788,0.0459256482280344,0.309777777777778
1,661,460,0.154537239770948,2.85,0.0475369304831492,0.316666666666667
1,662,461,0.154026657237013,2.764,0.0455013667308396,0.307111111111111
1,663,462,0.153254590968187,2.719,0.0479200932317053,0.302111111111111
1,664,463,0.152625414733881,2.819,0.0465016279435614,0.313222222222222
1,665,464,0.152040728334679,2.828,0.0464604624877388,0.314222222222222
1,666,465,0.151512424211955,2.702,0.045157892280699,0.300222222222222
1,667,466,0.150780777945666,2.722,0.0461827765389745,0.302444444444444
1,668,467,0.150249108820221,2.798,0.0468977120486212,0.310888888888889
1,669,468,0.149301720450288,2.819,0.0464800968092731,0.313222222222222
1,670,469,0.148771173101479,2.783,0.0460002937710948,0.309222222222222
1,671,470,0.148015486804727,2.743,0.0465738136737814,0.304777777777778
1,672,471,0.147357635766815,2.627,0.0471390824379632,0.291888888888889
1,673,472,0.146908131360369,2.691,0.045360517816451,0.299
1,674,473,0.146126952385454,2.703,0.045748047869651,0.300333333333333
1,675,474,0.14584664449257,2.704,0.0452153561130333,0.300444444444444
1,676,475,0.145240434006054,2.7,0.0466709564737877,0.3
1,677,476,0.144565357737511,2.787,0.0459972471648767,0.309666666666667
1,678,477,0.144223758716109,2.782,0.0469753412194385,0.309111111111111
1,679,478,0.143868146924538,2.729,0.0442890564419758,0.303222222222222
1,680,479,0.142977064198292,2.72,0.0469446887709761,0.302222222222222
1,681,480,0.142475438187559,2.779,0.046436142338865,0.308777777777778
1,682,481,0.141858407858456,2.704,0.0466106914404469,0.300444444444444
1,683,482,0.141105705659537,2.712,0.0477004332404994,0.301333333333333
1,684,483,0.140700507069225,2.708,0.0456159710717291,0.300888888888889
1,685,484,0.140446718931388,2.814,0.04736715790131,0.312666666666667
1,686,485,0.140078965127369,2.702,0.0470681570853522,0.300222222222222
1,687,486,0.139833957641277,2.69,0.0453647215130653,0.298888888888889
1,688,487,0.13926102882439,2.812,0.0461821262913346,0.312444444444444
1,689,488,0.138649752979194,2.623,0.0445517211323632,0.291444444444444
1,690,489,0.138167840505001,2.746,0.0464288664479291,0.305111111111111
1,691,490,0.137655069651243,2.744,0.0466544814636346,0.304888888888889
1,692,491,0.137286204112492,2.676,0.0477630118952449,0.297333333333333
1,693,492,0.137027037722119,2.694,0.0451264933315275,0.299333333333333
1,694,493,0.13649836065906,2.74,0.0475253475385364,0.304444444444444
1,695,494,0.135872209367915,2.602,0.0443797878044224,0.289111111111111
1,696,495,0.135436961991258,2.821,0.0452438504772308,0.313444444444444
1,697,496,0.134897334485976,2.752,0.0458104201530023,0.305777777777778
1,698,497,0.134655325686707,2.668,0.0448306344566503,0.296444444444444
1,699,498,0.13396199621095,2.693,0.0458132060638616,0.299222222222222
1,700,499,0.133311427634467,2.743,0.0446424007412677,0.304777777777778
1,701,500,0.132633584962711,2.744,0.0450832174594547,0.304888888888889
1,702,501,0.132203264580972,2.719,0.0454984517221092,0.302111111111111
1,703,502,0.131776694510283,2.659,0.0441210342769262,0.295444444444444
1,704,503,0.131400771649205,2.712,0.0476374361749804,0.301333333333333
1,705,504,0.130932616433827,2.718,0.0454592404527676,0.302
1,706,505,0.130315481393151,2.725,0.0462981481111125,0.302777777777778
1,707,506,0.129850296031757,2.664,0.0458825588781753,0.296
1,708,507,0.129269123471251,2.657,0.0453365901497501,0.295222222222222
1,709,508,0.128520458471228,2.718,0.0472515471567726,0.302
1,710,509,0.127999976247605,2.718,0.0458102016430246,0.302
1,711,510,0.127228226450066,2.796,0.0460706686136257,0.310666666666667
1,712,511,0.126633176507888,2.657,0.0445795731062821,0.295222222222222
1,713,512,0.126062933185406,2.709,0.0451924923119024,0.301
1,714,513,0.125490604376704,2.647,0.045831119247641,0.294111111111111
1,715,514,0.12510241337595,2.662,0.0439053946990993,0.295777777777778
1,716,515,0.124866793190492,2.705,0.04593566245397,0.300555555555556
1,717,516,0.124581387077399,2.668,0.045407464560773,0.296444444444444
1,718,517,0.124525132515019,2.73,0.0453117330627856,0.303333333333333
1,719,518,0.124538410230984,2.726,0.0443496436388267,0.302888888888889
1,720,519,0.124052145414864,2.665,0.0448864098563228,0.296111111111111
1,721,520,0.123698979899515,2.665,0.0464643296942281,0.296111111111111
1,722,521,0.123285510680856,2.766,0.045025229275055,0.307333333333333
1,723,522,0.122788409987623,2.733,0.045450817118912,0.303666666666667
1,724,523,0.1225303581944,2.636,0.0456901695290311,0.292888888888889
1,725,524,0.122064613532829,2.654,0.044970060110103,0.294888888888889
1,726,525,0.121782005642089,2.711,0.045558254516109,0.301222222222222
1,727,526,0.121059084244723,2.685,0.0456712257429212,0.298333333333333
1,728,527,0.120726120006203,2.781,0.0459254629606297,0.309
1,729,528,0.120258965832453,2.714,0.0458945564343998,0.301555555555556
1,730,529,0.119988081152251,2.617,0.0465024028784909,0.290777777777778
1,731,530,0.119732169273649,2.668,0.0464320140843787,0.296444444444444
1,732,531,0.119231743120365,2.746,0.045426286966332,0.305111111111111
1,733,532,0.118758764280938,2.639,0.04550549142411,0.293222222222222
1,734,533,0.118202532145355,2.677,0.0446616800586999,0.297444444444444
1,735,534,0.118017400515546,2.793,0.0454996837485843,0.310333333333333
1,736,535,0.117625515947724,2.674,0.0464314535619968,0.297111111111111
1,737,536,0.117075328329596,2.724,0.0459122198541078,0.302666666666667
1,738,537,0.116886844858853,2.703,0.0462269177852896,0.300333333333333
1,739,538,0.116624879642371,2.642,0.0467334999761416,0.293555555555556
1,740,539,0.116168701508875,2.656,0.0474754454209533,0.295111111111111
1,741,540,0.115915330881125,2.802,0.0475716203114741,0.311333333333333
1,742,541,0.11530325611041,2.625,0.0452373896397816,0.291666666666667
1,743,542,0.114900085305726,2.683,0.0455915517348287,0.298111111111111
1,744,543,0.114341996847315,2.66,0.0453040004023094,0.295555555555556
1,745,544,0.113552123834872,2.626,0.0464788584658045,0.291777777777778
1,746,545,0.11290880913712,2.707,0.0471526709145346,0.300777777777778
1,747,546,0.112407629873614,2.698,0.0463135071112192,0.299777777777778
1,748,547,0.111558289038422,2.66,0.0440947201413542,0.295555555555556
1,749,548,0.110907229809191,2.651,0.0442171251231257,0.294555555555556
1,750,549,0.11029502131287,2.605,0.0444854353013878,0.289444444444444
1,751,550,0.109933574721464,2.613,0.0448245495263506,0.290333333333333
1,752,551,0.109514340613351,2.643,0.0463432702633154,0.293666666666667
1,753,552,0.109092477657233,2.653,0.0461814218460599,0.294777777777778
1,754,553,0.1089255169142,2.657,0.0446244590145623,0.295222222222222
1,755,554,0.108614047908722,2.723,0.04425188390599,0.302555555555556
1,756,555,0.108205229067229,2.68,0.0449624467930918,0.297777777777778
1,757,556,0.107682564137668,2.567,0.044536440074331,0.285222222222222
1,758,557,0.107210469639333,2.668,0.0456273805719534,0.296444444444444
1,759,558,0.106675191970885,2.618,0.0456526029943546,0.290888888888889
1,760,559,0.106036537010299,2.731,0.0463766082178267,0.303444444444444
1,761,560,0.105485139431068,2.654,0.0463727768678393,0.294888888888889
1,762,561,0.104809358962547,2.658,0.0448000339625212,0.295333333333333
1,763,562,0.104595049947794,2.586,0.0454826634298461,0.287333333333333
1,764,563,0.104080650491182,2.63,0.0459696988592833,0.292222222222222
1,765,564,0.103686787912478,2.635,0.0463240857537517,0.292777777777778
1,766,565,0.102883342144596,2.731,0.0470622338383321,0.303444444444444
1,767,566,0.102502123555149,2.625,0.0441624877619607,0.291666666666667
1,768,567,0.101948208298414,2.735,0.0463996543944879,0.303888888888889
1,769,568,0.101773503948755,2.612,0.045558001838662,0.290222222222222
1,770,569,0.101563122519908,2.736,0.0453471097244396,0.304
1,771,570,0.101165515483168,2.681,0.0452911723218805,0.297888888888889
1,772,571,0.100785029022672,2.564,0.0464764893689709,0.284888888888889
1,773,572,0.100309468744624,2.652,0.0453977637880651,0.294666666666667
1,774,573,0.0998320597222079,2.677,0.0440069040902404,0.297444444444444
1,775,574,0.0995308828442607,2.716,0.0459941241840681,0.301777777777778
1,776,575,0.099156665354356,2.697,0.0457961601915302,0.299666666666667
1,777,576,0.0991825363974923,2.648,0.0458060497554002,0.294222222222222
1,778,577,0.0988705098531198,2.655,0.0458702417595447,0.295
1,779,578,0.0984728242830459,2.67,0.046853978436151,0.296666666666667
1,780,579,0.0983597473127662,2.629,0.0475985779685132,0.292111111111111
1,781,580,0.0977396290296726,2.614,0.0458814680356797,0.290444444444444
1,782,581,0.0971651325316301,2.669,0.0452712766385981,0.296555555555556
1,783,582,0.0968012362263605,2.641,0.0458063010645613,0.293444444444444
1,784,583,0.0963712744364997,2.641,0.0457188058593968,0.293444444444444
1,785,584,0.0957144120625139,2.691,0.0461047139091507,0.299
1,786,585,0.0954372027671484,2.604,0.0455769817041593,0.289333333333333
1,787,586,0.0948539893078743,2.693,0.0467861084077308,0.299222222222222
1,788,587,0.0943132735702589,2.619,0.045341977183344,0.291
1,789,588,0.0941130704957073,2.594,0.0449798531254515,0.288222222222222
1,790,589,0.0935895394898973,2.725,0.0459509138808629,0.302777777777778
1,791,590,0.093134628826252,2.558,0.046354986622636,0.284222222222222
1,792,591,0.0927536373427225,2.666,0.0454809027231486,0.296222222222222
1,793,592,0.09235123631261,2.638,0.0446872795429858,0.293111111111111
1,794,593,0.0919485797157573,2.643,0.0448504466261213,0.293666666666667
1,795,594,0.09171285366996,2.622,0.0444870216478367,0.291333333333333
1,796,595,0.091481767521169,2.61,0.045628740745083,0.29
1,797,596,0.0911402162140845,2.695,0.0455197434861736,0.299444444444444
1,798,597,0.0905524072413919,2.638,0.0448214788350961,0.293111111111111
1,799,598,0.0899082291080222,2.599,0.0446788002882261,0.288777777777778
1,800,599,0.0897399551924729,2.71,0.045452898323055,0.301111111111111
1,801,600,0.0894423662057267,2.616,0.0457015605054424,0.290666666666667
1,802,601,0.0891007354531816,2.638,0.0442143744828638,0.293111111111111
1,803,602,0.0885203279529061,2.628,0.0446722689328806,0.292
1,804,603,0.0882695354991216,2.659,0.0461177389498431,0.295444444444444
1,805,604,0.0878227054524741,2.689,0.0465880826977183,0.298777777777778
1,806,605,0.0876744507488674,2.657,0.0446244590145623,0.295222222222222
1,807,606,0.0873793650629568,2.608,0.0454136367008677,0.289777777777778
1,808,607,0.0870829540586504,2.592,0.0450284750304023,0.288
1,809,608,0.086639438762538,2.498,0.0457830983234216,0.277555555555556
1,810,609,0.0864802304212694,2.628,0.0452511178167309,0.292
1,811,610,0.0859234411984773,2.595,0.0453103523273439,0.288333333333333
1,812,611,0.0857376072511771,2.634,0.0463917686254382,0.292666666666667
1,813,612,0.0856467899465257,2.615,0.0460096934557476,0.290555555555556
1,814,613,0.085128486390038,2.656,0.0458886671169447,0.295111111111111
1,815,614,0.0848435340445238,2.629,0.0445347318656165,0.292111111111111
1,816,615,0.0845090388098647,2.646,0.0460956484801855,0.294
1,817,616,0.0838916653236065,2.615,0.0446628455180561,0.290555555555556
1,818,617,0.0835316567676928,2.604,0.0451577592803632,0.289333333333333
1,819,618,0.0829372498327837,2.676,0.0443056089788526,0.297333333333333
1,820,619,0.0823538733683929,2.528,0.043601801764573,0.280888888888889
1,821,620,0.0821599106865121,2.626,0.0444308237386849,0.291777777777778
1,822,621,0.081755244624056,2.581,0.0448938130977362,0.286777777777778
1,823,622,0.0815620217238697,2.57,0.0439207129840697,0.285555555555556
1,824,623,0.0813277160737515,2.658,0.0468319253205465,0.295333333333333
1,825,624,0.0813724909362875,2.666,0.0429917700530263,0.296222222222222
1,826,625,0.0810796074812753,2.594,0.0455547938118397,0.288222222222222
1,827,626,0.0812446305740992,2.625,0.0443434475581381,0.291666666666667
1,828,627,0.0807293894133958,2.61,0.0451213467877008,0.29
1,829,628,0.0802428133101246,2.556,0.0421026915604767,0.284
1,830,629,0.0800181206154988,2.721,0.0461875772507317,0.302333333333333
1,831,630,0.0799048904615215,2.62,0.0438808104474553,0.291111111111111
1,832,631,0.0795189120804419,2.585,0.0450422446576968,0.287222222222222
1,833,632,0.0795295781898558,2.588,0.0446794388086092,0.287555555555556
1,834,633,0.0793959559238495,2.672,0.0455465749589417,0.296888888888889
1,835,634,0.0791720131279805,2.608,0.0449706388475676,0.289777777777778
1,836,635,0.0789427078160032,2.645,0.0475524577307655,0.293888888888889
1,837,636,0.0786149615640774,2.581,0.0459951579468379,0.286777777777778
1,838,637,0.078280442157636,2.599,0.0449913683190812,0.288777777777778
1,839,638,0.0778142051493615,2.707,0.0439212941530655,0.300777777777778
1,840,639,0.077297354124477,2.579,0.0450087189862674,0.286555555555556
1,841,640,0.0768648444072406,2.546,0.046905053929018,0.282888888888889
1,842,641,0.07671912422724,2.582,0.0455340460463303,0.286888888888889
1,843,642,0.0761510689910658,2.583,0.045817138826101,0.287
1,844,643,0.0756342424534622,2.552,0.0452033111545973,0.283555555555556
1,845,644,0.0752932020912147,2.643,0.0456906843748113,0.293666666666667
1,846,645,0.0750327410333586,2.626,0.0450127776320252,0.291777777777778
1,847,646,0.0745707801113144,2.653,0.0453502772609788,0.294777777777778
1,848,647,0.074524071140322,2.7,0.0456517697804158,0.3
1,849,648,0.0742370394929289,2.601,0.0457590744322137,0.289
1,850,649,0.0741701342682627,2.636,0.0447381884468461,0.292888888888889
1,851,650,0.0740344239637461,2.605,0.0452882548352885,0.289444444444444
1,852,651,0.0735250985182379,2.542,0.0448580901092349,0.282444444444444
1,853,652,0.0733648505851663,2.639,0.0435036960679385,0.293222222222222
1,854,653,0.0734122911167224,2.514,0.0440197880701596,0.279333333333333
1,855,654,0.0731385575993266,2.614,0.0453769001041615,0.290444444444444
1,856,655,0.0731185143414794,2.561,0.0453247540901583,0.284555555555556
1,857,656,0.0727865725487563,2.603,0.0441966553524624,0.289222222222222
1,858,657,0.0728003336443235,2.618,0.0437033864361331,0.290888888888889
1,859,658,0.0725870493037904,2.53,0.0446216437515595,0.281111111111111
1,860,659,0.0722839524603226,2.591,0.0459328730739634,0.287888888888889
1,861,660,0.0722537439127104,2.688,0.0442562381435049,0.298666666666667
1,862,661,0.0718487890900149,2.629,0.0445347318656165,0.292111111111111
1,863,662,0.0716329238636222,2.593,0.0454468526568829,0.288111111111111
1,864,663,0.0714102527284165,2.665,0.0435278034096561,0.296111111111111
1,865,664,0.0709241232259405,2.626,0.0445208502401527,0.291777777777778
1,866,665,0.0707607552093394,2.622,0.0441708848345499,0.291333333333333
1,867,666,0.0705260288822801,2.527,0.0455559693821385,0.280777777777778
1,868,667,0.0701577452378098,2.599,0.0440242789507918,0.288777777777778
1,869,668,0.0700900426459057,2.554,0.0445765753627516,0.283777777777778
1,870,669,0.0696937305720308,2.544,0.0453665308583555,0.282666666666667
1,871,670,0.0694114529941473,2.575,0.0450377997176084,0.286111111111111
1,872,671,0.0692920673532253,2.644,0.0448025810782285,0.293777777777778
1,873,672,0.0690596661829507,2.548,0.0449189683064265,0.283111111111111
1,874,673,0.0691306245297253,2.646,0.0444371315304968,0.294
1,875,674,0.0688374531868432,2.579,0.0449196702656729,0.286555555555556
1,876,675,0.0682127722341498,2.6,0.0460230172643875,0.288888888888889
1,877,676,0.0680479774250557,2.601,0.0443369458213434,0.289
1,878,677,0.0678001867336962,2.624,0.0453506414583155,0.291555555555556
1,879,678,0.0673342939554404,2.647,0.0454362790670127,0.294111111111111
1,880,679,0.0671460027730097,2.682,0.044461813422901,0.298
1,881,680,0.0668737009113813,2.593,0.0463842915489988,0.288111111111111
1,882,681,0.0669375191587151,2.615,0.0454845451097823,0.290555555555556
1,883,682,0.0667480084064991,2.608,0.0454356732139009,0.289777777777778
1,884,683,0.0664605967921055,2.604,0.0443751411620646,0.289333333333333
1,885,684,0.0660988669945205,2.592,0.0447161663778945,0.288
1,886,685,0.0660647410625148,2.581,0.0457113610443677,0.286777777777778
1,887,686,0.0655868146318411,2.573,0.0448629433239023,0.285888888888889
1,888,687,0.0652805313431995,2.672,0.0467397111736967,0.296888888888889
1,889,688,0.0648171550674304,2.681,0.0453794920453974,0.297888888888889
1,890,689,0.0643030319177166,2.624,0.045372708566744,0.291555555555556
1,891,690,0.0641641761215301,2.498,0.0442035060820966,0.277555555555555
1,892,691,0.0636575918035621,2.542,0.0437738752242949,0.282444444444444
1,893,692,0.0634405937360769,2.534,0.0423867979521999,0.281555555555556
1,894,693,0.063143034272129,2.578,0.0454970986545953,0.286444444444444
1,895,694,0.0630748604777196,2.654,0.0469946006738271,0.294888888888889
1,896,695,0.0628418896391264,2.556,0.0457925863100236,0.284
1,897,696,0.0627777741292356,2.566,0.0454280497898349,0.285111111111111
1,898,697,0.0625655874363768,2.549,0.0447839770967764,0.283222222222222
1,899,698,0.0623254772652171,2.543,0.0462416402097645,0.282555555555556
1,900,699,0.0620053612179933,2.597,0.0453944011046699,0.288555555555556
1,901,700,0.0619825636188496,2.555,0.045,0.283888888888889
1,902,701,0.0616168471914252,2.577,0.0431964921832422,0.286333333333333
1,903,702,0.0613813823080126,2.566,0.0449629365774265,0.285111111111111
1,904,703,0.0610284146868124,2.64,0.0447034495134143,0.293333333333333
1,905,704,0.0605975386409337,2.616,0.0451728301591185,0.290666666666667
1,906,705,0.0602746693651752,2.577,0.0445202544136152,0.286333333333333
1,907,706,0.0604692427981165,2.629,0.0443996658808413,0.292111111111111
1,908,707,0.060160062769696,2.656,0.0455602868706918,0.295111111111111
1,909,708,0.0598771134325773,2.569,0.0438995007507622,0.285444444444444
1,910,709,0.0600129649209608,2.581,0.0447821889197531,0.286777777777778
1,911,710,0.0599564524483051,2.565,0.0448975588511312,0.285
1,912,711,0.0596571109135861,2.569,0.0436020657783567,0.285444444444444
1,913,712,0.0594334223125156,2.529,0.0461225138764824,0.281
1,914,713,0.0591243060031978,2.581,0.0450273968431052,0.286777777777778
1,915,714,0.0588391361575271,2.627,0.0440432833790898,0.291888888888889
1,916,715,0.0585097004180867,2.606,0.0466362406175601,0.289555555555556
1,917,716,0.0582497588098434,2.531,0.0449562015750892,0.281222222222222
1,918,717,0.0579295036719562,2.554,0.0446214642865413,0.283777777777778
1,919,718,0.0578817276877344,2.65,0.0452940564704856,0.294444444444444
1,920,719,0.0577258126244953,2.646,0.0457468772352473,0.294
1,921,720,0.0574897448494801,2.685,0.0465826678598913,0.298333333333333
1,922,721,0.0577872060639736,2.553,0.0470681039176891,0.283666666666667
1,923,722,0.0571943846900653,2.551,0.0453150356112896,0.283444444444444
1,924,723,0.0570192795512912,2.523,0.0455801332660246,0.280333333333333
1,925,724,0.0568629992605829,2.584,0.0457278365444403,0.287111111111111
1,926,725,0.0563311921503692,2.623,0.0433445469436439,0.291444444444444
1,927,726,0.0557565926436662,2.571,0.0429744785402431,0.285666666666667
1,928,727,0.0555324467910506,2.579,0.0468823736275902,0.286555555555556
1,929,728,0.055324355472605,2.646,0.0434346701446043,0.294
1,930,729,0.0552103468820503,2.593,0.046297888661304,0.288111111111111
1,931,730,0.0549706820216076,2.582,0.0453578365151305,0.286888888888889
1,932,731,0.054787715691123,2.563,0.0440678224215012,0.284777777777778
1,933,732,0.0545826171740627,2.523,0.0455361893942011,0.280333333333333
1,934,733,0.0541452756720143,2.592,0.0449394654569406,0.288
1,935,734,0.0540750700502542,2.546,0.0456285652411509,0.282888888888889
1,936,735,0.0535685573146389,2.547,0.0449423053570999,0.283
1,937,736,0.0532842068888681,2.57,0.0455321114508561,0.285555555555556
1,938,737,0.0529960570030928,2.518,0.0439500581069877,0.279777777777778
1,939,738,0.0531353601220265,2.59,0.0454308701651638,0.287777777777778
1,940,739,0.0529900308339963,2.561,0.0445001040364992,0.284555555555556
1,941,740,0.0528402172037502,2.589,0.0453004539837199,0.287666666666667
1,942,741,0.0525809824505571,2.65,0.0462129379680152,0.294444444444444
1,943,742,0.0520716730102083,2.665,0.046053185513012,0.296111111111111
1,944,743,0.0520099746410153,2.607,0.0467197360195213,0.289666666666667
1,945,744,0.0518611232367458,2.556,0.0432751283849827,0.284
1,946,745,0.0516788886956833,2.554,0.0458823407117509,0.283777777777778
1,947,746,0.0513783853257315,2.56,0.0444564548336501,0.284444444444444
1,948,747,0.0511276361096287,2.577,0.0458494620816116,0.286333333333333
1,949,748,0.0508272496040363,2.544,0.0453223798814462,0.282666666666667
1,950,749,0.0507399990238101,2.602,0.0451179745958485,0.289111111111111
1.5,1,-200,0,2.936,0.0474568873416298,0.326222222222222
1.5,2,-199,0.000260303199389009,2.817,0.0471140184099244,0.313
1.5,3,-198,0.00017454908853788,2.82,0.0485794190986261,0.313333333333333
1.5,4,-197,0.00050308195878088,2.819,0.0484002229497095,0.313222222222222
1.5,5,-196,0.000514513457242503,2.766,0.0474499261906222,0.307333333333333
1.5,6,-195,0.000333073271975122,2.787,0.0474118010507815,0.309666666666667
1.5,7,-194,0.000459602843233383,2.754,0.0476629390171836,0.306
1.5,8,-193,0.000654010954450655,2.815,0.0472758924824273,0.312777777777778
1.5,9,-192,0.000429217408079623,2.803,0.0485030261276913,0.311444444444444
1.5,10,-191,0.000519842077974844,2.774,0.0479710873883969,0.308222222222222
1.5,11,-190,0.000522613287409427,2.777,0.0485760293831292,0.308555555555556
1.5,12,-189,0.000800896129283536,2.802,0.0483852987707747,0.311333333333333
1.5,13,-188,0.00047147826649554,2.755,0.047404875511093,0.306111111111111
1.5,14,-187,0.000582631644221568,2.728,0.048850817827365,0.303111111111111
1.5,15,-186,0.000743764860297101,2.837,0.0467612833187632,0.315222222222222
1.5,16,-185,0.000680069982207033,2.801,0.0462335001545041,0.311222222222222
1.5,17,-184,0.000338990806776186,2.869,0.0500634132410622,0.318777777777778
1.5,18,-183,0.000440910740969328,2.748,0.048506173306589,0.305333333333333
1.5,19,-182,0.000563554374429818,2.749,0.0481489077479159,0.305444444444444
1.5,20,-181,0.000392007823265059,2.74,0.0467823533887362,0.304444444444444
1.5,21,-180,0.000321272638099089,2.695,0.0463910242086454,0.299444444444444
1.5,22,-179,0.000582337271226993,2.774,0.0479710873883969,0.308222222222222
1.5,23,-178,0.000467936212994904,2.74,0.0470384163489017,0.304444444444444
1.5,24,-177,0.000519385138542392,2.758,0.0457332212677779,0.306444444444444
1.5,25,-176,0.000655193750303148,2.754,0.0458648840354753,0.306
1.5,26,-175,0.000630305061361062,2.815,0.0484677637623621,0.312777777777778
1.5,27,-174,0.000627895567303482,2.751,0.0479301188846459,0.305666666666667
1.5,28,-173,0.000927986361011536,2.808,0.0447788023638542,0.312
1.5,29,-172,0.000919080973747525,2.838,0.0479380230511653,0.315333333333333
1.5,30,-171,0.00066518991446165,2.809,0.0485064106265541,0.312111111111111
1.5,31,-170,0.000946480566491306,2.791,0.0477451421465955,0.310111111111111
1.5,32,-169,0.00055311315457426,2.773,0.0475366251508321,0.308111111111111
1.5,33,-168,0.000681455357103721,2.855,0.0470551717581521,0.317222222222222
1.5,34,-167,0.000502978598926802,2.808,0.0470887816082911,0.312
1.5,35,-166,0.000289049629169645,2.758,0.0458861802892935,0.306444444444444
1.5,36,-165,-0.000106558079277867,2.792,0.0468928025920283,0.310222222222222
1.5,37,-164,3.17112951960685e-05,2.745,0.046692131619312,0.305
1.5,38,-163,5.32074853208194e-05,2.761,0.0483758123365304,0.306777777777778
1.5,39,-162,2.34072171342695e-05,2.886,0.0493298838173923,0.320666666666667
1.5,40,-161,-3.9576017676486e-06,2.729,0.0472418330591733,0.303222222222222
1.5,41,-160,-0.000127573806661335,2.771,0.0467840544175871,0.307888888888889
1.5,42,-159,-0.00029296049614261,2.711,0.0465149722416627,0.301222222222222
1.5,43,-158,0.000113218175830777,2.749,0.0489734356299147,0.305444444444444
1.5,44,-157,0.000166642152736203,2.721,0.0501565018185545,0.302333333333333
1.5,45,-156,0.000215729266407487,2.793,0.0477748200774572,0.310333333333333
1.5,46,-155,8.36760733015241e-05,2.754,0.0481227576080154,0.306
1.5,47,-154,2.63788793117384e-05,2.795,0.0477415359436023,0.310555555555556
1.5,48,-153,0.000130321505280097,2.658,0.0456850426630328,0.295333333333333
1.5,49,-152,-3.47683764436573e-05,2.733,0.0486834785228119,0.303666666666667
1.5,50,-151,5.49001834560234e-05,2.721,0.0486366582376352,0.302333333333333
1.5,51,-150,0.000139270771970758,2.722,0.0489807627045058,0.302444444444444
1.5,52,-149,0.000148954842064989,2.74,0.0471659265214268,0.304444444444444
1.5,53,-148,0.000245938933477856,2.796,0.0480071733045041,0.310666666666667
1.5,54,-147,0.000543102365873137,2.721,0.0466833839640867,0.302333333333333
1.5,55,-146,0.000482408700202924,2.82,0.0469233609388948,0.313333333333333
1.5,56,-145,0.000711592474844826,2.83,0.0475537733661733,0.314444444444444
1.5,57,-144,0.000664078915333915,2.747,0.0487993070890601,0.305222222222222
1.5,58,-143,0.000773470351205869,2.728,0.0461968629903608,0.303111111111111
1.5,59,-142,0.000698896010632356,2.706,0.0446044118171461,0.300666666666667
1.5,60,-141,0.000708049496005868,2.768,0.0487293602518087,0.307555555555556
1.5,61,-140,0.000308835783503805,2.702,0.0446002823442315,0.300222222222222
1.5,62,-139,0.000496817609729433,2.735,0.0464427812682652,0.303888888888889
1.5,63,-138,0.000276958210533943,2.788,0.0474690352683652,0.309777777777778
1.5,64,-137,0.000133527337357553,2.802,0.0477815767747264,0.311333333333333
1.5,65,-136,0.000158422326796658,2.815,0.0480112495159217,0.312777777777778
1.5,66,-135,0.000375630258044659,2.847,0.047220978609309,0.316333333333333
1.5,67,-134,0.000429885567730397,2.795,0.0466814112271059,0.310555555555556
1.5,68,-133,0.000416777932435718,2.84,0.0508427476144335,0.315555555555556
1.5,69,-132,9.43067502672881e-05,2.847,0.0495181082336859,0.316333333333333
1.5,70,-131,-0.000146615674774943,2.796,0.0475041118287738,0.310666666666667
1.5,71,-130,-0.000162854017327676,2.684,0.0472480303967942,0.298222222222222
1.5,72,-129,-0.000137041142355842,2.771,0.0476952181443154,0.307888888888889
1.5,73,-128,-0.000272963564637184,2.75,0.048640167206393,0.305555555555556
1.5,74,-127,-0.000275960159553668,2.68,0.0479363942938754,0.297777777777778
1.5,75,-126,-0.000128439905576183,2.748,0.0463102649597327,0.305333333333333
1.5,76,-125,-0.000601583807074768,2.692,0.0475120341954896,0.299111111111111
1.5,77,-124,-0.000732089513084093,2.814,0.0485567890388332,0.312666666666667
1.5,78,-123,-0.00105059273441165,2.805,0.0473837548134402,0.311666666666667
1.5,79,-122,-0.00123489011026378,2.776,0.0479178476156862,0.308444444444444
1.5,80,-121,-0.00113513720046667,2.781,0.0475741768431396,0.309
1.5,81,-120,-0.000871924164100627,2.785,0.0492869577495327,0.309444444444444
1.5,82,-119,-0.00110938408290928,2.755,0.0480758389036145,0.306111111111111
1.5,83,-118,-0.00133934907966987,2.744,0.0481952983888135,0.304888888888889
1.5,84,-117,-0.00106538271548206,2.791,0.0474507172819398,0.310111111111111
1.5,85,-116,-0.001076641111545,2.74,0.0484845413585685,0.304444444444444
1.5,86,-115,-0.00111663052480395,2.755,0.0478880806492416,0.306111111111111
1.5,87,-114,-0.00126363978468732,2.794,0.048743614350394,0.310444444444444
1.5,88,-113,-0.000980975284126842,2.859,0.047152331250346,0.317666666666667
1.5,89,-112,-0.00116512820467646,2.852,0.0482537503664163,0.316888888888889
1.5,90,-111,-0.00114228440517955,2.796,0.0478819034362324,0.310666666666667
1.5,91,-110,-0.000917486659907006,2.763,0.0485921001006561,0.307
1.5,92,-109,-0.000972143614712241,2.757,0.0488501518660622,0.306333333333333
1.5,93,-108,-0.000823340722409202,2.745,0.0480029090710061,0.305
1.5,94,-107,-0.000783658939834611,2.771,0.0466769508187686,0.307888888888889
1.5,95,-106,-0.000591508110458414,2.707,0.0480151690245538,0.300777777777778
1.5,96,-105,-0.000406478615085881,2.806,0.0472503608091685,0.311777777777778
1.5,97,-104,-0.000638186225872523,2.74,0.0464387398252426,0.304444444444444
1.5,98,-103,-0.000677515665773985,2.788,0.0467251456845159,0.309777777777778
1.5,99,-102,-0.000660563996399824,2.746,0.0484130956232694,0.305111111111111
1.5,100,-101,-0.000320456247740453,2.749,0.0469489425142165,0.305444444444444
1.5,101,-100,-0.000515730941215709,2.723,0.0480268422611519,0.302555555555556
1.5,102,-99,-0.000739724279241682,2.827,0.047930870724079,0.314111111111111
1.5,103,-98,-0.00065405025498448,2.838,0.0503019511180858,0.315333333333333
1.5,104,-97,-0.000528551077154061,2.774,0.046271644287458,0.308222222222222
1.5,105,-96,-0.000670584130320556,2.728,0.046499227715933,0.303111111111111
1.5,106,-95,-0.000739869709014959,2.757,0.0470123511554269,0.306333333333333
1.5,107,-94,-0.000781998123114438,2.803,0.0466515526790623,0.311444444444444
1.5,108,-93,-0.000962505360362796,2.765,0.049195479418288,0.307222222222222
1.5,109,-92,-0.00112601017536831,2.824,0.0488406532451135,0.313777777777778
1.5,110,-91,-0.00122062671434727,2.822,0.0477974957565835,0.313555555555556
1.5,111,-90,-0.00104502227481812,2.8,0.0468208521087795,0.311111111111111
1.5,112,-89,-0.000912921957357537,2.787,0.0463657285155835,0.309666666666667
1.5,113,-88,-0.00111325764743525,2.796,0.0470807880201745,0.310666666666667
1.5,114,-87,-0.000669313228094836,2.724,0.0478342148687748,0.302666666666667
1.5,115,-86,-0.000647391014373282,2.753,0.0476262454877483,0.305888888888889
1.5,116,-85,-0.000595162713639767,2.712,0.0464026853663579,0.301333333333333
1.5,117,-84,-0.000786001938033913,2.773,0.0487015692030846,0.308111111111111
1.5,118,-83,-0.00076795150800852,2.77,0.0472581562625261,0.307777777777778
1.5,119,-82,-0.00074871316619477,2.801,0.0489059381955891,0.311222222222222
1.5,120,-81,-0.00060704029765452,2.729,0.0476006809281635,0.303222222222222
1.5,121,-80,-0.000586956760698375,2.805,0.0484078332330452,0.311666666666667
1.5,122,-79,-0.000701595319074037,2.897,0.0482568100864501,0.321888888888889
1.5,123,-78,-0.000659461460879573,2.732,0.0489343495979112,0.303555555555556
1.5,124,-77,-0.000643523073898233,2.709,0.0472710646543269,0.301
1.5,125,-76,-0.000780419056160423,2.747,0.0479091461652814,0.305222222222222
1.5,126,-75,-0.00097721753285098,2.798,0.0486576156789826,0.310888888888889
1.5,127,-74,-0.00135751971205596,2.767,0.0467642801494677,0.307444444444444
1.5,128,-73,-0.00149437388532005,2.751,0.0484494204954646,0.305666666666667
1.5,129,-72,-0.00150108824124353,2.809,0.0482581376334382,0.312111111111111
1.5,130,-71,-0.00197132495166266,2.808,0.0484508357356555,0.312
1.5,131,-70,-0.00176945254725787,2.767,0.047507556956425,0.307444444444444
1.5,132,-69,-0.0016280663151426,2.775,0.0477562106500888,0.308333333333333
1.5,133,-68,-0.00164810773619381,2.769,0.0485179656724495,0.307666666666667
1.5,134,-67,-0.00130590422695089,2.821,0.0486551777956503,0.313444444444444
1.5,135,-66,-0.00124549391486421,2.854,0.0473806809673408,0.317111111111111
1.5,136,-65,-0.00157777066034612,2.813,0.0451449783372313,0.312555555555556
1.5,137,-64,-0.00144790621555355,2.791,0.0492924816655517,0.310111111111111
1.5,138,-63,-0.00167035922161736,2.788,0.0486767441949996,0.309777777777778
1.5,139,-62,-0.00154656224544336,2.734,0.0485551398062204,0.303777777777778
1.5,140,-61,-0.00175304391198019,2.773,0.0459955061564342,0.308111111111111
1.5,141,-60,-0.00186169257690313,2.711,0.0470498957777029,0.301222222222222
1.5,142,-59,-0.0016056004474408,2.738,0.048349702105532,0.304222222222222
1.5,143,-58,-0.00164733871677866,2.834,0.0493850471588606,0.314888888888889
1.5,144,-57,-0.00187041047392651,2.817,0.0486402803947185,0.313
1.5,145,-56,-0.00207993039090498,2.766,0.0466413916968546,0.307333333333333
1.5,146,-55,-0.00211550704473336,2.867,0.0484113070950853,0.318555555555556
1.5,147,-54,-0.0021598429219459,2.881,0.050073409573808,0.320111111111111
1.5,148,-53,-0.0021593531750006,2.819,0.0484415687770905,0.313222222222222
1.5,149,-52,-0.00198297084372466,2.754,0.046212764682711,0.306
1.5,150,-51,-0.00216927619346363,2.835,0.0473287968895787,0.315
1.5,151,-50,-0.00219595584393073,2.81,0.048808629178479,0.312222222222222
1.5,152,-49,-0.00254057791383815,2.823,0.0471157180873951,0.313666666666667
1.5,153,-48,-0.00250163347173473,2.83,0.0490051170950698,0.314444444444444
1.5,154,-47,-0.00252173535239183,2.737,0.047265897485027,0.304111111111111
1.5,155,-46,-0.00261629180820216,2.84,0.0475042804035243,0.315555555555556
1.5,156,-45,-0.00246471641853572,2.719,0.0473527325640377,0.302111111111111
1.5,157,-44,-0.0022992012299799,2.764,0.0476715489215168,0.307111111111111
1.5,158,-43,-0.00234109064594563,2.739,0.0463144040663812,0.304333333333333
1.5,159,-42,-0.0024329656444468,2.777,0.0473657525488038,0.308555555555556
1.5,160,-41,-0.00220190923919071,2.735,0.0472758924824271,0.303888888888889
1.5,161,-40,-0.00238776898572874,2.681,0.0477862168676545,0.297888888888889
1.5,162,-39,-0.00232814409925706,2.739,0.045375521351693,0.304333333333333
1.5,163,-38,-0.00215199433381714,2.768,0.0444088746552774,0.307555555555556
1.5,164,-37,-0.00227150181581605,2.878,0.047931340617736,0.319777777777778
1.5,165,-36,-0.00224516250494301,2.782,0.0480289785731779,0.309111111111111
1.5,166,-35,-0.00234592938346469,2.794,0.0487230739787417,0.310444444444444
1.5,167,-34,-0.00214868135737208,2.698,0.0462918884788571,0.299777777777778
1.5,168,-33,-0.00212554108350802,2.704,0.0478609932478909,0.300444444444444
1.5,169,-32,-0.00211481747860939,2.81,0.0476252891662419,0.312222222222222
1.5,170,-31,-0.00186551531106136,2.748,0.048444224040053,0.305333333333333
1.5,171,-30,-0.00191022315988251,2.816,0.0486879298647469,0.312888888888889
1.5,172,-29,-0.00170317733789455,2.789,0.047778256160745,0.309888888888889
1.5,173,-28,-0.00184784459698699,2.761,0.0473933025344839,0.306777777777778
1.5,174,-27,-0.00166726140754939,2.684,0.0465006054402124,0.298222222222222
1.5,175,-26,-0.00168550197142344,2.807,0.0486427498926316,0.311888888888889
1.5,176,-25,-0.00197845041882773,2.746,0.0476209171662176,0.305111111111111
1.5,177,-24,-0.00158450986343007,2.847,0.0480822514333812,0.316333333333333
1.5,178,-23,-0.00155740797269934,2.85,0.0468155069575423,0.316666666666667
1.5,179,-22,-0.00149481060562828,2.784,0.0464273572314803,0.309333333333333
1.5,180,-21,-0.00137210321500896,2.727,0.0481953710826444,0.303
1.5,181,-20,-0.00153319952094601,2.743,0.0478041445508256,0.304777777777778
1.5,182,-19,-0.00146699902523184,2.834,0.0487731772885756,0.314888888888889
1.5,183,-18,-0.00171891844729057,2.712,0.0467037175954681,0.301333333333333
1.5,184,-17,-0.00186586110399267,2.754,0.0479977894052194,0.306
1.5,185,-16,-0.0018405403907015,2.778,0.0482186793788574,0.308666666666667
1.5,186,-15,-0.00188012513249125,2.753,0.0470553419412208,0.305888888888889
1.5,187,-14,-0.00206668790908173,2.812,0.047633233408251,0.312444444444444
1.5,188,-13,-0.0022737041145286,2.797,0.0475189335849307,0.310777777777778
1.5,189,-12,-0.00227380325525352,2.801,0.0486802708370523,0.311222222222222
1.5,190,-11,-0.00234561052082168,2.793,0.047353916346944,0.310333333333333
1.5,191,-10,-0.00216355073092177,2.728,0.0470768757696625,0.303111111111111
1.5,192,-9,-0.00231186574902196,2.795,0.0494309459591703,0.310555555555556
1.5,193,-8,-0.00227599916699194,2.758,0.0480806379715136,0.306444444444444
1.5,194,-7,-0.00232579425464992,2.739,0.0472981618682599,0.304333333333333
1.5,195,-6,-0.00267886116974012,2.81,0.0467770038382973,0.312222222222222
1.5,196,-5,-0.00259518171650621,2.76,0.0466108632463786,0.306666666666667
1.5,197,-4,-0.00265954027091826,2.769,0.0486415974758745,0.307666666666667
1.5,198,-3,-0.00284026160457993,2.799,0.0490816463457372,0.311
1.5,199,-2,-0.00264731648495735,2.756,0.047819982755651,0.306222222222222
1.5,200,-1,-0.00241737683083175,2.872,0.0473693979258748,0.319111111111111
1.5,201,0,0.997634124380579,4.449,0.0518274549354402,0.494333333333333
1.5,202,1,0.99373472277954,4.711,0.0503389810486171,0.523444444444444
1.5,203,2,0.989584473989298,4.782,0.048340591771438,0.531333333333333
1.5,204,3,0.985652003229358,4.699,0.0490999980632364,0.522111111111111
1.5,205,4,0.981422271295297,4.684,0.0498259633788112,0.520444444444444
1.5,206,5,0.977267043108445,4.718,0.0469113704412553,0.524222222222222
1.5,207,6,0.973421058413216,4.843,0.0466318080876727,0.538111111111111
1.5,208,7,0.969356142462301,4.744,0.0486089171534072,0.527111111111111
1.5,209,8,0.965355538958285,4.694,0.0482979988891537,0.521555555555556
1.5,210,9,0.961482206288566,4.715,0.0505403732606846,0.523888888888889
1.5,211,10,0.957453493900964,4.624,0.0489798226111838,0.513777777777778
1.5,212,11,0.953539352877024,4.752,0.0478203176775603,0.528
1.5,213,12,0.949668909409571,4.581,0.0501592957980369,0.509
1.5,214,13,0.945799044354703,4.63,0.0491886116852215,0.514444444444444
1.5,215,14,0.94196199431871,4.657,0.0488440041022103,0.517444444444444
1.5,216,15,0.938499401627592,4.625,0.0486285897362831,0.513888888888889
1.5,217,16,0.93482370552527,4.552,0.0491498902512682,0.505777777777778
1.5,218,17,0.931297341702602,4.674,0.0486012971646444,0.519333333333333
1.5,219,18,0.927821456225622,4.704,0.0498484590420693,0.522666666666667
1.5,220,19,0.924426604470281,4.553,0.0505147774690014,0.505888888888889
1.5,221,20,0.921074112944331,4.561,0.0512142743959329,0.506777777777778
1.5,222,21,0.917491524745615,4.635,0.0508759605645277,0.515
1.5,223,22,0.913803095236975,4.606,0.0506885917473879,0.511777777777778
1.5,224,23,0.910286542659178,4.586,0.0488568418032827,0.509555555555556
1.5,225,24,0.906587802335829,4.563,0.0493808613682414,0.507
1.5,226,25,0.903116810696738,4.449,0.0501189675762671,0.494333333333333
1.5,227,26,0.899726058231855,4.487,0.0494598552088183,0.498555555555556
1.5,228,27,0.896274088380757,4.588,0.0507822295181576,0.509777777777778
1.5,229,28,0.892485059823826,4.587,0.0499291890973997,0.509666666666667
1.5,230,29,0.88871016383957,4.531,0.0504339427626134,0.503444444444444
1.5,231,30,0.885140509072415,4.577,0.048646042361506,0.508555555555556
1.5,232,31,0.881618432776899,4.671,0.050311929900276,0.519
1.5,233,32,0.878086424143028,4.597,0.0491019551749419,0.510777777777778
1.5,234,33,0.874345347893964,4.465,0.0491649488171419,0.496111111111111
1.5,235,34,0.870585298333678,4.509,0.0502239130439023,0.501
1.5,236,35,0.867236912702251,4.421,0.0499424994694224,0.491222222222222
1.5,237,36,0.86387788560293,4.471,0.050494640395875,0.496777777777778
1.5,238,37,0.860213081790873,4.555,0.0504928165635917,0.506111111111111
1.5,239,38,0.856766767980987,4.584,0.0509071265692295,0.509333333333333
1.5,240,39,0.853219069524299,4.45,0.0485577785515138,0.494444444444444
1.5,241,40,0.849876110253044,4.47,0.049895787293013,0.496666666666667
1.5,242,41,0.846492088008646,4.533,0.0491052168544476,0.503666666666667
1.5,243,42,0.843155954025441,4.483,0.0505991232263095,0.498111111111111
1.5,244,43,0.839735313724077,4.471,0.049956527648093,0.496777777777778
1.5,245,44,0.836061333772868,4.39,0.0491152961134545,0.487777777777778
1.5,246,45,0.832849806707838,4.489,0.0511712565557804,0.498777777777778
1.5,247,46,0.829241471634195,4.467,0.0499340004846839,0.496333333333333
1.5,248,47,0.826001550329301,4.479,0.0502003892323463,0.497666666666667
1.5,249,48,0.822867653369556,4.441,0.0501101789063862,0.493444444444444
1.5,250,49,0.819645732673013,4.523,0.0492330670880343,0.502555555555556
1.5,251,50,0.816505180779203,4.52,0.0494372738330506,0.502222222222222
1.5,252,51,0.813035794851078,4.389,0.0495594101572562,0.487666666666667
1.5,253,52,0.809448740333433,4.382,0.047521935296601,0.486888888888889
1.5,254,53,0.806425850691029,4.404,0.050866210507284,0.489333333333333
1.5,255,54,0.803627783385389,4.374,0.0489951479692074,0.486
1.5,256,55,0.800345901141286,4.394,0.0504708956856458,0.488222222222222
1.5,257,56,0.796974176827161,4.365,0.0499827297501176,0.485
1.5,258,57,0.793914016682795,4.374,0.0504645486522041,0.486
1.5,259,58,0.79050630569913,4.367,0.0500681317588126,0.485222222222222
1.5,260,59,0.787575581796861,4.348,0.0513179260057296,0.483111111111111
1.5,261,60,0.78455778510594,4.302,0.0496715538639901,0.478
1.5,262,61,0.781406532353883,4.305,0.0516395356451008,0.478333333333333
1.5,263,62,0.778190668201754,4.338,0.0502422161163327,0.482
1.5,264,63,0.775027383384579,4.348,0.0521115305053653,0.483111111111111
1.5,265,64,0.77194549567268,4.295,0.0504432306610065,0.477222222222222
1.5,266,65,0.769034633667577,4.335,0.0500527749508484,0.481666666666667
1.5,267,66,0.76640732352276,4.35,0.0499399038244367,0.483333333333333
1.5,268,67,0.763661710808446,4.335,0.0475924367945164,0.481666666666667
1.5,269,68,0.760595006882324,4.365,0.0503816763646599,0.485
1.5,270,69,0.757516719159684,4.305,0.048891362891265,0.478333333333333
1.5,271,70,0.754323441014084,4.282,0.051216199576883,0.475777777777778
1.5,272,71,0.751038497838138,4.318,0.0506699461559161,0.479777777777778
1.5,273,72,0.747989509992163,4.213,0.0509531866248542,0.468111111111111
1.5,274,73,0.745073785091534,4.31,0.0505416111185078,0.478888888888889
1.5,275,74,0.742263934568827,4.251,0.0497239526935607,0.472333333333333
1.5,276,75,0.73958429357135,4.306,0.0494854808283482,0.478444444444444
1.5,277,76,0.736616722167595,4.313,0.050730706722897,0.479222222222222
1.5,278,77,0.733658504429091,4.251,0.0509960743547932,0.472333333333333
1.5,279,78,0.731005737549192,4.276,0.049399031005317,0.475111111111111
1.5,280,79,0.728024322445371,4.257,0.049288744966578,0.473
1.5,281,80,0.725265301560241,4.268,0.050781441046457,0.474222222222222
1.5,282,81,0.722315039163044,4.188,0.0508846268065832,0.465333333333333
1.5,283,82,0.719283028493761,4.333,0.051368762392623,0.481444444444444
1.5,284,83,0.716374188883475,4.253,0.0493094557100607,0.472555555555556
1.5,285,84,0.713303162570253,4.228,0.0496636938062654,0.469777777777778
1.5,286,85,0.710267171395585,4.135,0.0499927422159883,0.459444444444444
1.5,287,86,0.70737430098465,4.233,0.049529427254554,0.470333333333333
1.5,288,87,0.704523604136561,4.286,0.0482963408193265,0.476222222222222
1.5,289,88,0.70153748234438,4.186,0.0506949107305059,0.465111111111111
1.5,290,89,0.698479867888065,4.192,0.0506725142824363,0.465777777777778
1.5,291,90,0.695790531811404,4.123,0.0487878186769119,0.458111111111111
1.5,292,91,0.69296344120303,4.166,0.048998416758553,0.462888888888889
1.5,293,92,0.690472322978297,4.189,0.0493732388720522,0.465444444444444
1.5,294,93,0.687988347736672,4.148,0.0532252658887575,0.460888888888889
1.5,295,94,0.685269192247486,4.17,0.0511244923076377,0.463333333333333
1.5,296,95,0.682791499103285,4.097,0.050260492607187,0.455222222222222
1.5,297,96,0.680003979730157,4.097,0.0505187405142204,0.455222222222222
1.5,298,97,0.676973979214658,4.078,0.0516389638023712,0.453111111111111
1.5,299,98,0.674437535490386,4.154,0.0525265936744718,0.461555555555556
1.5,300,99,0.67174219612418,4.203,0.0531471129565437,0.467
1.5,301,100,0.669084147576784,4.164,0.048491808127306,0.462666666666667
1.5,302,101,0.666251108588148,4.152,0.0509066546483609,0.461333333333333
1.5,303,102,0.663553885515959,4.079,0.0499925820323201,0.453222222222222
1.5,304,103,0.660797412475463,4.09,0.0504226381939943,0.454444444444444
1.5,305,104,0.658089499422089,4.075,0.0488237519938683,0.452777777777778
1.5,306,105,0.65563042437333,4.02,0.0493764927676928,0.446666666666667
1.5,307,106,0.653232764331844,4.084,0.0501343939572172,0.453777777777778
1.5,308,107,0.650752083078646,4.082,0.0493529301228583,0.453555555555556
1.5,309,108,0.648113377087343,4.106,0.0520910498788175,0.456222222222222
1.5,310,109,0.645495324021836,4.044,0.0488513096083456,0.449333333333333
1.5,311,110,0.642762594031385,3.993,0.0472989237529587,0.443666666666667
1.5,312,111,0.640057784057547,4.007,0.0501144935369249,0.445222222222222
1.5,313,112,0.637772873994686,4.106,0.0505699646165717,0.456222222222222
1.5,314,113,0.635000319174637,4.022,0.0508340446954607,0.446888888888889
1.5,315,114,0.632392355661408,4.055,0.049663280614972,0.450555555555556
1.5,316,115,0.629783680217444,3.964,0.0514524183236448,0.440444444444444
1.5,317,116,0.627277116760956,3.97,0.0499158450954363,0.441111111111111
1.5,318,117,0.624638631284066,3.941,0.0499200461839831,0.437888888888889
1.5,319,118,0.621912368469053,3.986,0.0490531365991024,0.442888888888889
1.5,320,119,0.619533517842752,3.976,0.0502986476354377,0.441777777777778
1.5,321,120,0.617343353741189,3.972,0.0518643028094073,0.441333333333333
1.5,322,121,0.614831760084995,3.976,0.0517503826275911,0.441777777777778
1.5,323,122,0.612395930797806,4.088,0.04960561174622,0.454222222222222
1.5,324,123,0.609851943134021,4.068,0.0505364218156562,0.452
1.5,325,124,0.607185493183096,4.013,0.0508076019155836,0.445888888888889
1.5,326,125,0.605044354699163,3.937,0.0501152925018157,0.437444444444444
1.5,327,126,0.602508885319825,4.048,0.0509145194250947,0.449777777777778
1.5,328,127,0.599916398343917,3.964,0.0509637253475576,0.440444444444444
1.5,329,128,0.597860896637497,4.081,0.0500494150209965,0.453444444444444
1.5,330,129,0.59539774732098,3.978,0.0513629648107871,0.442
1.5,331,130,0.592752760139334,3.966,0.0508471182018158,0.440666666666667
1.5,332,131,0.590081701234503,3.939,0.0517102789873829,0.437666666666667
1.5,333,132,0.587689955398753,3.965,0.0507380463690645,0.440555555555556
1.5,334,133,0.585375606253989,3.893,0.0518482327494318,0.432555555555556
1.5,335,134,0.582950069329922,3.903,0.0507559569623818,0.433666666666667
1.5,336,135,0.580588635908321,3.886,0.0499750087693989,0.431777777777778
1.5,337,136,0.578283231569511,3.997,0.0502146643174333,0.444111111111111
1.5,338,137,0.57585474231403,3.938,0.052123630657053,0.437555555555556
1.5,339,138,0.573559631041264,3.881,0.0483857435633696,0.431222222222222
1.5,340,139,0.571126303696326,3.942,0.052012895913815,0.438
1.5,341,140,0.568781965357234,3.927,0.0504798892552194,0.436333333333333
1.5,342,141,0.566397890848763,3.967,0.0488497420392093,0.440777777777778
1.5,343,142,0.564243367357809,3.929,0.0496832711023279,0.436555555555556
1.5,344,143,0.561881821452602,3.957,0.050987750987377,0.439666666666667
1.5,345,144,0.559292435753253,3.929,0.051386764829084,0.436555555555556
1.5,346,145,0.556799959562665,3.906,0.0492502750204463,0.434
1.5,347,146,0.55484227967553,3.911,0.0484089085026961,0.434555555555556
1.5,348,147,0.552705095696242,3.759,0.0473620329183848,0.417666666666667
1.5,349,148,0.550297084740594,3.814,0.0499790146151551,0.423777777777778
1.5,350,149,0.548267840615111,3.893,0.0507555625239947,0.432555555555556
1.5,351,150,0.546045443587479,3.879,0.0498883538298053,0.431
1.5,352,151,0.544000191788643,3.861,0.0510125600345766,0.429
1.5,353,152,0.541683136683608,3.874,0.0499862243285347,0.430444444444444
1.5,354,153,0.539621423224899,3.889,0.0508061045570338,0.432111111111111
1.5,355,154,0.537627240343317,3.872,0.0514223712041779,0.430222222222222
1.5,356,155,0.535330594109211,3.851,0.053100081154539,0.427888888888889
1.5,357,156,0.533236377144691,3.842,0.0494922770286989,0.426888888888889
1.5,358,157,0.531481071039698,3.881,0.0506300543393189,0.431222222222222
1.5,359,158,0.529494045255877,3.819,0.0470367032374874,0.424333333333333
1.5,360,159,0.527315122772485,3.807,0.0511308650950222,0.423
1.5,361,160,0.525045738357985,3.908,0.0503991674145126,0.434222222222222
1.5,362,161,0.522905647915131,3.799,0.050489089397098,0.422111111111111
1.5,363,162,0.520814656141157,3.854,0.0510224194574041,0.428222222222222
1.5,364,163,0.518991816354205,3.76,0.0505861538265067,0.417777777777778
1.5,365,164,0.516901999237521,3.836,0.0503352524344284,0.426222222222222
1.5,366,165,0.514552421528517,3.887,0.0509197783167192,0.431888888888889
1.5,367,166,0.512599498807018,3.887,0.0513309445253628,0.431888888888889
1.5,368,167,0.510826081098862,3.881,0.052264429304935,0.431222222222222
1.5,369,168,0.508886424752476,3.832,0.0514239284810137,0.425777777777778
1.5,370,169,0.507027321678412,3.802,0.0486535010370596,0.422444444444444
1.5,371,170,0.504890011445709,3.787,0.0494173357545009,0.420777777777778
1.5,372,171,0.502922778897613,3.78,0.0518100789835751,0.42
1.5,373,172,0.500964959365678,3.813,0.0504040828859288,0.423666666666667
1.5,374,173,0.498871332879649,3.787,0.0494780666465362,0.420777777777778
1.5,375,174,0.496998558326854,3.704,0.0503678560286311,0.411555555555556
1.5,376,175,0.495378054750419,3.763,0.0496920546999245,0.418111111111111
1.5,377,176,0.493571916506756,3.683,0.0500301310613312,0.409222222222222
1.5,378,177,0.49172963700303,3.667,0.0487286926305796,0.407444444444444
1.5,379,178,0.489880576783818,3.715,0.0520815465158964,0.412777777777778
1.5,380,179,0.488102955859657,3.803,0.0508406901583344,0.422555555555556
1.5,381,180,0.485993399347563,3.813,0.0493808613682414,0.423666666666667
1.5,382,181,0.483814577703234,3.716,0.049231775996482,0.412888888888889
1.5,383,182,0.481956751736288,3.723,0.0515065425351373,0.413666666666667
1.5,384,183,0.480051026522507,3.74,0.0522793757913492,0.415555555555556
1.5,385,184,0.478401438550091,3.693,0.0511797847823765,0.410333333333333
1.5,386,185,0.476252038230553,3.67,0.049895787293013,0.407777777777778
1.5,387,186,0.473966247709019,3.686,0.0517888606370719,0.409555555555556
1.5,388,187,0.471929334805487,3.76,0.0503481373531827,0.417777777777778
1.5,389,188,0.470289810209453,3.747,0.0483252141881062,0.416333333333333
1.5,390,189,0.468300344444134,3.787,0.0488058706818454,0.420777777777778
1.5,391,190,0.466281478649235,3.75,0.0497189297146668,0.416666666666667
1.5,392,191,0.464419548085967,3.728,0.0496435341256088,0.414222222222222
1.5,393,192,0.462557910246254,3.707,0.0506331385035011,0.411888888888889
1.5,394,193,0.460658265272138,3.694,0.0506846419828821,0.410444444444444
1.5,395,194,0.458601122485211,3.7,0.0516785320096331,0.411111111111111
1.5,396,195,0.456807486556025,3.583,0.0506920179188073,0.398111111111111
1.5,397,196,0.45504966239827,3.686,0.0518661170138471,0.409555555555556
1.5,398,197,0.453148403691859,3.721,0.048903481987999,0.413444444444444
1.5,399,198,0.451081587402913,3.671,0.0500726099406279,0.407888888888889
1.5,400,199,0.449455013662253,3.704,0.0496069031974869,0.411555555555556
1.5,401,200,0.447686079590443,3.703,0.0480114163100412,0.411444444444444
1.5,402,201,0.44609545578094,3.692,0.0499763307339948,0.410222222222222
1.5,403,202,0.444249669433852,3.698,0.0487973070689068,0.410888888888889
1.5,404,203,0.442587791284022,3.607,0.0490811568726732,0.400777777777778
1.5,405,204,0.440585941947069,3.707,0.0492907758163796,0.411888888888889
1.5,406,205,0.439258315643436,3.656,0.048186989800007,0.406222222222222
1.5,407,206,0.437350737568794,3.693,0.04967110043293,0.410333333333333
1.5,408,207,0.435649887741239,3.71,0.0495818349636071,0.412222222222222
1.5,409,208,0.433964756233579,3.654,0.0503270982356108,0.406
1.5,410,209,0.432274244815876,3.611,0.0493570168782021,0.401222222222222
1.5,411,210,0.430323965267809,3.667,0.0513102693789826,0.407444444444444
1.5,412,211,0.428978193887424,3.652,0.0503331841773341,0.405777777777778
1.5,413,212,0.427132249687925,3.659,0.0511794718450508,0.406555555555556
1.5,414,213,0.425564564304141,3.667,0.0507413606999822,0.407444444444444
1.5,415,214,0.423976396381566,3.614,0.0491469166827321,0.401555555555556
1.5,416,215,0.422050531364042,3.617,0.0510187604113813,0.401888888888889
1.5,417,216,0.42013772765989,3.602,0.0513052456209715,0.400222222222222
1.5,418,217,0.418308587267502,3.648,0.0513296281959137,0.405333333333333
1.5,419,218,0.416606971121899,3.528,0.0518643028094076,0.392
1.5,420,219,0.415022584013194,3.501,0.049744079783161,0.389
1.5,421,220,0.413393656278622,3.602,0.0491733059089381,0.400222222222222
1.5,422,221,0.411911839178323,3.517,0.0503015033695935,0.390777777777778
1.5,423,222,0.41031550893323,3.539,0.0508435252914669,0.393222222222222
1.5,424,223,0.408642937463823,3.594,0.0522292245001961,0.399333333333333
1.5,425,224,0.407122296023803,3.565,0.0512484282822547,0.396111111111111
1.5,426,225,0.405517054783678,3.551,0.0491305690259416,0.394555555555556
1.5,427,226,0.404060634002669,3.45,0.0499399038244367,0.383333333333333
1.5,428,227,0.402541609347767,3.573,0.0502513302928012,0.397
1.5,429,228,0.400907953114078,3.479,0.0503198876299529,0.386555555555556
1.5,430,229,0.399275129402849,3.526,0.0501182186019798,0.391777777777778
1.5,431,230,0.39771424432205,3.614,0.0509470273872734,0.401555555555556
1.5,432,231,0.396211264651724,3.484,0.046988849229918,0.387111111111111
1.5,433,232,0.394684082818654,3.496,0.0505226339033956,0.388444444444444
1.5,434,233,0.393230034269156,3.589,0.0510753138775249,0.398777777777778
1.5,435,234,0.39172795748635,3.569,0.0510866797594917,0.396555555555556
1.5,436,235,0.389964054058908,3.532,0.0514550641202945,0.392444444444444
1.5,437,236,0.388654739126246,3.582,0.0486378622231861,0.398
1.5,438,237,0.387436068715928,3.555,0.0488401511091065,0.395
1.5,439,238,0.385892957462665,3.48,0.0506375766024022,0.386666666666667
1.5,440,239,0.384464489893895,3.511,0.0487673790279656,0.390111111111111
1.5,441,240,0.382761970378489,3.627,0.0500637331546237,0.403
1.5,442,241,0.381095028553898,3.543,0.0490158500237788,0.393666666666667
1.5,443,242,0.379198278988562,3.557,0.0509052290275014,0.395222222222222
1.5,444,243,0.378109843070021,3.558,0.0488571696173962,0.395333333333333
1.5,445,244,0.376699588043551,3.419,0.05031869405073,0.379888888888889
1.5,446,245,0.375067600228704,3.5,0.0493602718432186,0.388888888888889
1.5,447,246,0.373464989277027,3.454,0.0515222140298585,0.383777777777778
1.5,448,247,0.37193436138047,3.468,0.051571655350935,0.385333333333333
1.5,449,248,0.370194112900042,3.518,0.0485389743611464,0.390888888888889
1.5,450,249,0.369029965371606,3.481,0.050578623915615,0.386777777777778
1.5,451,250,0.367619682678289,3.504,0.0518910076668075,0.389333333333333
1.5,452,251,0.366132419594021,3.526,0.0499180910674258,0.391777777777778
1.5,453,252,0.364583200790851,3.469,0.0482635304175767,0.385444444444444
1.5,454,253,0.363121639645144,3.523,0.0512454592827217,0.391444444444444
1.5,455,254,0.361739337167188,3.464,0.0491234884461306,0.384888888888889
1.5,456,255,0.360098540658574,3.467,0.0512985627726796,0.385222222222222
1.5,457,256,0.358835348271674,3.409,0.0500222072805792,0.378777777777778
1.5,458,257,0.357170276507063,3.535,0.052321243415199,0.392777777777778
1.5,459,258,0.355560468011419,3.484,0.0496811051830797,0.387111111111111
1.5,460,259,0.35410776300645,3.438,0.0486880532217763,0.382
1.5,461,260,0.35248974565452,3.536,0.0514913133970708,0.392888888888889
1.5,462,261,0.350972748440968,3.504,0.0507006366286909,0.389333333333333
1.5,463,262,0.349748192947311,3.51,0.0488086291784789,0.39
1.5,464,263,0.348889433547492,3.447,0.0488218657424577,0.383
1.5,465,264,0.34778462461217,3.438,0.0493415706133335,0.382
1.5,466,265,0.346438262934081,3.386,0.0501948555483878,0.376222222222222
1.5,467,266,0.344958696565148,3.372,0.0494981420466068,0.374666666666667
1.5,468,267,0.343823014512667,3.513,0.050242963242183,0.390333333333333
1.5,469,268,0.342386467234944,3.445,0.051025273919682,0.382777777777778
1.5,470,269,0.341353774275997,3.473,0.0496561852817626,0.385888888888889
1.5,471,270,0.339948936369839,3.506,0.0513868135284202,0.389555555555556
1.5,472,271,0.338472772310022,3.447,0.0502365874111161,0.383
1.5,473,272,0.33719539583146,3.378,0.0512810466522062,0.375333333333333
1.5,474,273,0.33584095036373,3.439,0.0501477197267612,0.382111111111111
1.5,475,274,0.334234707125352,3.434,0.050914008251524,0.381555555555556
1.5,476,275,0.333136390824323,3.4,0.0502844760192301,0.377777777777778
1.5,477,276,0.331932648190521,3.365,0.0497015617988536,0.373888888888889
1.5,478,277,0.33093811643866,3.433,0.0494970803276409,0.381444444444444
1.5,479,278,0.329695048418392,3.484,0.0496004456048957,0.387111111111111
1.5,480,279,0.328426348897205,3.465,0.0491445845459108,0.385
1.5,481,280,0.326800422022428,3.458,0.0491187199410636,0.384222222222222
1.5,482,281,0.32554191102919,3.429,0.0478670058626007,0.381
1.5,483,282,0.323983319203784,3.451,0.0503799279191341,0.383444444444444
1.5,484,283,0.322635417512994,3.376,0.0501511628892008,0.375111111111111
1.5,485,284,0.321148264996069,3.523,0.0492940250020314,0.391444444444444
1.5,486,285,0.319878175717282,3.41,0.0489928596869004,0.378888888888889
1.5,487,286,0.318593438819653,3.382,0.0481497081444363,0.375777777777778
1.5,488,287,0.31739855683351,3.475,0.0520200065463384,0.386111111111111
1.5,489,288,0.315971469240217,3.425,0.0502483820625092,0.380555555555556
1.5,490,289,0.314490279680841,3.393,0.05027005150264,0.377
1.5,491,290,0.313235192598888,3.374,0.0489951479692074,0.374888888888889
1.5,492,291,0.311936242397716,3.335,0.0492666439104816,0.370555555555556
1.5,493,292,0.31056401816352,3.363,0.0495548855985632,0.373666666666667
1.5,494,293,0.309472111557341,3.394,0.0501525600471134,0.377111111111111
1.5,495,294,0.308341707544243,3.457,0.0501464422034673,0.384111111111111
1.5,496,295,0.306935720010752,3.457,0.0487085569846156,0.384111111111111
1.5,497,296,0.305870397527178,3.394,0.0502920798266817,0.377111111111111
1.5,498,297,0.304564098607688,3.383,0.0509205646463579,0.375888888888889
1.5,499,298,0.30321579274232,3.322,0.0482767712947607,0.369111111111111
1.5,500,299,0.301962754671707,3.376,0.0500312614984585,0.375111111111111
1.5,501,300,0.300741896248603,3.288,0.0494924792822658,0.365333333333333
1.5,502,301,0.299323121799658,3.314,0.0483087749558785,0.368222222222222
1.5,503,302,0.298156469618495,3.362,0.0496126739595582,0.373555555555556
1.5,504,303,0.297026979627174,3.351,0.0495808154154134,0.372333333333333
1.5,505,304,0.295665421467438,3.247,0.0487274600750477,0.360777777777778
1.5,506,305,0.294381644784887,3.271,0.0481651209785554,0.363444444444444
1.5,507,306,0.293230188241468,3.285,0.0481881427022986,0.365
1.5,508,307,0.292195937527987,3.3,0.0481489181427612,0.366666666666667
1.5,509,308,0.290935491968385,3.367,0.0501081013591796,0.374111111111111
1.5,510,309,0.28983443883994,3.402,0.0485670130310146,0.378
1.5,511,310,0.288732972784711,3.35,0.0515184836166026,0.372222222222222
1.5,512,311,0.287562640604835,3.286,0.0497863704509848,0.365111111111111
1.5,513,312,0.286512914505595,3.314,0.0515952135964766,0.368222222222222
1.5,514,313,0.285135575607764,3.329,0.0507280231463077,0.369888888888889
1.5,515,314,0.283984053891934,3.304,0.0505582845846269,0.367111111111111
1.5,516,315,0.28283568003783,3.329,0.0501125759692142,0.369888888888889
1.5,517,316,0.281815731757468,3.256,0.0503686509745991,0.361777777777778
1.5,518,317,0.280839168551607,3.345,0.050044774747015,0.371666666666667
1.5,519,318,0.279777192154731,3.327,0.0500057153890593,0.369666666666667
1.5,520,319,0.278698972180647,3.349,0.0484514865256634,0.372111111111111
1.5,521,320,0.277814571306596,3.303,0.0490468816194933,0.367
1.5,522,321,0.276638233279117,3.357,0.048061011858479,0.373
1.5,523,322,0.275391591286953,3.32,0.0484969272423722,0.368888888888889
1.5,524,323,0.27401457855925,3.264,0.0477345009671473,0.362666666666667
1.5,525,324,0.273119911114517,3.31,0.0500840135014,0.367777777777778
1.5,526,325,0.271863467146355,3.322,0.049867853400791,0.369111111111111
1.5,527,326,0.270715680507534,3.262,0.0506153921047532,0.362444444444444
1.5,528,327,0.269556248590092,3.308,0.0497353959430264,0.367555555555556
1.5,529,328,0.26867936514899,3.291,0.0489153525154599,0.365666666666667
1.5,530,329,0.267714077521988,3.253,0.0505920008553779,0.361444444444444
1.5,531,330,0.266583345601439,3.362,0.0479922833303362,0.373555555555556
1.5,532,331,0.265588362035054,3.331,0.0500194056436194,0.370111111111111
1.5,533,332,0.264487481187488,3.252,0.0485680435559727,0.361333333333333
1.5,534,333,0.263293492312348,3.24,0.0489366406161563,0.36
1.5,535,334,0.262145885890372,3.338,0.0499023671407103,0.370888888888889
1.5,536,335,0.261072651409857,3.226,0.0508479056550956,0.358444444444444
1.5,537,336,0.259628335800939,3.227,0.0524043625781024,0.358555555555556
1.5,538,337,0.258555702106822,3.329,0.0491240488169712,0.369888888888889
1.5,539,338,0.257709689113902,3.277,0.048606929893109,0.364111111111111
1.5,540,339,0.256493283895314,3.278,0.0496505909449341,0.364222222222222
1.5,541,340,0.255521656098566,3.226,0.0511031851799429,0.358444444444444
1.5,542,341,0.254254836182758,3.24,0.0497279888279519,0.36
1.5,543,342,0.253094238696054,3.136,0.050932289346721,0.348444444444444
1.5,544,343,0.251868883582682,3.25,0.0507747779717261,0.361111111111111
1.5,545,344,0.250845147873574,3.245,0.0491262494842462,0.360555555555556
1.5,546,345,0.249756232590774,3.284,0.0496367586351871,0.364888888888889
1.5,547,346,0.24864866563222,3.32,0.0494777530618363,0.368888888888889
1.5,548,347,0.247689686485667,3.27,0.0487388497553592,0.363333333333333
1.5,549,348,0.24654030531117,3.231,0.0482282589874958,0.359
1.5,550,349,0.245628921065072,3.271,0.0521371007755253,0.363444444444444
1.5,551,350,0.244387288054816,3.283,0.0504723534071719,0.364777777777778
1.5,552,351,0.243449508940578,3.18,0.0497199363643204,0.353333333333333
1.5,553,352,0.242652680244481,3.275,0.0492524192380516,0.363888888888889
1.5,554,353,0.241486106782125,3.258,0.0494760940645468,0.362
1.5,555,354,0.240385959440005,3.265,0.0483643889045867,0.362777777777778
1.5,556,355,0.239215781830342,3.226,0.0492275060037307,0.358444444444444
1.5,557,356,0.238421874035954,3.214,0.0491591356781283,0.357111111111111
1.5,558,357,0.237560382071564,3.285,0.0497418259541128,0.365
1.5,559,358,0.236520604168537,3.263,0.0498228192027843,0.362555555555556
1.5,560,359,0.235657335630859,3.194,0.0489158129520176,0.354888888888889
1.5,561,360,0.234833980783073,3.146,0.0491232846733308,0.349555555555556
1.5,562,361,0.233602272468747,3.31,0.0520058131808803,0.367777777777778
1.5,563,362,0.232860606784368,3.19,0.0491356725232728,0.354444444444444
1.5,564,363,0.231894073239834,3.169,0.049849011263253,0.352111111111111
1.5,565,364,0.231134980728697,3.137,0.0494234122018468,0.348555555555556
1.5,566,365,0.230211408822517,3.143,0.0472946909048765,0.349222222222222
1.5,567,366,0.22935596734734,3.189,0.048286753987099,0.354333333333333
1.5,568,367,0.228353478036848,3.193,0.0486221669109379,0.354777777777778
1.5,569,368,0.22739131853708,3.187,0.0496033415355408,0.354111111111111
1.5,570,369,0.226432057972235,3.194,0.0499084647615498,0.354888888888889
1.5,571,370,0.225756789723244,3.185,0.0504313227896943,0.353888888888889
1.5,572,371,0.224673858734002,3.175,0.0477562106500888,0.352777777777778
1.5,573,372,0.223828904559729,3.214,0.0492608427722328,0.357111111111111
1.5,574,373,0.222818560525672,3.168,0.0485606232881552,0.352
1.5,575,374,0.222012740950895,3.173,0.0504541040611822,0.352555555555556
1.5,576,375,0.220820718304559,3.184,0.0486467934247521,0.353777777777778
1.5,577,376,0.220119941344797,3.17,0.0476589065272314,0.352222222222222
1.5,578,377,0.219345138470742,3.186,0.0496978256453325,0.354
1.5,579,378,0.2186714414301,3.102,0.0494979398161788,0.344666666666667
1.5,580,379,0.218022923360171,3.18,0.0469233609388948,0.353333333333333
1.5,581,380,0.217081326524262,3.203,0.0486843009722966,0.355888888888889
1.5,582,381,0.216345585516138,3.165,0.0488893154499544,0.351666666666667
1.5,583,382,0.215091570739966,3.272,0.0507601476809573,0.363555555555556
1.5,584,383,0.214041211182266,3.214,0.0489141758245666,0.357111111111111
1.5,585,384,0.212831178443258,3.111,0.0502912339101776,0.345666666666667
1.5,586,385,0.211920590468358,3.161,0.0501157718746363,0.351222222222222
1.5,587,386,0.211213356047724,3.171,0.0490118471510834,0.352333333333333
1.5,588,387,0.210255620483508,3.157,0.049444876335125,0.350777777777778
1.5,589,388,0.209541136370253,3.12,0.0480615221347589,0.346666666666667
1.5,590,389,0.208734959676821,3.047,0.0500129212533352,0.338555555555556
1.5,591,390,0.2079293053509,3.159,0.0499420986064182,0.351
1.5,592,391,0.207007798295406,3.14,0.0496474054192652,0.348888888888889
1.5,593,392,0.206088500596407,3.206,0.0479986236038896,0.356222222222222
1.5,594,393,0.205048769178806,3.205,0.0485111155131308,0.356111111111111
1.5,595,394,0.204166442890328,3.098,0.0486905202967351,0.344222222222222
1.5,596,395,0.203437277664061,3.198,0.0512583985647564,0.355333333333333
1.5,597,396,0.202655944216797,3.245,0.0475314026116865,0.360555555555556
1.5,598,397,0.201824181311838,3.175,0.0484223060140646,0.352777777777778
1.5,599,398,0.201377069755731,3.106,0.0481776409248636,0.345111111111111
1.5,600,399,0.200273654591715,3.129,0.0476721263594526,0.347666666666667
1.5,601,400,0.199305948698699,3.236,0.0492008610160912,0.359555555555556
1.5,602,401,0.198582578857434,3.244,0.0503686509745994,0.360444444444444
1.5,603,402,0.197886524110703,3.18,0.0497199363643204,0.353333333333333
1.5,604,403,0.197175368322016,3.17,0.0508889937971826,0.352222222222222
1.5,605,404,0.196489764196648,3.144,0.0488021069795722,0.349333333333333
1.5,606,405,0.195686816171239,3.052,0.0483697801900694,0.339111111111111
1.5,607,406,0.194849583894568,3.111,0.0476754858596315,0.345666666666667
1.5,608,407,0.194357062227272,3.255,0.04850079718239,0.361666666666667
1.5,609,408,0.193549922719522,3.18,0.0485175633554897,0.353333333333333
1.5,610,409,0.192628389988281,3.129,0.0495056543216005,0.347666666666667
1.5,611,410,0.19182421177299,3.149,0.0488383474759761,0.349888888888889
1.5,612,411,0.191040284925171,3.211,0.0494664120987758,0.356777777777778
1.5,613,412,0.190588643771007,3.159,0.0486012456741705,0.351
1.5,614,413,0.19003425665147,3.13,0.0483056252773262,0.347777777777778
1.5,615,414,0.189135353970184,3.025,0.0479862238322383,0.336111111111111
1.5,616,415,0.18849962696684,3.08,0.0494575175887958,0.342222222222222
1.5,617,416,0.187575604629356,3.086,0.049588940935082,0.342888888888889
1.5,618,417,0.187108486241481,3.101,0.0495101025069659,0.344555555555556
1.5,619,418,0.186417368368315,3.12,0.0487439839977815,0.346666666666667
1.5,620,419,0.185693261944035,3.114,0.0483874502877072,0.346
1.5,621,420,0.184780274119496,3.117,0.0489664038776457,0.346333333333333
1.5,622,421,0.183969348125017,3.136,0.0497592200499564,0.348444444444444
1.5,623,422,0.183337487791607,3.074,0.050349369996645,0.341555555555556
1.5,624,423,0.182912645318271,3.108,0.0499482815603384,0.345333333333333
1.5,625,424,0.182136846618318,3.085,0.0479799653717785,0.342777777777778
1.5,626,425,0.181448174671514,2.939,0.049716704946635,0.326555555555556
1.5,627,426,0.180669308352478,3.101,0.0491448289671887,0.344555555555556
1.5,628,427,0.179938111360312,3.12,0.0486000201847897,0.346666666666667
1.5,629,428,0.179437714687331,3.08,0.0496595012667875,0.342222222222222
1.5,630,429,0.178494291094894,3.129,0.0488133356957065,0.347666666666667
1.5,631,430,0.177748639131053,3.095,0.0483146904089148,0.343888888888889
1.5,632,431,0.177077993654714,3.083,0.0496041487334635,0.342555555555556
1.5,633,432,0.176261922722981,3.185,0.0499125862510277,0.353888888888889
1.5,634,433,0.175686703162026,3.087,0.0478091697974009,0.343
1.5,635,434,0.174872982909481,3.099,0.049776266198628,0.344333333333333
1.5,636,435,0.174393008741491,2.992,0.0485416552281881,0.332444444444444
1.5,637,436,0.173620711408131,3.094,0.0492909078187205,0.343777777777778
1.5,638,437,0.172874059349843,3.137,0.0508410839362793,0.348555555555556
1.5,639,438,0.172134405260286,3.086,0.0487748191486444,0.342888888888889
1.5,640,439,0.171163717001759,3.1,0.0500650227854388,0.344444444444444
1.5,641,440,0.170505190388733,3.044,0.0495026717916771,0.338222222222222
1.5,642,441,0.169659566479012,3.079,0.0476763256976881,0.342111111111111
1.5,643,442,0.168893952317356,3.103,0.0501687941643797,0.344777777777778
1.5,644,443,0.16826078240703,3.075,0.0485564901195786,0.341666666666667
1.5,645,444,0.167104372303305,3.074,0.0488355291658532,0.341555555555556
1.5,646,445,0.166456141377323,3.143,0.0494873721266347,0.349222222222222
1.5,647,446,0.165433678892271,3.058,0.0499512875823149,0.339777777777778
1.5,648,447,0.164733890641843,3.018,0.0490109995621196,0.335333333333333
1.5,649,448,0.164064529615102,3.024,0.0501990432572566,0.336
1.5,650,449,0.163389006825402,3.112,0.0491922338980035,0.345777777777778
1.5,651,450,0.162669982915771,3.135,0.0472335262923066,0.348333333333333
1.5,652,451,0.162104521864719,3.1,0.0485629319374187,0.344444444444444
1.5,653,452,0.161467047896166,3.09,0.0483553330899317,0.343333333333333
1.5,654,453,0.160696844495624,3.032,0.0468953641117666,0.336888888888889
1.5,655,454,0.160227257804339,3.107,0.0478731954526002,0.345222222222222
1.5,656,455,0.159664704820985,3.089,0.049411744762966,0.343222222222222
1.5,657,456,0.15903962251836,3.202,0.0490265193502416,0.355777777777778
1.5,658,457,0.158234808375868,3.077,0.0491475989900468,0.341888888888889
1.5,659,458,0.157766331944921,3.086,0.0484039972207557,0.342888888888889
1.5,660,459,0.157248070568022,3.071,0.0495016101698662,0.341222222222222
1.5,661,460,0.156984102234456,3.123,0.0483136130423423,0.347
1.5,662,461,0.156405568700485,3.123,0.0479600997827481,0.347
1.5,663,462,0.155798006562148,3.036,0.0497109160564876,0.337333333333333
1.5,664,463,0.155135401722099,3.046,0.0499838212062902,0.338444444444444
1.5,665,464,0.154809288266428,3.028,0.0503363660761258,0.336444444444444
1.5,666,465,0.154185462506573,3.066,0.0480203076827913,0.340666666666667
1.5,667,466,0.153753557569418,3.051,0.0466537841506514,0.339
1.5,668,467,0.152870312621468,3.076,0.0491185976656158,0.341777777777778
1.5,669,468,0.152269011258245,3.109,0.0490053111460434,0.345444444444444
1.5,670,469,0.151907605016392,2.993,0.0480964059391579,0.332555555555556
1.5,671,470,0.151217777735475,3.038,0.0485892675075156,0.337555555555556
1.5,672,471,0.15038976701584,2.995,0.0505720528803463,0.332777777777778
1.5,673,472,0.149824860714005,3.031,0.0473738670923463,0.336777777777778
1.5,674,473,0.149156390607091,3.081,0.0479033791473392,0.342333333333333
1.5,675,474,0.148404317084363,3.046,0.0495008518546331,0.338444444444444
1.5,676,475,0.147810874816232,2.956,0.0485841993288395,0.328444444444444
1.5,677,476,0.147170174253572,3.065,0.0484884122871239,0.340555555555556
1.5,678,477,0.146599950477928,3.097,0.0486822448225321,0.344111111111111
1.5,679,478,0.145978163214777,3.106,0.0488174881282021,0.345111111111111
1.5,680,479,0.145443258766551,3.082,0.0495957229580914,0.342444444444444
1.5,681,480,0.14495687413904,3.017,0.0485496453959045,0.335222222222222
1.5,682,481,0.144334440090259,3,0.0498245168815763,0.333333333333333
1.5,683,482,0.144021573123364,3.011,0.0483447641034292,0.334555555555556
1.5,684,483,0.14346828510735,3.092,0.0476844818553145,0.343555555555556
1.5,685,484,0.14301687914619,3.077,0.0478890839791735,0.341888888888889
1.5,686,485,0.142592941669252,3.058,0.0484663283629468,0.339777777777778
1.5,687,486,0.141886795444007,3,0.04897344584975,0.333333333333333
1.5,688,487,0.141239267346271,3.028,0.0486578214019451,0.336444444444444
1.5,689,488,0.140459257505459,3.066,0.0486004733105141,0.340666666666667
1.5,690,489,0.13992227985349,3.008,0.0491767664080748,0.334222222222222
1.5,691,490,0.139327706576565,3.022,0.0485166968153219,0.335777777777778
1.5,692,491,0.139144636159055,2.976,0.048371104636588,0.330666666666667
1.5,693,492,0.138529350242548,3.026,0.0498779692029639,0.336222222222222
1.5,694,493,0.137548932021274,3.074,0.0491420282338747,0.341555555555556
1.5,695,494,0.137069281131319,3.005,0.048717023188495,0.333888888888889
1.5,696,495,0.136402208027421,2.951,0.0479468236476401,0.327888888888889
1.5,697,496,0.135674217997316,3.062,0.0508206526791889,0.340222222222222
1.5,698,497,0.135281332240158,3.006,0.0479819368748935,0.334
1.5,699,498,0.134618294100029,3.052,0.0482661954749452,0.339111111111111
1.5,700,499,0.133991447529551,3.005,0.0500147625854256,0.333888888888889
1.5,701,500,0.133705655742753,3.054,0.048346886367391,0.339333333333333
1.5,702,501,0.133307331300506,2.965,0.0488278522890282,0.329444444444444
1.5,703,502,0.132519898969258,2.935,0.0499927422159883,0.326111111111111
1.5,704,503,0.131784893675574,3.069,0.0502669450610018,0.341
1.5,705,504,0.131063402861048,3.015,0.0467863651501585,0.335
1.5,706,505,0.130544053963846,2.959,0.0490889878560226,0.328777777777778
1.5,707,506,0.130069734030027,2.995,0.0489834091746826,0.332777777777778
1.5,708,507,0.129609149491197,2.96,0.0475253475385363,0.328888888888889
1.5,709,508,0.129062644869274,3.092,0.0491930478417018,0.343555555555556
1.5,710,509,0.128522657719358,3.05,0.0491112198169819,0.338888888888889
1.5,711,510,0.127964978190061,3.063,0.0495326607854301,0.340333333333333
1.5,712,511,0.127254869218246,3.073,0.0467959491928613,0.341444444444444
1.5,713,512,0.12687743293867,3.01,0.0507392794043677,0.334444444444444
1.5,714,513,0.126295936459545,3.022,0.0473472043288488,0.335777777777778
1.5,715,514,0.126091846227408,2.943,0.0492765581101112,0.327
1.5,716,515,0.12565280026409,3.078,0.0503035430804478,0.342
1.5,717,516,0.12517629753456,3.028,0.0495143178047287,0.336444444444444
1.5,718,517,0.12502127767981,2.999,0.0485732267649408,0.333222222222222
1.5,719,518,0.124366970851276,2.955,0.0481174634648408,0.328333333333333
1.5,720,519,0.124152245936052,3.012,0.0498632363805475,0.334666666666667
1.5,721,520,0.123800200770604,2.979,0.0471676137172932,0.331
1.5,722,521,0.123179257306629,3.038,0.0477371431365015,0.337555555555556
1.5,723,522,0.122671045597549,3.042,0.0494437122461561,0.338
1.5,724,523,0.122143776585414,3.077,0.0478890839791735,0.341888888888889
1.5,725,524,0.121620162477918,3.058,0.0490208021052189,0.339777777777778
1.5,726,525,0.121151001629079,3.029,0.049077159326591,0.336555555555556
1.5,727,526,0.120550921469042,2.991,0.0477619116053808,0.332333333333333
1.5,728,527,0.119815421585395,3.037,0.0501013087767291,0.337444444444444
1.5,729,528,0.11939613337566,2.962,0.0482170185814187,0.329111111111111
1.5,730,529,0.118829889747594,3.017,0.049103178330146,0.335222222222222
1.5,731,530,0.11875932941386,2.969,0.0477945951266807,0.329888888888889
1.5,732,531,0.118195984734438,2.93,0.047616881117597,0.325555555555556
1.5,733,532,0.117815907483439,2.972,0.0480366893480757,0.330222222222222
1.5,734,533,0.117575780129745,2.94,0.0498887651569859,0.326666666666667
1.5,735,534,0.116941496309482,3.026,0.0478080496319356,0.336222222222222
1.5,736,535,0.116311228131595,2.961,0.0492128123652866,0.329
1.5,737,536,0.116361833288574,3.03,0.0481811313837836,0.336666666666667
1.5,738,537,0.11603231624971,2.965,0.0467756663550929,0.329444444444444
1.5,739,538,0.115705714138645,3.045,0.0476365851446579,0.338333333333333
1.5,740,539,0.115168203491378,2.961,0.0466439133720001,0.329
1.5,741,540,0.114493866149372,3.035,0.0488073473685792,0.337222222222222
1.5,742,541,0.113776937078198,3.025,0.0468248605717899,0.336111111111111
1.5,743,542,0.113343935098219,3.019,0.0500114001017781,0.335444444444444
1.5,744,543,0.112835526281516,2.98,0.0455376072458102,0.331111111111111
1.5,745,544,0.112380735175383,3.048,0.0482080908149251,0.338666666666667
1.5,746,545,0.112198688301799,2.918,0.0471115218974671,0.324222222222222
1.5,747,546,0.111783045568937,3.066,0.0495994365301068,0.340666666666667
1.5,748,547,0.111411405333072,2.938,0.0481505397111443,0.326444444444444
1.5,749,548,0.11121726497421,2.903,0.0463652967287037,0.322555555555556
1.5,750,549,0.110760101406719,2.977,0.0489169077504278,0.330777777777778
1.5,751,550,0.110137964756918,2.994,0.0484180576676544,0.332666666666667
1.5,752,551,0.109607321674072,2.986,0.0493582844134623,0.331777777777778
1.5,753,552,0.10887672879311,2.961,0.0499597335358685,0.329
1.5,754,553,0.108493894597316,2.914,0.0481344047529509,0.323777777777778
1.5,755,554,0.10790627973136,2.963,0.0480410130923458,0.329222222222222
1.5,756,555,0.10749096618997,2.973,0.0483798678337551,0.330333333333333
1.5,757,556,0.107115832588171,3.034,0.0490433405188641,0.337111111111111
1.5,758,557,0.106514612399768,3.028,0.0483689523925789,0.336444444444444
1.5,759,558,0.106292900545393,3.019,0.0486930180827807,0.335444444444444
1.5,760,559,0.105918686935125,2.987,0.0495306398533704,0.331888888888889
1.5,761,560,0.105206172281327,3.013,0.0490840120634025,0.334777777777778
1.5,762,561,0.104896362558985,2.989,0.0491660075285385,0.332111111111111
1.5,763,562,0.104348272457167,2.957,0.0477433810117218,0.328555555555556
1.5,764,563,0.104009731903281,2.946,0.0500558646872631,0.327333333333333
1.5,765,564,0.103366828876964,3,0.0501249689527337,0.333333333333333
1.5,766,565,0.102723401730968,2.935,0.0476974847350469,0.326111111111111
1.5,767,566,0.102518454258313,3,0.0502645653171946,0.333333333333333
1.5,768,567,0.10198377950157,2.942,0.0486518550828538,0.326888888888889
1.5,769,568,0.101820068642819,2.95,0.0481437204401344,0.327777777777778
1.5,770,569,0.1013522454968,2.978,0.0499801361944324,0.330888888888889
1.5,771,570,0.100899825292494,2.894,0.0498522742635604,0.321555555555556
1.5,772,571,0.100657380477019,2.96,0.0492018375756518,0.328888888888889
1.5,773,572,0.0998132417957354,2.956,0.047836725978607,0.328444444444444
1.5,774,573,0.0992011135167927,2.943,0.047243867146784,0.327
1.5,775,574,0.0987127869045978,2.98,0.0484556286508382,0.331111111111111
1.5,776,575,0.0980884374456585,3.049,0.0499909801674072,0.338777777777778
1.5,777,576,0.0975992064840291,2.964,0.0486936861931305,0.329333333333333
1.5,778,577,0.0974987037707129,2.917,0.0485846835069599,0.324111111111111
1.5,779,578,0.0971577638194787,3.005,0.0488196513543304,0.333888888888889
1.5,780,579,0.0968906315247164,2.937,0.0497343392889109,0.326333333333333
1.5,781,580,0.0967233005947336,2.95,0.0493957481969849,0.327777777777778
1.5,782,581,0.0963006829599325,2.986,0.0478758404218254,0.331777777777778
1.5,783,582,0.096033362114464,2.998,0.0492180700395537,0.333111111111111
1.5,784,583,0.0955188024486758,2.926,0.0468691873272912,0.325111111111111
1.5,785,584,0.0955691225954558,3.029,0.0485851779817626,0.336555555555556
1.5,786,585,0.0950201978705728,2.98,0.0480406901273066,0.331111111111111
1.5,787,586,0.0949988967305005,2.956,0.0485841993288396,0.328444444444444
1.5,788,587,0.0945090577328611,2.996,0.0480446905733848,0.332888888888889
1.5,789,588,0.0940139630514871,2.925,0.0490487592175457,0.325
1.5,790,589,0.0937585408249434,3.026,0.046102596992463,0.336222222222222
1.5,791,590,0.0933946442367954,2.877,0.0484997239499691,0.319666666666667
1.5,792,591,0.093077368808074,2.922,0.0479188085433291,0.324666666666667
1.5,793,592,0.092657048973204,3.025,0.0475040170052136,0.336111111111111
1.5,794,593,0.092359064671308,3.002,0.0473945381055902,0.333555555555556
1.5,795,594,0.092136889930134,3.03,0.0473005003920396,0.336666666666667
1.5,796,595,0.0915963353547182,2.977,0.047799118775933,0.330777777777778
1.5,797,596,0.0910727725377637,2.904,0.047948754760505,0.322666666666667
1.5,798,597,0.0906728174301143,2.905,0.0483146904089149,0.322777777777778
1.5,799,598,0.0903508113716914,2.937,0.0492285938703764,0.326333333333333
1.5,800,599,0.0897873560982197,2.839,0.047279110760613,0.315444444444444
1.5,801,600,0.0894670411647998,2.916,0.0488398334285583,0.324
1.5,802,601,0.0890064689939437,2.921,0.0476763256976881,0.324555555555556
1.5,803,602,0.0885411522745422,3.084,0.0475100115891503,0.342666666666667
1.5,804,603,0.0885383560968065,2.944,0.0489618347415746,0.327111111111111
1.5,805,604,0.0881654224578619,2.95,0.048866019767195,0.327777777777778
1.5,806,605,0.0878132135124812,2.957,0.0478690133848865,0.328555555555556
1.5,807,606,0.0872474211333396,2.897,0.0476934551659414,0.321888888888889
1.5,808,607,0.0871246490053822,2.878,0.047701062791005,0.319777777777778
1.5,809,608,0.0863595726156339,2.913,0.0453595468285177,0.323666666666667
1.5,810,609,0.0858706658919842,2.964,0.0486936861931305,0.329333333333333
1.5,811,610,0.0856432923621664,2.877,0.0496017271002867,0.319666666666667
1.5,812,611,0.0853162872251733,2.946,0.0486770320937242,0.327333333333333
1.5,813,612,0.0852808429995451,3.039,0.0481227056055122,0.337666666666667
1.5,814,613,0.085119505093538,2.927,0.0489905202163752,0.325222222222222
1.5,815,614,0.0845880975219528,2.871,0.0501684749207694,0.319
1.5,816,615,0.0843042519244244,2.868,0.0468056275117293,0.318666666666667
1.5,817,616,0.0839439368338458,2.996,0.0485833751847723,0.332888888888889
1.5,818,617,0.0835571765537356,2.95,0.0493552017110247,0.327777777777778
1.5,819,618,0.0830485343660537,2.991,0.047824744706127,0.332333333333333
1.5,820,619,0.082795085142009,2.944,0.0485306008536801,0.327111111111111
1.5,821,620,0.0822401509312587,2.928,0.0478864188377994,0.325333333333333
1.5,822,621,0.0820958694989879,2.936,0.0493187219657639,0.326222222222222
1.5,823,622,0.0818027833952161,2.802,0.0472972835692815,0.311333333333333
1.5,824,623,0.0813984926570171,2.894,0.0483849677596784,0.321555555555556
1.5,825,624,0.0808533413078077,2.952,0.0479165106408223,0.328
1.5,826,625,0.0806826010859977,2.896,0.0477856408083794,0.321777777777778
1.5,827,626,0.080203248474494,2.816,0.0469931096263308,0.312888888888889
1.5,828,627,0.0796744254322742,2.934,0.0491534338582774,0.326
1.5,829,628,0.0793003584570802,2.953,0.0486122839841347,0.328111111111111
1.5,830,629,0.0787670435135055,2.965,0.0490120105400419,0.329444444444444
1.5,831,630,0.0784764363765429,2.94,0.0497481142846125,0.326666666666667
1.5,832,631,0.0781991438595774,2.909,0.049144014224869,0.323222222222222
1.5,833,632,0.0780743452605407,2.838,0.0462157104445219,0.315333333333333
1.5,834,633,0.0777272994551257,2.932,0.0486388912470437,0.325777777777778
1.5,835,634,0.0775703644984516,2.908,0.0490912002903367,0.323111111111111
1.5,836,635,0.0773928988798335,2.762,0.0477035809099443,0.306888888888889
1.5,837,636,0.0770714642446489,2.831,0.0494660073776516,0.314555555555556
1.5,838,637,0.0769344770798022,2.881,0.0468084397307794,0.320111111111111
1.5,839,638,0.0767848379026619,3.028,0.0504952053740329,0.336444444444444
1.5,840,639,0.0760714242513735,2.941,0.0488457255540841,0.326777777777778
1.5,841,640,0.0760441874687055,2.925,0.0498383272076708,0.325
1.5,842,641,0.0757317599827893,2.943,0.0490933922352199,0.327
1.5,843,642,0.0755786933318177,2.916,0.047488937650775,0.324
1.5,844,643,0.0754076618572659,2.915,0.0479382214216701,0.323888888888889
1.5,845,644,0.0749743626386539,2.841,0.0482913144473314,0.315666666666667
1.5,846,645,0.0747247489925262,2.926,0.0489379088122788,0.325111111111111
1.5,847,646,0.0745033960935963,2.837,0.0489164984828621,0.315222222222222
1.5,848,647,0.0740566415314111,2.844,0.0478743768205494,0.316
1.5,849,648,0.0736337001123141,2.863,0.0465445743067587,0.318111111111111
1.5,850,649,0.0731879546667685,2.937,0.0483049103545837,0.326333333333333
1.5,851,650,0.0729023094196797,2.898,0.0481031174656063,0.322
1.5,852,651,0.0724852438913104,2.942,0.0494072573320669,0.326888888888889
1.5,853,652,0.072117221444097,2.857,0.0481546453612721,0.317444444444444
1.5,854,653,0.0716936195271288,2.919,0.047420329898554,0.324333333333333
1.5,855,654,0.0713344285021743,2.953,0.0497922711901182,0.328111111111111
1.5,856,655,0.0711668105765659,2.925,0.0485771009297049,0.325
1.5,857,656,0.070837432588081,2.939,0.0475767016778439,0.326555555555556
1.5,858,657,0.070706859820746,2.885,0.0503021401662526,0.320555555555556
1.5,859,658,0.0705410202758885,2.944,0.0475723357333558,0.327111111111111
1.5,860,659,0.0703616895143705,2.918,0.0495351363148397,0.324222222222222
1.5,861,660,0.069947717520817,2.916,0.0481379399357851,0.324
1.5,862,661,0.0695392867311144,2.959,0.0475350247562635,0.328777777777778
1.5,863,662,0.0693557507240195,2.924,0.0475445526268202,0.324888888888889
1.5,864,663,0.0689947540999762,2.896,0.0490059749988261,0.321777777777778
1.5,865,664,0.0688899442049289,2.818,0.0472557838693755,0.313111111111111
1.5,866,665,0.0687622300286754,2.836,0.0491275637246293,0.315111111111111
1.5,867,666,0.0682630382805884,2.864,0.0488865410301639,0.318222222222222
1.5,868,667,0.0680480121602693,2.926,0.0485889378859517,0.325111111111111
1.5,869,668,0.0678182561737699,2.911,0.0483054076932634,0.323444444444444
1.5,870,669,0.067765013987033,2.919,0.0487731259795579,0.324333333333333
1.5,871,670,0.0671682268659889,2.886,0.0468743128077756,0.320666666666667
1.5,872,671,0.066920457537257,2.98,0.0493764927676928,0.331111111111111
1.5,873,672,0.0665119062197024,2.88,0.0488260584522649,0.32
1.5,874,673,0.0663006681604938,2.902,0.0508820693858356,0.322444444444444
1.5,875,674,0.0664522470235642,2.922,0.0473091339400138,0.324666666666667
1.5,876,675,0.0659716950481678,2.958,0.049077944584555,0.328666666666667
1.5,877,676,0.0656598682162161,2.868,0.0481964614769475,0.318666666666667
1.5,878,677,0.0657071018975293,2.892,0.0488745815810707,0.321333333333333
1.5,879,678,0.0656499728545168,2.822,0.047985608453146,0.313555555555556
1.5,880,679,0.065403886785047,2.876,0.0477168827659656,0.319555555555556
1.5,881,680,0.0650765885728779,2.906,0.0475544469574133,0.322888888888889
1.5,882,681,0.0648872448102781,2.856,0.0471750939531599,0.317333333333333
1.5,883,682,0.0645201218927838,2.827,0.047130587650615,0.314111111111111
1.5,884,683,0.0642617524135418,2.886,0.0489632658367617,0.320666666666667
1.5,885,684,0.0642006994793039,2.856,0.0484521579665094,0.317333333333333
1.5,886,685,0.0639004659488188,2.978,0.0474105870430199,0.330888888888889
1.5,887,686,0.0637924457938448,2.988,0.049114847737403,0.332
1.5,888,687,0.0637061664276759,2.842,0.0477002233884842,0.315777777777778
1.5,889,688,0.0634128830677827,2.77,0.0479729236278279,0.307777777777778
1.5,890,689,0.0635382055109421,2.873,0.0467017350004479,0.319222222222222
1.5,891,690,0.0634751936736112,2.895,0.0489322937268361,0.321666666666667
1.5,892,691,0.0635808505734381,2.917,0.0493411141498196,0.324111111111111
1.5,893,692,0.0635651796503403,2.931,0.0483381378993397,0.325666666666667
1.5,894,693,0.0633678381485023,2.9,0.0471404520791031,0.322222222222222
1.5,895,694,0.063204154087857,2.874,0.0473747651009306,0.319333333333333
1.5,896,695,0.0631000916341389,2.962,0.0475480474553563,0.329111111111111
1.5,897,696,0.0629946732006707,2.87,0.0475958544976911,0.318888888888889
1.5,898,697,0.062861641500046,2.794,0.0469656232767091,0.310444444444444
1.5,899,698,0.0623019245967125,2.813,0.0472468333675737,0.312555555555556
1.5,900,699,0.0622842893992532,2.906,0.0482025672292202,0.322888888888889
1.5,901,700,0.0620943948666855,2.843,0.0471016939140152,0.315888888888889
1.5,902,701,0.0617833225549163,2.871,0.0472714881677485,0.319
1.5,903,702,0.0614908174407331,2.881,0.0496921352762012,0.320111111111111
1.5,904,703,0.0613142670407163,2.934,0.0491737944647559,0.326
1.5,905,704,0.060886342342684,2.952,0.0476441598306236,0.328
1.5,906,705,0.0604993059255559,2.871,0.04928273316069,0.319
1.5,907,706,0.0603505322950177,2.924,0.047502426048366,0.324888888888889
1.5,908,707,0.0600421104897932,2.953,0.0471063691023837,0.328111111111111
1.5,909,708,0.0599849746207807,2.918,0.0491700487460986,0.324222222222222
1.5,910,709,0.0595910299258141,2.927,0.0486625013643876,0.325222222222222
1.5,911,710,0.0592486978761052,2.799,0.0469553383951581,0.311
1.5,912,711,0.0590616494573738,2.779,0.0488932464615467,0.308777777777778
1.5,913,712,0.0583348060672665,2.808,0.0473854553780099,0.312
1.5,914,713,0.0581387074242241,2.859,0.0501161713484844,0.317666666666667
1.5,915,714,0.0580932946749812,2.825,0.0503876365184349,0.313888888888889
1.5,916,715,0.0578883444286598,2.843,0.0493435485730991,0.315888888888889
1.5,917,716,0.057759393952191,2.865,0.0493884016163128,0.318333333333333
1.5,918,717,0.0572830064629684,2.842,0.0476372260454498,0.315777777777778
1.5,919,718,0.0569974369998216,2.854,0.0471052322242752,0.317111111111111
1.5,920,719,0.056757087606055,2.82,0.0476011120234167,0.313333333333333
1.5,921,720,0.0566055333964047,2.912,0.0486685177976957,0.323555555555556
1.5,922,721,0.0565574926320266,2.949,0.04858765028029,0.327666666666667
1.5,923,722,0.0562314658137469,2.965,0.047770880848662,0.329444444444444
1.5,924,723,0.0563135912937081,2.855,0.0486450546442426,0.317222222222222
1.5,925,724,0.0560846655440561,2.782,0.04784103640981,0.309111111111111
1.5,926,725,0.0555927444771559,2.856,0.0504956811402102,0.317333333333333
1.5,927,726,0.0554607323294711,2.865,0.048073756729489,0.318333333333333
1.5,928,727,0.054720171401349,2.926,0.0488560222583757,0.325111111111111
1.5,929,728,0.0546709970494139,2.87,0.0491478943141569,0.318888888888889
1.5,930,729,0.0541262297911579,2.833,0.0495536735930501,0.314777777777778
1.5,931,730,0.0537822702715969,2.849,0.0487090502019036,0.316555555555556
1.5,932,731,0.0537115010021374,2.873,0.0484480981899003,0.319222222222222
1.5,933,732,0.0535096473445619,2.846,0.0477762133971138,0.316222222222222
1.5,934,733,0.0534353910091081,2.907,0.0490383090629741,0.323
1.5,935,734,0.0535820307256853,2.839,0.0483468346059638,0.315444444444444
1.5,936,735,0.0534391113299096,2.895,0.0482939676078421,0.321666666666667
1.5,937,736,0.0528745272764029,2.918,0.0489864846225538,0.324222222222222
1.5,938,737,0.0525839761491533,2.858,0.0480014597709291,0.317555555555556
1.5,939,738,0.0523468571469895,2.816,0.0473749763945945,0.312888888888889
1.5,940,739,0.052226691114713,2.838,0.0490322359286231,0.315333333333333
1.5,941,740,0.0519710121115973,2.836,0.0470459064884218,0.315111111111111
1.5,942,741,0.0515878419520813,2.93,0.0497953770904446,0.325555555555556
1.5,943,742,0.0513168222900887,2.913,0.0488243260559201,0.323666666666667
1.5,944,743,0.0511186199109157,2.805,0.0505720528803462,0.311666666666667
1.5,945,744,0.0507891341399029,2.848,0.0489212560068657,0.316444444444444
1.5,946,745,0.0508704759410561,2.877,0.0475197761898045,0.319666666666667
1.5,947,746,0.0506911598552112,2.875,0.0479966527861962,0.319444444444444
1.5,948,747,0.0504319541288862,2.762,0.0474300074383885,0.306888888888889
1.5,949,748,0.0495673006183371,2.915,0.0483540392636759,0.323888888888889
1.5,950,749,0.0495008193105299,2.876,0.0486723021131422,0.319555555555556
2,1,-200,0,3.285,0.051287478056592,0.365
2,2,-199,-0.000143961804469792,3.145,0.0507991688470939,0.349444444444444
2,3,-198,-0.000127999705424173,3.108,0.0509208103718798,0.345333333333333
2,4,-197,-2.89432117635392e-05,3.18,0.0498204986133427,0.353333333333333
2,5,-196,-0.000127551168572336,3.114,0.0513579754433684,0.346
2,6,-195,-0.00015538732522873,3.134,0.0514070684506199,0.348222222222222
2,7,-194,0.000117603376822879,3.157,0.051390582716992,0.350777777777778
2,8,-193,0.000255697119492849,3.158,0.0520359850847828,0.350888888888889
2,9,-192,4.48184462937703e-05,3.169,0.050189221531699,0.352111111111111
2,10,-191,8.35247922928792e-05,3.015,0.0504710047683055,0.335
2,11,-190,0.000194106311788988,3.039,0.0504581512248025,0.337666666666667
2,12,-189,0.000279508475813656,2.98,0.0484556286508382,0.331111111111111
2,13,-188,0.000231602058000764,3.061,0.0506936766160126,0.340111111111111
2,14,-187,-3.12901418127832e-05,3.017,0.0496505405426384,0.335222222222222
2,15,-186,-0.000134557103482963,3.105,0.0503439123381318,0.345
2,16,-185,-0.000437949340425852,3.134,0.0504637552168941,0.348222222222222
2,17,-184,-0.000503546227352956,3.164,0.0503352524344284,0.351555555555556
2,18,-183,-0.000481497261371377,3.234,0.0508116701735519,0.359333333333333
2,19,-182,-0.000652308100937496,3.23,0.0515340252236886,0.358888888888889
2,20,-181,-0.000828281182044555,3.034,0.0521302365385153,0.337111111111111
2,21,-180,-0.000875638326719059,3.069,0.0516227072508205,0.341
2,22,-179,-0.000961754019445798,3.067,0.0497291060042702,0.340777777777778
2,23,-178,-0.000697927635252271,3.011,0.05025340191872,0.334555555555556
2,24,-177,-0.000637727965390824,3.117,0.0511069752863827,0.346333333333333
2,25,-176,-0.00067117663974522,3.115,0.0505997562774303,0.346111111111111
2,26,-175,-0.000758904857844441,3.074,0.0514312081247288,0.341555555555556
2,27,-174,-0.000558360072475533,3.116,0.0519927614889542,0.346222222222222
2,28,-173,-0.000289975757507108,3.149,0.0525124419214777,0.349888888888889
2,29,-172,-0.000210479216640327,3.086,0.0499108715120772,0.342888888888889
2,30,-171,-0.000194085532965695,3.118,0.0518339923482918,0.346444444444444
2,31,-170,-2.85630177211636e-05,3.151,0.0514280453045209,0.350111111111111
2,32,-169,-4.004902852927e-05,3.188,0.0512374987804955,0.354222222222222
2,33,-168,-5.53190972845788e-05,3.171,0.0507378885383827,0.352333333333333
2,34,-167,-0.000278951126783331,3.051,0.0511763423665468,0.339
2,35,-166,-8.26912520430486e-05,2.98,0.0508545591484791,0.331111111111111
2,36,-165,-0.000158146181580856,3.098,0.0484225230728506,0.344222222222222
2,37,-164,6.65939454279785e-05,3.158,0.0487792518947903,0.350888888888889
2,38,-163,0.000161760518672538,3.104,0.0497962213793743,0.344888888888889
2,39,-162,0.000549219100362808,3.18,0.04935621577913,0.353333333333333
2,40,-161,0.000665920283612829,3.143,0.0511778288926972,0.349222222222222
2,41,-160,0.000703130831549241,3.105,0.0488503977605235,0.345
2,42,-159,0.00087699885460645,3.151,0.0500069965074859,0.350111111111111
2,43,-158,0.000862364064060535,2.997,0.0501348631643142,0.333
2,44,-157,0.000788889863387974,3.193,0.0505203256452618,0.354777777777778
2,45,-156,0.000625189208115174,3.176,0.0507306376620441,0.352888888888889
2,46,-155,0.000551864927547711,3.063,0.0497745769294778,0.340333333333333
2,47,-154,0.000845523754542726,3.101,0.0502924281411063,0.344555555555556
2,48,-153,0.00111594864112793,3.156,0.0515977356705343,0.350666666666667
2,49,-152,0.000731169197578622,3.133,0.0504366419863066,0.348111111111111
2,50,-151,0.000764214453314571,3.075,0.0505364119118971,0.341666666666667
2,51,-150,0.000529314303248985,3.141,0.0513201008646005,0.349
2,52,-149,0.000580854022093788,3.126,0.0493818039622141,0.347333333333333
2,53,-148,0.000595382749225274,3.169,0.050566747927823,0.352111111111111
2,54,-147,0.000661118319099508,3.184,0.0505044027258485,0.353777777777778
2,55,-146,0.000979406132191218,3.161,0.0524388103300297,0.351222222222222
2,56,-145,0.00131412153114548,3.116,0.0492236423577836,0.346222222222222
2,57,-144,0.00095270038269397,3.162,0.0512677714006021,0.351333333333333
2,58,-143,0.000744144171182154,3.059,0.0507946758932381,0.339888888888889
2,59,-142,0.000906678314103438,3.074,0.0522997061106394,0.341555555555556
2,60,-141,0.000850697560960738,3.154,0.0529630917629353,0.350444444444444
2,61,-140,0.000538478174745822,3.18,0.0514027454737803,0.353333333333333
2,62,-139,0.000702377353736652,3.152,0.0502933934570478,0.350222222222222
2,63,-138,0.000761510712438243,3.164,0.0519403677480414,0.351555555555556
2,64,-137,0.00102682582914098,3.227,0.0512063774650491,0.358555555555556
2,65,-136,0.00100227728665454,3.21,0.0524275561956559,0.356666666666667
2,66,-135,0.000897314701361985,3.123,0.0504818721861561,0.347
2,67,-134,0.000729376725756607,3.094,0.0525159206519502,0.343777777777778
2,68,-133,0.000638485217129529,3.135,0.0518021086294607,0.348333333333333
2,69,-132,0.000684428348205479,3.142,0.0509158956361215,0.349111111111111
2,70,-131,0.000652117390962614,3.183,0.0497995079392452,0.353666666666667
2,71,-130,0.000582855717336883,3.095,0.0507597434149497,0.343888888888889
2,72,-129,0.000782200746995736,3.128,0.0493766549500274,0.347555555555556
2,73,-128,0.0010673715666073,3.117,0.0502975232078165,0.346333333333333
2,74,-127,0.000877534309327242,3.167,0.0498758318085883,0.351888888888889
2,75,-126,0.00106130555078266,3.146,0.0512573049555993,0.349555555555556
2,76,-125,0.00103390930561184,3.127,0.0514734933778593,0.347444444444444
2,77,-124,0.00105465481418448,3.156,0.0504599862287953,0.350666666666667
2,78,-123,0.00105743925177325,3.196,0.0521757252590352,0.355111111111111
2,79,-122,0.00127254996328398,3.246,0.0501796971095084,0.360666666666667
2,80,-121,0.00129184819481646,3.172,0.0508035136284587,0.352444444444444
2,81,-120,0.00106518678206911,3.143,0.0502102785500348,0.349222222222222
2,82,-119,0.000722022321429571,3.162,0.0505599872657452,0.351333333333333
2,83,-118,0.000629223918058267,3.123,0.0493386796064233,0.347
2,84,-117,0.000449963407687626,3.137,0.0514672699866611,0.348555555555556
2,85,-116,0.000212624697091721,3.172,0.0522795289683174,0.352444444444444
2,86,-115,0.000268974475985903,3.077,0.0511437844384501,0.341888888888889
2,87,-114,0.000372554637153113,3.036,0.0523779290106762,0.337333333333333
2,88,-113,0.000644078579280983,3.078,0.0496021811655132,0.342
2,89,-112,0.000426459906686046,3.131,0.052178171312931,0.347888888888889
2,90,-111,0.000275197185780224,3.132,0.0516259744822433,0.348
2,91,-110,0.000219347279703774,3.202,0.0516513684607087,0.355777777777778
2,92,-109,0.000294939330930805,3.177,0.0524062726915149,0.353
2,93,-108,6.24924893462816e-05,3.182,0.0516870152702549,0.353555555555556
2,94,-107,-0.000240880927979784,3.189,0.0524025288037231,0.354333333333333
2,95,-106,-0.000434293523038184,3.139,0.0509143523112224,0.348777777777778
2,96,-105,-0.000631757888854229,3.082,0.051341132748625,0.342444444444444
2,97,-104,-0.000594083428447757,3.126,0.052620270741349,0.347333333333333
2,98,-103,-0.000656442856349181,3.108,0.0506448506849503,0.345333333333333
2,99,-102,-0.000531560107342922,3.112,0.0493344695916546,0.345777777777778
2,100,-101,-0.000229371714253939,3.074,0.0500302611129207,0.341555555555556
2,101,-100,-0.000365467042498449,3.076,0.0489961694893042,0.341777777777778
2,102,-99,-0.000539594900224185,3.165,0.0512093487304554,0.351666666666667
2,103,-98,-0.00057076982027284,3.115,0.0504809203890276,0.346111111111111
2,104,-97,-0.000668957757674382,3.072,0.0496112615973159,0.341333333333333
2,105,-96,-0.000500446905734618,3.137,0.0509590799350598,0.348555555555556
2,106,-95,-0.000565813990598078,3.193,0.0520236240323322,0.354777777777778
2,107,-94,-0.000571876062768119,3.171,0.0500426144726998,0.352333333333333
2,108,-93,-0.000615158556657402,3.123,0.0502234347032675,0.347
2,109,-92,-0.000525022977416791,3.133,0.0508320262717796,0.348111111111111
2,110,-91,-0.000586960728627061,3.172,0.0501490870398547,0.352444444444444
2,111,-90,-0.00081883854539957,3.123,0.0488083318015811,0.347
2,112,-89,-0.00100118818402589,3.161,0.0513392122525727,0.351222222222222
2,113,-88,-0.000907515531335078,3.136,0.0513238554488861,0.348444444444444
2,114,-87,-0.0011735779058807,3.091,0.0506288680722992,0.343444444444444
2,115,-86,-0.00126573957109081,3.111,0.050943834506977,0.345666666666667
2,116,-85,-0.00162650362467506,3.073,0.0495189168209798,0.341444444444444
2,117,-84,-0.00199296961321533,3.126,0.0505636300188254,0.347333333333333
2,118,-83,-0.00207492720968842,3.131,0.0506597019869385,0.347888888888889
2,119,-82,-0.00226856674240372,3.163,0.0521070642633624,0.351444444444444
2,120,-81,-0.00249357648097758,3.18,0.0514805812928549,0.353333333333333
2,121,-80,-0.00243851739376213,3.111,0.0523394537458925,0.345666666666667
2,122,-79,-0.0025051302954901,3.134,0.0513096158305312,0.348222222222222
2,123,-78,-0.00225919867456061,3.056,0.051686899070611,0.339555555555556
2,124,-77,-0.0019649260082342,3.064,0.0515806607612248,0.340444444444444
2,125,-76,-0.00209235990480476,3.157,0.05235543994746,0.350777777777778
2,126,-75,-0.00218326780907129,3.225,0.0522791364514384,0.358333333333333
2,127,-74,-0.00226492944611658,3.247,0.0515232534458535,0.360777777777778
2,128,-73,-0.00191230950001297,3.211,0.0512553031998259,0.356777777777778
2,129,-72,-0.00176044178529398,3.097,0.0508347831231251,0.344111111111111
2,130,-71,-0.00161865001330564,3.196,0.0508347142036638,0.355111111111111
2,131,-70,-0.0016609175926086,3.072,0.0509451804532229,0.341333333333333
2,132,-69,-0.00174676602675313,3.103,0.0512739701995078,0.344777777777778
2,133,-68,-0.00168653027362587,3.117,0.0503373106636106,0.346333333333333
2,134,-67,-0.00165053868682282,3.164,0.0484918081273059,0.351555555555556
2,135,-66,-0.00163760017554439,3.081,0.0517215053349583,0.342333333333333
2,136,-65,-0.00152709589665854,3.128,0.0488262224629349,0.347555555555556
2,137,-64,-0.00145322185307511,3.084,0.0503734203869608,0.342666666666667
2,138,-63,-0.00157691883359459,3.126,0.0504447090255129,0.347333333333333
2,139,-62,-0.00130810447450828,3.099,0.050096993010646,0.344333333333333
2,140,-61,-0.00109882834347254,3.115,0.0528068514831512,0.346111111111111
2,141,-60,-0.00121048803550713,3.052,0.0505752296470698,0.339111111111111
2,142,-59,-0.00138478343437031,3.035,0.0497216979521742,0.337222222222222
2,143,-58,-0.00121057546547415,3.132,0.049930642586182,0.348
2,144,-57,-0.00117480153455536,3.081,0.0510003925479015,0.342333333333333
2,145,-56,-0.00102769118220862,3.153,0.0504394204480495,0.350333333333333
2,146,-55,-0.000981706329885734,3.124,0.0486928639021673,0.347111111111111
2,147,-54,-0.000835167351764841,3.132,0.0499506863923916,0.348
2,148,-53,-0.000753858207207033,3.068,0.0504967912438596,0.340888888888889
2,149,-52,-0.000920047364011031,3.091,0.0511794718450507,0.343444444444444
2,150,-51,-0.00119162250310969,3.084,0.0524756867291672,0.342666666666667
2,151,-50,-0.00115085790828283,3.102,0.0509135363944423,0.344666666666667
2,152,-49,-0.0011309681908202,3.087,0.0529172111059455,0.343
2,153,-48,-0.00100858512413815,3.134,0.0499052555802949,0.348222222222222
2,154,-47,-0.00122603803426962,3.164,0.0521903039637422,0.351555555555556
2,155,-46,-0.00107914192296395,3.127,0.051531801118596,0.347444444444444
2,156,-45,-0.00114753675685734,3.154,0.0497871746814655,0.350444444444444
2,157,-44,-0.00107643353848951,3.115,0.0502822364588462,0.346111111111111
2,158,-43,-0.00106397084338159,3.083,0.0494019387428423,0.342555555555556
2,159,-42,-0.00101875453607957,3.123,0.050994818084502,0.347
2,160,-41,-0.000639633698141423,3.141,0.0508695066489417,0.349
2,161,-40,-0.000872879312119186,3.185,0.0510233121070986,0.353888888888889
2,162,-39,-0.000955340421716405,3.214,0.0515447462003731,0.357111111111111
2,163,-38,-0.000986739408054267,3.146,0.0506878018191089,0.349555555555556
2,164,-37,-0.00103763232633032,3.187,0.0501851526803452,0.354111111111111
2,165,-36,-0.00109645988707067,3.206,0.0510898637126208,0.356222222222222
2,166,-35,-0.000753921065130359,3.192,0.0534976447892616,0.354666666666667
2,167,-34,-0.000657968932901386,3.174,0.051811276845957,0.352666666666667
2,168,-33,-0.000487620819844717,3.149,0.0511998087928113,0.349888888888889
2,169,-32,-0.000614040005771236,3.187,0.0510160135019745,0.354111111111111
2,170,-31,-0.000609903580925412,3.182,0.0507686266650327,0.353555555555556
2,171,-30,-0.000479777514835608,3.137,0.0501671979260127,0.348555555555556
2,172,-29,-0.00034240166541568,3.054,0.050849480525072,0.339333333333333
2,173,-28,-0.000179237598506957,3.181,0.0519320318872267,0.353444444444444
2,174,-27,-6.88322715179251e-05,3.115,0.0508759605645278,0.346111111111111
2,175,-26,3.53489846940707e-05,3.113,0.050246947725765,0.345888888888889
2,176,-25,0.000107376478899558,3.191,0.0513727374991656,0.354555555555556
2,177,-24,6.08290234842751e-06,3.234,0.0496962142794973,0.359333333333333
2,178,-23,-0.000142428199785779,3.079,0.049529912297643,0.342111111111111
2,179,-22,-2.39983246673372e-05,3.06,0.0508427476144333,0.34
2,180,-21,-0.00034050775319761,3.088,0.0500275799810341,0.343111111111111
2,181,-20,-0.000311784586358173,3.051,0.050168873974965,0.339
2,182,-19,-0.000279143826757085,3.044,0.0507803371655076,0.338222222222222
2,183,-18,-0.000416029765663116,3.146,0.0506087467266801,0.349555555555556
2,184,-17,-0.000397539922315955,3.167,0.0492903696531131,0.351888888888889
2,185,-16,-0.000437797985604725,3.121,0.0504470405861821,0.346777777777778
2,186,-15,-0.000668065644707895,3.123,0.05028319201681,0.347
2,187,-14,-0.000691094894763943,3.125,0.0518851333916284,0.347222222222222
2,188,-13,-0.000448043544144467,3.128,0.0520992354102278,0.347555555555556
2,189,-12,-0.000920429767275402,3.108,0.0507633028172215,0.345333333333333
2,190,-11,-0.000717404571666586,3.189,0.0506541690766402,0.354333333333333
2,191,-10,-0.000779826218400667,3.187,0.0508784789436519,0.354111111111111
2,192,-9,-0.000767916028808458,3.09,0.0506998074007237,0.343333333333333
2,193,-8,-0.000919690618762299,3.129,0.0513711786705152,0.347666666666667
2,194,-7,-0.00138169076927428,3.098,0.0488751960076355,0.344222222222222
2,195,-6,-0.00178939564991355,3.091,0.0493269921255305,0.343444444444444
2,196,-5,-0.00143054180109853,3.141,0.0500162035806461,0.349
2,197,-4,-0.00138554464142056,3.156,0.0514617558222833,0.350666666666667
2,198,-3,-0.00127791933769879,3.157,0.0505658769122806,0.350777777777778
2,199,-2,-0.00124137941566443,3.121,0.0517594246300908,0.346777777777778
2,200,-1,-0.00107541678232574,3.144,0.0500976423973598,0.349333333333333
2,201,0,0.998860695737875,4.849,0.05243041052622,0.538777777777778
2,202,1,0.994860164934508,5.163,0.0483608288780269,0.573666666666667
2,203,2,0.991021800703612,5.301,0.0471234508458329,0.589
2,204,3,0.987141091030436,5.276,0.04851987405361,0.586222222222222
2,205,4,0.983200321633104,5.292,0.0520138581672369,0.588
2,206,5,0.979434342842438,5.286,0.0487501854414994,0.587333333333333
2,207,6,0.975617960389242,5.16,0.0499689593337393,0.573333333333333
2,208,7,0.971816207797174,5.223,0.0494744248952802,0.580333333333333
2,209,8,0.968325949535082,5.185,0.0479486608162741,0.576111111111111
2,210,9,0.964223622256958,5.138,0.0489014043494391,0.570888888888889
2,211,10,0.960604024214321,5.172,0.0494252856224307,0.574666666666667
2,212,11,0.95658874908254,5.19,0.0472030521060675,0.576666666666667
2,213,12,0.95310076512391,5.231,0.0497001922441866,0.581222222222222
2,214,13,0.949175819624325,5.152,0.0502933934570478,0.572444444444444
2,215,14,0.945576134552712,5.185,0.0487765738254972,0.576111111111111
2,216,15,0.941956793798111,5.209,0.0489255834171932,0.578777777777778
2,217,16,0.938116362630375,5.146,0.0502912836703659,0.571777777777778
2,218,17,0.934069072641804,5.086,0.0481967522445954,0.565111111111111
2,219,18,0.930519396264463,5.122,0.0491887744870265,0.569111111111111
2,220,19,0.927054647289686,5.237,0.0481575554835391,0.581888888888889
2,221,20,0.923196749957604,5.238,0.0501584675989194,0.582
2,222,21,0.919384588743886,5.104,0.0485957358782181,0.567111111111111
2,223,22,0.915845738516428,5.054,0.0495534008877246,0.561555555555556
2,224,23,0.912102350343649,4.996,0.0520835549544836,0.555111111111111
2,225,24,0.90827612089601,5.097,0.049518108233686,0.566333333333333
2,226,25,0.904308916814216,5.117,0.0499981080723143,0.568555555555556
2,227,26,0.900374310176369,5.067,0.049101139721211,0.563
2,228,27,0.896992822749151,5.065,0.0483229770410526,0.562777777777778
2,229,28,0.893710146649465,5.058,0.0485076178449218,0.562
2,230,29,0.890131064387375,5.053,0.0506631795069928,0.561444444444444
2,231,30,0.88628880993476,5.033,0.0505615216094953,0.559222222222222
2,232,31,0.883059253479825,5.01,0.0509754695760472,0.556666666666667
2,233,32,0.879483873054116,5.059,0.0490093962513406,0.562111111111111
2,234,33,0.875799622846214,5.051,0.051837111089316,0.561222222222222
2,235,34,0.871863432575538,4.97,0.0499759702016639,0.552222222222222
2,236,35,0.868197136361175,5.044,0.0512121732275313,0.560444444444444
2,237,36,0.86468364082698,5.063,0.049106439928409,0.562555555555556
2,238,37,0.861101665565368,5.004,0.0534868660966863,0.556
2,239,38,0.857509288802337,4.987,0.0502130695372465,0.554111111111111
2,240,39,0.8542533511222,5.039,0.0507153926441575,0.559888888888889
2,241,40,0.850977218778211,5.015,0.0499727152781621,0.557222222222222
2,242,41,0.847553720362929,5.003,0.0490856435263958,0.555888888888889
2,243,42,0.844213679086688,4.979,0.0489178081270201,0.553222222222222
2,244,43,0.840730624724198,5.005,0.0508877643895325,0.556111111111111
2,245,44,0.837352822420696,4.997,0.0502146643174333,0.555222222222222
2,246,45,0.833567257886913,4.916,0.0499343312505277,0.546222222222222
2,247,46,0.830372051547924,4.854,0.0504502649074237,0.539333333333333
2,248,47,0.826935486826492,4.938,0.0499464778603122,0.548666666666667
2,249,48,0.823473040978999,4.867,0.0488640839338947,0.540777777777778
2,250,49,0.820462384074999,4.857,0.0508048435892893,0.539666666666667
2,251,50,0.817162884422747,4.88,0.0511293869923571,0.542222222222222
2,252,51,0.813924395856948,4.939,0.0497770705923598,0.548777777777778
2,253,52,0.81108756039461,4.93,0.0518438789809152,0.547777777777778
2,254,53,0.808056230672641,4.989,0.049571527476328,0.554333333333333
2,255,54,0.804806514320243,4.888,0.0497184867823623,0.543111111111111
2,256,55,0.801461878192228,4.921,0.0499725550302989,0.546777777777778
2,257,56,0.798501755238581,4.932,0.0514005643745091,0.548
2,258,57,0.795425812347026,4.848,0.0521307357862289,0.538666666666667
2,259,58,0.79265937963737,4.803,0.0483790402088704,0.533666666666667
2,260,59,0.789619573172839,4.871,0.0506055325030763,0.541222222222222
2,261,60,0.786239250485286,4.857,0.0517806163755537,0.539666666666667
2,262,61,0.782610081342535,4.827,0.0493508511224122,0.536333333333333
2,263,62,0.77976770705614,4.921,0.0501325470355563,0.546777777777778
2,264,63,0.776414563097945,4.844,0.0507763945376416,0.538222222222222
2,265,64,0.773317782199506,4.777,0.0513995419523649,0.530777777777778
2,266,65,0.76988111083927,4.836,0.0506326739138637,0.537333333333333
2,267,66,0.766768014410134,4.825,0.0496068123934187,0.536111111111111
2,268,67,0.763752901174598,4.753,0.051133214309347,0.528111111111111
2,269,68,0.761054099860194,4.82,0.0513247916141336,0.535555555555556
2,270,69,0.758116581532795,4.816,0.0492602331558689,0.535111111111111
2,271,70,0.754859173236968,4.793,0.0524299523163991,0.532555555555556
2,272,71,0.751962767269614,4.802,0.0496110598279986,0.533555555555556
2,273,72,0.748721929737236,4.8,0.0500650227854388,0.533333333333333
2,274,73,0.745777178032732,4.896,0.0496553083733213,0.544
2,275,74,0.74290799817799,4.809,0.0511970715973107,0.534333333333333
2,276,75,0.739886565794386,4.748,0.0502296627404467,0.527555555555556
2,277,76,0.737158226475283,4.736,0.0513511532581396,0.526222222222222
2,278,77,0.734246983066705,4.807,0.0501424497333872,0.534111111111111
2,279,78,0.731515082610603,4.735,0.0499927422159884,0.526111111111111
2,280,79,0.728158924288825,4.678,0.0490379518405969,0.519777777777778
2,281,80,0.725300137991798,4.73,0.0501758668845654,0.525555555555556
2,282,81,0.722356422185458,4.672,0.0509608969015754,0.519111111111111
2,283,82,0.719639027552037,4.6,0.0508584957169065,0.511111111111111
2,284,83,0.716567212029899,4.701,0.0507954641595014,0.522333333333333
2,285,84,0.713675180847392,4.775,0.0512347538297981,0.530555555555556
2,286,85,0.710554246217539,4.665,0.0509840600028515,0.518333333333333
2,287,86,0.707363141258086,4.705,0.0490548813206328,0.522777777777778
2,288,87,0.704809008562482,4.68,0.0501209747721661,0.52
2,289,88,0.701942522545009,4.709,0.0515264395623642,0.523222222222222
2,290,89,0.699166331090455,4.708,0.0510621517696163,0.523111111111111
2,291,90,0.696514691156112,4.623,0.0513566792979113,0.513666666666667
2,292,91,0.694180881798041,4.691,0.0491114134487179,0.521222222222222
2,293,92,0.691318699839981,4.663,0.0522126149235717,0.518111111111111
2,294,93,0.688434084931444,4.64,0.050188832611637,0.515555555555556
2,295,94,0.685633441712774,4.602,0.0505781984075564,0.511333333333333
2,296,95,0.682879677280141,4.617,0.0519134472560434,0.513
2,297,96,0.680342849137387,4.627,0.050955544030728,0.514111111111111
2,298,97,0.677381530106724,4.645,0.0522082436086554,0.516111111111111
2,299,98,0.674672218689103,4.533,0.0502736356198599,0.503666666666667
2,300,99,0.671983817436677,4.542,0.0529248243930675,0.504666666666667
2,301,100,0.669388996933557,4.562,0.0512130723427014,0.506888888888889
2,302,101,0.666831000515744,4.564,0.0527321977987327,0.507111111111111
2,303,102,0.664150871373556,4.616,0.0512364047252457,0.512888888888889
2,304,103,0.661539072853972,4.559,0.0482373905372777,0.506555555555556
2,305,104,0.658658823548525,4.496,0.0517364538856372,0.499555555555556
2,306,105,0.655930402544509,4.627,0.0510928711414956,0.514111111111111
2,307,106,0.653174122901574,4.536,0.0500520649844661,0.504
2,308,107,0.65044511160778,4.617,0.0510775872562508,0.513
2,309,108,0.64774398155978,4.533,0.0507295228095484,0.503666666666667
2,310,109,0.645268549486347,4.479,0.0522521701873643,0.497666666666667
2,311,110,0.642906390133237,4.524,0.0529549641509483,0.502666666666667
2,312,111,0.640690200192647,4.586,0.0518390903787026,0.509555555555556
2,313,112,0.638179164021097,4.569,0.050614235159694,0.507666666666667
2,314,113,0.635519227136241,4.552,0.0526884434394495,0.505777777777778
2,315,114,0.63304610838716,4.461,0.051450229602268,0.495666666666667
2,316,115,0.6303183438836,4.514,0.0515020043926104,0.501555555555556
2,317,116,0.627733335175596,4.532,0.0511036944612381,0.503555555555556
2,318,117,0.625206115482111,4.496,0.0505226339033956,0.499555555555556
2,319,118,0.622874278948986,4.523,0.0506363015536782,0.502555555555556
2,320,119,0.620539294510015,4.523,0.0520594005073164,0.502555555555556
2,321,120,0.617969632130301,4.479,0.0505580370971334,0.497666666666667
2,322,121,0.615145975097165,4.488,0.0523698252679784,0.498666666666667
2,323,122,0.612736407809612,4.56,0.050901777876524,0.506666666666667
2,324,123,0.610509558816787,4.516,0.0527116924649792,0.501777777777778
2,325,124,0.608169755757472,4.492,0.051328068058038,0.499111111111111
2,326,125,0.605864956206,4.403,0.0514902150145272,0.489222222222222
2,327,126,0.60333220507744,4.361,0.050648240287736,0.484555555555556
2,328,127,0.600797299217045,4.539,0.0501497157917566,0.504333333333333
2,329,128,0.598481766982795,4.555,0.0509860233257563,0.506111111111111
2,330,129,0.596226609823543,4.475,0.0525750809713038,0.497222222222222
2,331,130,0.594033022397767,4.436,0.0517356799566854,0.492888888888889
2,332,131,0.59185932212606,4.359,0.0512908349488458,0.484333333333333
2,333,132,0.589569219419472,4.463,0.049265180990818,0.495888888888889
2,334,133,0.586910141118603,4.51,0.0515029373196572,0.501111111111111
2,335,134,0.584622596113063,4.484,0.0530901362077984,0.498222222222222
2,336,135,0.58240264689656,4.358,0.0517543671057286,0.484222222222222
2,337,136,0.579973365781508,4.347,0.0518389648650348,0.483
2,338,137,0.577637115373157,4.398,0.0528809265462736,0.488666666666667
2,339,138,0.57512985003809,4.375,0.0504670379745228,0.486111111111111
2,340,139,0.572785799734659,4.392,0.0513904366295614,0.488
2,341,140,0.570211990133185,4.423,0.049462283787928,0.491444444444444
2,342,141,0.567695212437323,4.418,0.0525360451122468,0.490888888888889
2,343,142,0.565640554799971,4.382,0.0512904153493291,0.486888888888889
2,344,143,0.56326868566365,4.356,0.0511652409540099,0.484
2,345,144,0.561103972854182,4.396,0.0499968367367745,0.488444444444444
2,346,145,0.558994124408986,4.341,0.0508458877816517,0.482333333333333
2,347,146,0.556793462410144,4.331,0.0515567366800605,0.481222222222222
2,348,147,0.554302045006291,4.396,0.0525732626717036,0.488444444444444
2,349,148,0.552010420993218,4.346,0.0498474549878805,0.482888888888889
2,350,149,0.549654666814417,4.292,0.0502918011734046,0.476888888888889
2,351,150,0.547457330558634,4.369,0.0518027269795955,0.485444444444444
2,352,151,0.545253041534972,4.341,0.0514331057234966,0.482333333333333
2,353,152,0.542892648123219,4.34,0.0510980529082176,0.482222222222222
2,354,153,0.540910795584779,4.287,0.0528149639820045,0.476333333333333
2,355,154,0.5387350059905,4.375,0.0515075531162957,0.486111111111111
2,356,155,0.537043520242509,4.199,0.0512447560734269,0.466555555555556
2,357,156,0.535004263563262,4.369,0.0519378141293656,0.485444444444444
2,358,157,0.533003741437846,4.427,0.0518976335141052,0.491888888888889
2,359,158,0.530555801594476,4.361,0.0508258031147788,0.484555555555556
2,360,159,0.528686222970093,4.203,0.0502425647764455,0.467
2,361,160,0.526470459508313,4.172,0.0508035136284587,0.463555555555556
2,362,161,0.524427033912586,4.333,0.0527910778247415,0.481444444444444
2,363,162,0.522350981141901,4.278,0.0531746513250772,0.475333333333333
2,364,163,0.520285156463076,4.285,0.0509742422540382,0.476111111111111
2,365,164,0.518188407876954,4.316,0.0512910789004753,0.479555555555556
2,366,165,0.51635499097429,4.273,0.0512356916230873,0.474777777777778
2,367,166,0.514186821130848,4.31,0.0537288264043316,0.478888888888889
2,368,167,0.512288184534677,4.219,0.0515140048209486,0.468777777777778
2,369,168,0.510136662966793,4.281,0.0529607764656433,0.475666666666667
2,370,169,0.508063653113611,4.325,0.0502981600548658,0.480555555555556
2,371,170,0.50613189450718,4.281,0.052885119228719,0.475666666666667
2,372,171,0.504067791007238,4.234,0.0507130734211191,0.470444444444444
2,373,172,0.501891465893092,4.252,0.0517800847544419,0.472444444444444
2,374,173,0.499783285533041,4.338,0.0513653034099322,0.482
2,375,174,0.497999459861589,4.251,0.0528089745004368,0.472333333333333
2,376,175,0.496058538060384,4.32,0.052329134698926,0.48
2,377,176,0.493921921082835,4.283,0.0527417547365717,0.475888888888889
2,378,177,0.49188853789648,4.248,0.0518766535850876,0.472
2,379,178,0.489964370581438,4.261,0.0539053316916311,0.473444444444444
2,380,179,0.48817839209014,4.186,0.0512057225906052,0.465111111111111
2,381,180,0.486290585936882,4.177,0.0518107648597794,0.464111111111111
2,382,181,0.484212805488879,4.196,0.0516163564022903,0.466222222222222
2,383,182,0.482096785326647,4.229,0.052165891924516,0.469888888888889
2,384,183,0.480392745339851,4.172,0.0524706505502758,0.463555555555556
2,385,184,0.478398197012337,4.144,0.0510281086056287,0.460444444444444
2,386,185,0.476578736305371,4.267,0.053127521432244,0.474111111111111
2,387,186,0.474508072740737,4.206,0.0489485440024517,0.467333333333333
2,388,187,0.472661200424763,4.163,0.0522030282278356,0.462555555555556
2,389,188,0.470769745801977,4.155,0.0504531517402089,0.461666666666667
2,390,189,0.468801366325191,4.163,0.0527182151652562,0.462555555555556
2,391,190,0.466817452468904,4.127,0.0543859249147133,0.458555555555556
2,392,191,0.465149286376728,4.078,0.0533175276879825,0.453111111111111
2,393,192,0.463315532016501,4.133,0.0518072870839132,0.459222222222222
2,394,193,0.461680983743937,4.12,0.0523864900937669,0.457777777777778
2,395,194,0.459949333122192,4.039,0.0524235369583859,0.448777777777778
2,396,195,0.458478055714318,4.159,0.0509933262233335,0.462111111111111
2,397,196,0.456673095659434,4.127,0.0508670665407242,0.458555555555556
2,398,197,0.455292475576279,4.141,0.052362781255973,0.460111111111111
2,399,198,0.453489837729075,4.17,0.052970802390618,0.463333333333333
2,400,199,0.451443252574005,4.141,0.0514369980147051,0.460111111111111
2,401,200,0.449928226088831,4.107,0.0521754087025036,0.456333333333333
2,402,201,0.448078545300269,4.145,0.0517557113143434,0.460555555555556
2,403,202,0.446765576687728,4.11,0.0508378253319757,0.456666666666667
2,404,203,0.445068096234012,4.118,0.053262678424136,0.457555555555556
2,405,204,0.443663095257061,4.144,0.0525359307904979,0.460444444444444
2,406,205,0.441568174701955,4.172,0.0521069201846657,0.463555555555555
2,407,206,0.43976318773806,4.086,0.0529850111957277,0.454
2,408,207,0.437773632327342,4.069,0.0536387557286346,0.452111111111111
2,409,208,0.435793326508422,4.023,0.0508040554685554,0.447
2,410,209,0.433881858425638,4.125,0.0519237043273212,0.458333333333333
2,411,210,0.432404901181333,4.031,0.0522376087485613,0.447888888888889
2,412,211,0.430651354068817,4.039,0.0524235369583858,0.448777777777778
2,413,212,0.42900615659594,4.081,0.0527562529205992,0.453444444444444
2,414,213,0.427311334378,4.111,0.0541073618522156,0.456777777777778
2,415,214,0.425561475604511,4.082,0.0513216319879827,0.453555555555556
2,416,215,0.423830607586661,3.968,0.0512210854980602,0.440888888888889
2,417,216,0.422115487982133,3.966,0.0527221359926134,0.440666666666667
2,418,217,0.420532455439866,4.018,0.0517334741956537,0.446444444444444
2,419,218,0.418726805566946,4.121,0.0534903750241128,0.457888888888889
2,420,219,0.416967920037382,4.129,0.0533216860405051,0.458777777777778
2,421,220,0.415450192082643,4.057,0.0513067576775551,0.450777777777778
2,422,221,0.414050893065636,4.136,0.0514212810823317,0.459555555555556
2,423,222,0.412908055031895,4.002,0.0517172183191504,0.444666666666667
2,424,223,0.411082551300962,4.002,0.0518139043180561,0.444666666666667
2,425,224,0.409351961759225,3.936,0.0512887369169345,0.437333333333333
2,426,225,0.407671679759888,4.041,0.0519038824464319,0.449
2,427,226,0.405789177030399,4.048,0.0526161996391275,0.449777777777778
2,428,227,0.404168220779203,4.01,0.0526941806718417,0.445555555555556
2,429,228,0.402369102249783,4.038,0.0527573628922005,0.448666666666667
2,430,229,0.400719313097094,4.014,0.0519471125521188,0.446
2,431,230,0.399343120981754,3.98,0.0545029409350591,0.442222222222222
2,432,231,0.397879272526722,4.024,0.0552492215010896,0.447111111111111
2,433,232,0.396595627913256,4.043,0.0521139795723458,0.449222222222222
2,434,233,0.394737241540763,3.945,0.0532993040837853,0.438333333333333
2,435,234,0.393030321526745,4.065,0.0521487727036263,0.451666666666667
2,436,235,0.391091937625244,4.013,0.0519184603635983,0.445888888888889
2,437,236,0.389634328958489,4.068,0.053143204647445,0.452
2,438,237,0.388143232012357,3.954,0.0504820010739712,0.439333333333333
2,439,238,0.38673219702432,3.92,0.0527103251591032,0.435555555555556
2,440,239,0.385162653568781,3.918,0.0524215988312455,0.435333333333333
2,441,240,0.383587650790621,3.999,0.052628592692269,0.444333333333333
2,442,241,0.382159092503559,4.002,0.0523520461561602,0.444666666666667
2,443,242,0.38081314385862,3.961,0.0517702536130466,0.440111111111111
2,444,243,0.379315270732419,3.897,0.0507046542435895,0.433
2,445,244,0.377583329589971,4.005,0.0523422841946616,0.445
2,446,245,0.376061545819287,3.93,0.0518245673960312,0.436666666666667
2,447,246,0.374506330775402,3.987,0.0510630829311984,0.443
2,448,247,0.372996136930129,3.884,0.0521081496434031,0.431555555555556
2,449,248,0.371596562991102,3.931,0.0526784017792304,0.436777777777778
2,450,249,0.370208719990833,4.008,0.0530164761819073,0.445333333333333
2,451,250,0.368629156699364,4,0.051152874959445,0.444444444444444
2,452,251,0.367305515532025,3.976,0.0500592641768724,0.441777777777778
2,453,252,0.365734879639382,3.884,0.051780548714988,0.431555555555556
2,454,253,0.364528722834692,3.94,0.0520298674523308,0.437777777777778
2,455,254,0.362804415862627,4.003,0.0527235314709739,0.444777777777778
2,456,255,0.361481254165697,3.91,0.0515029373196574,0.434444444444444
2,457,256,0.359847343681405,3.848,0.0525705208235533,0.427555555555556
2,458,257,0.358334047167398,3.984,0.0535220385318852,0.442666666666667
2,459,258,0.356790077547496,3.904,0.0538115199532557,0.433777777777778
2,460,259,0.355456335735972,3.998,0.0522371967540824,0.444222222222222
2,461,260,0.354085353943009,4.032,0.0517847241728451,0.448
2,462,261,0.352356010657883,3.946,0.0525913476709796,0.438444444444444
2,463,262,0.351038531133216,3.879,0.0517013735990837,0.431
2,464,263,0.349585149011344,3.977,0.0507843484751951,0.441888888888889
2,465,264,0.348188585443859,3.928,0.0510040921634475,0.436444444444444
2,466,265,0.346685736782047,3.833,0.0528952635772703,0.425888888888889
2,467,266,0.34543549303558,3.853,0.0513422538171731,0.428111111111111
2,468,267,0.344120961966009,3.875,0.0523652281300971,0.430555555555556
2,469,268,0.34298148784118,3.847,0.0504592621541092,0.427444444444444
2,470,269,0.341529743516105,3.97,0.0530840646325987,0.441111111111111
2,471,270,0.340241702107829,3.864,0.0523664610819393,0.429333333333333
2,472,271,0.338834043145841,3.84,0.0538637289955058,0.426666666666667
2,473,272,0.337411642149971,3.878,0.0524200711928539,0.430888888888889
2,474,273,0.33622161620601,3.794,0.0530884392535925,0.421555555555556
2,475,274,0.334834157032975,3.901,0.0541121717095805,0.433444444444444
2,476,275,0.333301086194448,3.926,0.0519733126250888,0.436222222222222
2,477,276,0.331999126927618,3.912,0.0525453805487887,0.434666666666667
2,478,277,0.330446791959684,3.853,0.0517307168621031,0.428111111111111
2,479,278,0.329053530584372,3.904,0.0542007538851784,0.433777777777778
2,480,279,0.327641312949888,3.982,0.0543012396232779,0.442444444444444
2,481,280,0.326227251815862,3.812,0.0517622964650462,0.423555555555556
2,482,281,0.324879168044552,3.934,0.0528056098575939,0.437111111111111
2,483,282,0.323417469320991,3.852,0.0522189891018853,0.428
2,484,283,0.322410983895245,3.851,0.0523788367811137,0.427888888888889
2,485,284,0.321032347664426,3.829,0.0541173510778908,0.425444444444444
2,486,285,0.319430165411587,3.78,0.0514611333750847,0.42
2,487,286,0.318065307512356,3.869,0.0514634577879052,0.429888888888889
2,488,287,0.316675704539677,3.886,0.0512408980174003,0.431777777777778
2,489,288,0.315534436460395,3.807,0.0521005322954138,0.423
2,490,289,0.314356916360538,3.773,0.0532193884153445,0.419222222222222
2,491,290,0.313400387337687,3.728,0.0519491550914422,0.414222222222222
2,492,291,0.312206222531766,3.78,0.0515971148637427,0.42
2,493,292,0.310784734763092,3.776,0.0530154188386232,0.419555555555556
2,494,293,0.309209366565472,3.764,0.0530765590550209,0.418222222222222
2,495,294,0.307937583812563,3.836,0.0527625614227348,0.426222222222222
2,496,295,0.306823352529587,3.791,0.0513610451310813,0.421222222222222
2,497,296,0.3057191639706,3.815,0.0526264623981563,0.423888888888889
2,498,297,0.304499284260411,3.825,0.0533030601018009,0.425
2,499,298,0.303134214341557,3.764,0.0530576961346713,0.418222222222222
2,500,299,0.301920707499357,3.739,0.0528362628378528,0.415444444444444
2,501,300,0.300880615625834,3.739,0.050053814883427,0.415444444444444
2,502,301,0.299434173160127,3.839,0.0521324927161247,0.426555555555556
2,503,302,0.298231883556794,3.839,0.0523432786403261,0.426555555555556
2,504,303,0.296921704029764,3.804,0.0526721782192304,0.422666666666667
2,505,304,0.295771770586715,3.726,0.0505121319632768,0.414
2,506,305,0.294429583027552,3.702,0.0527254774845706,0.411333333333333
2,507,306,0.293143182566543,3.73,0.0502157507324309,0.414444444444444
2,508,307,0.291778039843431,3.697,0.0527444117700914,0.410777777777778
2,509,308,0.290565349084625,3.736,0.0508614873051397,0.415111111111111
2,510,309,0.289470272428259,3.771,0.051489903963886,0.419
2,511,310,0.288381248245131,3.773,0.0514598787320677,0.419222222222222
2,512,311,0.287028005889422,3.822,0.0522594206535726,0.424666666666667
2,513,312,0.285575016227624,3.699,0.0517404684562876,0.411
2,514,313,0.284230876501936,3.692,0.0511248447405931,0.410222222222222
2,515,314,0.283027993661156,3.734,0.0529910563402171,0.414888888888889
2,516,315,0.282138694173558,3.779,0.0504847274698763,0.419888888888889
2,517,316,0.280754449439425,3.789,0.0520306273860519,0.421
2,518,317,0.279914011877143,3.818,0.0531949782000682,0.424222222222222
2,519,318,0.278664122434669,3.718,0.0520113562713105,0.413111111111111
2,520,319,0.277639185253131,3.803,0.0491997114992718,0.422555555555556
2,521,320,0.276643739055259,3.816,0.0527344756769698,0.424
2,522,321,0.275624117220398,3.707,0.0513983734450109,0.411888888888889
2,523,322,0.274911725855921,3.677,0.0532306725911339,0.408555555555556
2,524,323,0.273964488712834,3.724,0.0505012314144356,0.413777777777778
2,525,324,0.273012855324633,3.695,0.051445326528477,0.410555555555556
2,526,325,0.272053473400534,3.678,0.0532461374294055,0.408666666666667
2,527,326,0.270944211824555,3.683,0.0511578745466237,0.409222222222222
2,528,327,0.269561173791739,3.7,0.0513871641622753,0.411111111111111
2,529,328,0.268318991070464,3.716,0.0501383870687707,0.412888888888889
2,530,329,0.267227978101674,3.839,0.0520748575686077,0.426555555555556
2,531,330,0.266019224912372,3.82,0.0527103251591031,0.424444444444444
2,532,331,0.264804560005706,3.821,0.0510839365022762,0.424555555555556
2,533,332,0.263636911397356,3.755,0.0512991871924557,0.417222222222222
2,534,333,0.262387018450297,3.662,0.0513458118291297,0.406888888888889
2,535,334,0.26149689390992,3.724,0.0505804545489895,0.413777777777778
2,536,335,0.260557562510016,3.601,0.0539695442977955,0.400111111111111
2,537,336,0.259404818368273,3.735,0.0528542199693513,0.415
2,538,337,0.258484647550076,3.641,0.0513103474140621,0.404555555555556
2,539,338,0.257542953362864,3.642,0.0516769436645252,0.404666666666667
2,540,339,0.25657016653241,3.692,0.0494730591694468,0.410222222222222
2,541,340,0.25580912452397,3.739,0.050551304972616,0.415444444444444
2,542,341,0.254616698132008,3.633,0.0508221791533371,0.403666666666667
2,543,342,0.253441461930993,3.618,0.0506422811555782,0.402
2,544,343,0.252431155962498,3.548,0.0518110063633238,0.394222222222222
2,545,344,0.251479464467669,3.621,0.0507536691770647,0.402333333333333
2,546,345,0.250457615628402,3.609,0.0523340984240471,0.401
2,547,346,0.249301932168118,3.613,0.0508312385725042,0.401444444444444
2,548,347,0.248238643807875,3.672,0.0514496167435974,0.408
2,549,348,0.247118612534315,3.667,0.0498256318935707,0.407444444444444
2,550,349,0.246290429474306,3.639,0.0515881802386975,0.404333333333333
2,551,350,0.245328036425484,3.612,0.0530685619955192,0.401333333333333
2,552,351,0.244200197094898,3.725,0.0524797973426835,0.413888888888889
2,553,352,0.243091889051394,3.678,0.0517009573314554,0.408666666666667
2,554,353,0.242138112206619,3.741,0.0519482205433221,0.415666666666667
2,555,354,0.240904756254722,3.727,0.0538458017896508,0.414111111111111
2,556,355,0.239647698812955,3.581,0.0533318224260459,0.397888888888889
2,557,356,0.238960594506954,3.629,0.0521543773721735,0.403222222222222
2,558,357,0.238069498653007,3.616,0.0511973159957158,0.401777777777778
2,559,358,0.236872683134364,3.552,0.0517104435290393,0.394666666666667
2,560,359,0.235920833296676,3.575,0.0509997644698088,0.397222222222222
2,561,360,0.234849452578867,3.591,0.0527873612288539,0.399
2,562,361,0.234047450314413,3.575,0.0508425015116286,0.397222222222222
2,563,362,0.233090287193931,3.565,0.0519082793923039,0.396111111111111
2,564,363,0.232208352148626,3.654,0.0522591141813084,0.406
2,565,364,0.231211439358134,3.66,0.0528317252339083,0.406666666666667
2,566,365,0.230356626103722,3.648,0.0518341854646409,0.405333333333333
2,567,366,0.229506231523169,3.615,0.0508857972755103,0.401666666666667
2,568,367,0.228549847691609,3.702,0.0540936421598889,0.411333333333333
2,569,368,0.227666649738062,3.562,0.0514665406337438,0.395777777777778
2,570,369,0.226872820987478,3.574,0.0520118181688475,0.397111111111111
2,571,370,0.225975625384901,3.662,0.0503616152669103,0.406888888888889
2,572,371,0.225207634775112,3.641,0.0536189704674939,0.404555555555556
2,573,372,0.224100163641406,3.68,0.0501808540991294,0.408888888888889
2,574,373,0.223235587968674,3.6,0.0517559530747786,0.4
2,575,374,0.222336645056522,3.555,0.05278030656183,0.395
2,576,375,0.221513285140924,3.618,0.0531309598906221,0.402
2,577,376,0.220609933730828,3.551,0.0517501408411328,0.394555555555556
2,578,377,0.220010658754577,3.594,0.0515540669765424,0.399333333333333
2,579,378,0.219531216988551,3.627,0.0514832159205455,0.403
2,580,379,0.218523840986334,3.563,0.0517949197674224,0.395888888888889
2,581,380,0.217707986315766,3.589,0.0504839343517086,0.398777777777778
2,582,381,0.216703181572709,3.7,0.0500250187656387,0.411111111111111
2,583,382,0.215844836991487,3.787,0.05140304731505,0.420777777777778
2,584,383,0.215016506515659,3.584,0.052015859597335,0.398222222222222
2,585,384,0.21445440606994,3.611,0.0512865412102368,0.401222222222222
2,586,385,0.21378369223646,3.565,0.0512874780565921,0.396111111111111
2,587,386,0.213198826821026,3.613,0.05188374430323,0.401444444444444
2,588,387,0.212176734905578,3.561,0.0525074855238379,0.395666666666667
2,589,388,0.210961861376354,3.591,0.0522345426652464,0.399
2,590,389,0.210248810627616,3.674,0.0508951305560198,0.408222222222222
2,591,390,0.209397368394783,3.575,0.0519140642800202,0.397222222222222
2,592,391,0.208328126762946,3.572,0.0503920167819801,0.396888888888889
2,593,392,0.207524920504249,3.536,0.0530237259678677,0.392888888888889
2,594,393,0.206585062535638,3.55,0.0521365343901781,0.394444444444444
2,595,394,0.205553074851551,3.58,0.0510117849344854,0.397777777777778
2,596,395,0.204794046880964,3.497,0.0527520025570005,0.388555555555556
2,597,396,0.204304539023355,3.585,0.0522063262497994,0.398333333333333
2,598,397,0.203478303283598,3.592,0.0510307764015025,0.399111111111111
2,599,398,0.202599577362963,3.588,0.0508019373334997,0.398666666666667
2,600,399,0.201980387640951,3.57,0.0525153106994318,0.396666666666667
2,601,400,0.201045596733109,3.593,0.0539653894942238,0.399222222222222
2,602,401,0.200626229002559,3.562,0.0527915044580369,0.395777777777778
2,603,402,0.200022232739088,3.599,0.0531509550622002,0.399888888888889
2,604,403,0.198852105243663,3.492,0.052656516298638,0.388
2,605,404,0.198034254137972,3.589,0.0506818275878805,0.398777777777778
2,606,405,0.197151230240242,3.535,0.0538114362442655,0.392777777777778
2,607,406,0.1962585672068,3.565,0.0510331204158573,0.396111111111111
2,608,407,0.195787252091295,3.671,0.0530242451202332,0.407888888888889
2,609,408,0.194960558616531,3.555,0.0530074031130066,0.395
2,610,409,0.194036791875409,3.448,0.0538348789744547,0.383111111111111
2,611,410,0.193217784037235,3.459,0.0515652788024845,0.384333333333333
2,612,411,0.192628120283906,3.519,0.0513836479755895,0.391
2,613,412,0.192126685170984,3.554,0.0526103777961331,0.394888888888889
2,614,413,0.19113905622308,3.54,0.0524895718705646,0.393333333333333
2,615,414,0.19053042645104,3.52,0.0511489610472803,0.391111111111111
2,616,415,0.189501868495646,3.602,0.0502804546928935,0.400222222222222
2,617,416,0.188980309127979,3.608,0.0498077987549823,0.400888888888889
2,618,417,0.18839011100103,3.553,0.0513012945530891,0.394777777777778
2,619,418,0.187729998699893,3.513,0.0522930737819604,0.390333333333333
2,620,419,0.186860055901813,3.577,0.050285182704248,0.397444444444444
2,621,420,0.186028818891212,3.566,0.0514615613083426,0.396222222222222
2,622,421,0.184760444381174,3.51,0.052561037496064,0.39
2,623,422,0.184182375906906,3.52,0.0517907547954484,0.391111111111111
2,624,423,0.183190774810165,3.512,0.05109272420283,0.390222222222222
2,625,424,0.182286243268812,3.445,0.0496935050529185,0.382777777777778
2,626,425,0.181460494435239,3.5,0.0507007945753375,0.388888888888889
2,627,426,0.180685204892571,3.648,0.0505831459545041,0.405333333333333
2,628,427,0.180088375314132,3.531,0.0507110501824858,0.392333333333333
2,629,428,0.179111576287999,3.475,0.0513225974499442,0.386111111111111
2,630,429,0.178566314768001,3.446,0.0533472579419967,0.382888888888889
2,631,430,0.177692030766501,3.424,0.0500872511996089,0.380444444444444
2,632,431,0.176692802050169,3.515,0.052062323089596,0.390555555555556
2,633,432,0.175692891869719,3.595,0.0503140786113243,0.399444444444444
2,634,433,0.174737695515992,3.57,0.0516310542771089,0.396666666666667
2,635,434,0.174114967762275,3.601,0.0512486626696289,0.400111111111111
2,636,435,0.17330541420876,3.491,0.0522939160290533,0.387888888888889
2,637,436,0.172574629357179,3.443,0.0527022630304294,0.382555555555556
2,638,437,0.171657999036511,3.42,0.052710325159103,0.38
2,639,438,0.171335199239532,3.487,0.0518316266146212,0.387444444444444
2,640,439,0.170689891370313,3.418,0.0521919534027995,0.379777777777778
2,641,440,0.169649855501714,3.546,0.052637008412852,0.394
2,642,441,0.169039891919305,3.553,0.0519219306929826,0.394777777777778
2,643,442,0.168518820630862,3.473,0.049595672500035,0.385888888888889
2,644,443,0.167966786872266,3.594,0.0525921090081955,0.399333333333333
2,645,444,0.167495946411449,3.505,0.0507991688470938,0.389444444444444
2,646,445,0.166565317479794,3.594,0.0512033767029654,0.399333333333333
2,647,446,0.165958351493808,3.544,0.0510751668883487,0.393777777777778
2,648,447,0.165228822386081,3.475,0.0508720253475618,0.386111111111111
2,649,448,0.164533379945331,3.554,0.0513197595251353,0.394888888888889
2,650,449,0.164113146605251,3.444,0.052302959759459,0.382666666666667
2,651,450,0.163657047027607,3.517,0.0508162699663531,0.390777777777778
2,652,451,0.162799521304841,3.521,0.0522713237950913,0.391222222222222
2,653,452,0.162149935416405,3.625,0.0503677665964247,0.402777777777778
2,654,453,0.161177565576408,3.558,0.0522816351061192,0.395333333333333
2,655,454,0.16030875959629,3.446,0.0519979594579229,0.382888888888889
2,656,455,0.159502914189115,3.487,0.0516187513941929,0.387444444444444
2,657,456,0.158737870952805,3.489,0.0530348158447985,0.387666666666667
2,658,457,0.158096947753304,3.429,0.0519775014853606,0.381
2,659,458,0.157490416625703,3.417,0.0526296578069902,0.379666666666667
2,660,459,0.15682363292006,3.422,0.0512693333733193,0.380222222222222
2,661,460,0.156141491075972,3.44,0.0509410933824058,0.382222222222222
2,662,461,0.155879774354034,3.429,0.0531392772135901,0.381
2,663,462,0.155253166848986,3.43,0.0505138758328012,0.381111111111111
2,664,463,0.154560138860508,3.427,0.0521285755453609,0.380777777777778
2,665,464,0.154032849518401,3.462,0.0505283000813317,0.384666666666667
2,666,465,0.153272031748814,3.474,0.0496970199689457,0.386
2,667,466,0.152737682852436,3.512,0.0528076191912174,0.390222222222222
2,668,467,0.152100208846952,3.427,0.0505294391837494,0.380777777777778
2,669,468,0.151828874248224,3.469,0.052609949694015,0.385444444444444
2,670,469,0.151471521991851,3.449,0.0524800262304923,0.383222222222222
2,671,470,0.150915051991527,3.386,0.0513384810803712,0.376222222222222
2,672,471,0.150339143270802,3.5,0.052409414676628,0.388888888888889
2,673,472,0.149269669199268,3.455,0.0503836631609247,0.383888888888889
2,674,473,0.148550672176574,3.598,0.0529074209841605,0.399777777777778
2,675,474,0.147646115269521,3.556,0.0517256178265618,0.395111111111111
2,676,475,0.147130620512498,3.414,0.0527008669888968,0.379333333333333
2,677,476,0.146553802209615,3.479,0.0509328298168593,0.386555555555556
2,678,477,0.145957282516328,3.378,0.0514564258743626,0.375333333333333
2,679,478,0.145221160865942,3.4,0.0486041393541987,0.377777777777778
2,680,479,0.144608376482837,3.424,0.0514088209052381,0.380444444444444
2,681,480,0.144182453266467,3.343,0.0509897141681629,0.371444444444444
2,682,481,0.143387852279331,3.513,0.0531474896458492,0.390333333333333
2,683,482,0.143054223388097,3.494,0.0521985506378166,0.388222222222222
2,684,483,0.142789391031586,3.338,0.0499625084663715,0.370888888888889
2,685,484,0.14247928046342,3.494,0.0518715206510729,0.388222222222222
2,686,485,0.14188067905145,3.449,0.0508525809078063,0.383222222222222
2,687,486,0.14130718126147,3.428,0.051453507785801,0.380888888888889
2,688,487,0.140696663136899,3.391,0.0520271643069831,0.376777777777778
2,689,488,0.140536783968999,3.433,0.0521366399879125,0.381444444444444
2,690,489,0.140303531397409,3.397,0.0549582697272341,0.377444444444444
2,691,490,0.140082660828086,3.497,0.0516590714169319,0.388555555555556
2,692,491,0.139294580623965,3.499,0.0513286823679865,0.388777777777778
2,693,492,0.13856661679776,3.403,0.0518775701270046,0.378111111111111
2,694,493,0.138132867643532,3.431,0.0522682596895188,0.381222222222222
2,695,494,0.137345178987545,3.35,0.0506365881953362,0.372222222222222
2,696,495,0.136565255771581,3.367,0.0507038645655524,0.374111111111111
2,697,496,0.136077064340406,3.471,0.0532916409861718,0.385666666666667
2,698,497,0.135442373228217,3.406,0.0516898039833372,0.378444444444444
2,699,498,0.135379542270318,3.447,0.0524589643716204,0.383
2,700,499,0.135021433474396,3.364,0.0530878735901367,0.373777777777778
2,701,500,0.134649919082235,3.442,0.0513348933111903,0.382444444444444
2,702,501,0.134232604449828,3.435,0.0516569786519058,0.381666666666667
2,703,502,0.133754340461417,3.344,0.0514812035049134,0.371555555555556
2,704,503,0.133129431742882,3.416,0.0512598436553564,0.379555555555556
2,705,504,0.132269365834158,3.299,0.0515388713036604,0.366555555555556
2,706,505,0.131497256781222,3.42,0.0520414095534344,0.38
2,707,506,0.1311167335658,3.487,0.0522547754904904,0.387444444444444
2,708,507,0.130474895036831,3.428,0.0518218245674688,0.380888888888889
2,709,508,0.129910360214843,3.441,0.0518768754861953,0.382333333333333
2,710,509,0.129046896142039,3.471,0.0519794272848488,0.385666666666667
2,711,510,0.128719282620542,3.44,0.0491611311588415,0.382222222222222
2,712,511,0.128409676229266,3.391,0.0523340984240471,0.376777777777778
2,713,512,0.127967644929323,3.443,0.0503118503166234,0.382555555555556
2,714,513,0.127535280262189,3.385,0.0514920035192494,0.376111111111111
2,715,514,0.126971480460224,3.427,0.0511594398746535,0.380777777777778
2,716,515,0.126130713521324,3.339,0.0524101691070143,0.371
2,717,516,0.125472686838827,3.342,0.0530268596830686,0.371333333333333
2,718,517,0.124815626213697,3.355,0.0511819752900824,0.372777777777778
2,719,518,0.124173430123339,3.366,0.0523142502649213,0.374
2,720,519,0.123725810985522,3.424,0.0501671280894245,0.380444444444444
2,721,520,0.123496897929276,3.374,0.052180905002183,0.374888888888889
2,722,521,0.122838415242778,3.401,0.0520856209707815,0.377888888888889
2,723,522,0.12236474146788,3.362,0.0506509774981839,0.373555555555556
2,724,523,0.122009987667601,3.469,0.0524193360010099,0.385444444444444
2,725,524,0.121277006754545,3.465,0.0511213105112572,0.385
2,726,525,0.12067739401485,3.36,0.0511959082449078,0.373333333333333
2,727,526,0.120568316247137,3.447,0.0520374759082231,0.383
2,728,527,0.119984538260358,3.392,0.0530202522357932,0.376888888888889
2,729,528,0.119506130293061,3.457,0.052085159727737,0.384111111111111
2,730,529,0.118911597241777,3.448,0.0506543370488832,0.383111111111111
2,731,530,0.118448170509853,3.406,0.0503557315476569,0.378444444444444
2,732,531,0.11794158986782,3.442,0.0524154880105433,0.382444444444444
2,733,532,0.117438180709639,3.335,0.0522446600573159,0.370555555555556
2,734,533,0.117026668705594,3.351,0.052004841154488,0.372333333333333
2,735,534,0.116622263888104,3.359,0.0528290631178512,0.373222222222222
2,736,535,0.116110443987262,3.401,0.0516223194351422,0.377888888888889
2,737,536,0.115701268313488,3.403,0.0510607304902525,0.378111111111111
2,738,537,0.115227845058312,3.342,0.0518046302922791,0.371333333333333
2,739,538,0.114940827594844,3.291,0.0502677416027997,0.365666666666667
2,740,539,0.114727073105912,3.404,0.0522639026051009,0.378222222222222
2,741,540,0.114150674766635,3.355,0.0513381983576617,0.372777777777778
2,742,541,0.113697375909077,3.314,0.0520010394906495,0.368222222222222
2,743,542,0.113068566991462,3.377,0.0522264166739267,0.375222222222222
2,744,543,0.112857807322695,3.384,0.0503097910458301,0.376
2,745,544,0.112651963750975,3.309,0.0505576411146234,0.367666666666667
2,746,545,0.112309529527579,3.378,0.0510462703997239,0.375333333333333
2,747,546,0.111936354833657,3.414,0.0530416573781158,0.379333333333333
2,748,547,0.111422442324334,3.412,0.0503665840889849,0.379111111111111
2,749,548,0.11071419384661,3.373,0.0519284851268315,0.374777777777778
2,750,549,0.110050639830413,3.389,0.0514813493347769,0.376555555555556
2,751,550,0.109610845650969,3.358,0.0512880733354888,0.373111111111111
2,752,551,0.109561707774099,3.362,0.0513769948089182,0.373555555555556
2,753,552,0.109121771996589,3.42,0.0529188095142019,0.38
2,754,553,0.108849663546143,3.332,0.0520815561258348,0.370222222222222
2,755,554,0.10835473812415,3.351,0.0496211775481123,0.372333333333333
2,756,555,0.108040752806232,3.326,0.0507375432820539,0.369555555555556
2,757,556,0.107872770253098,3.287,0.0525298999655472,0.365222222222222
2,758,557,0.10742603580004,3.352,0.0502854315346366,0.372444444444444
2,759,558,0.106889033662026,3.475,0.0509310216760765,0.386111111111111
2,760,559,0.106195647253952,3.399,0.0509155319268235,0.377666666666667
2,761,560,0.10567491011591,3.441,0.0512947380356909,0.382333333333333
2,762,561,0.105189117118769,3.349,0.0506533786115473,0.372111111111111
2,763,562,0.104994488522093,3.387,0.0514186238135065,0.376333333333333
2,764,563,0.104632755575038,3.321,0.0507201294510526,0.369
2,765,564,0.104098764002264,3.228,0.0532245136083821,0.358666666666667
2,766,565,0.103695202547531,3.297,0.05306228987338,0.366333333333333
2,767,566,0.103237603956721,3.354,0.053586897237623,0.372666666666667
2,768,567,0.102974746394628,3.377,0.0543675162834098,0.375222222222222
2,769,568,0.102439803747286,3.416,0.0512598436553565,0.379555555555556
2,770,569,0.102007036406237,3.288,0.0513194864519288,0.365333333333333
2,771,570,0.10132448579989,3.29,0.0512496490380816,0.365555555555556
2,772,571,0.100812357112367,3.389,0.0544852975365616,0.376555555555556
2,773,572,0.0999994432797944,3.345,0.0520257790108103,0.371666666666667
2,774,573,0.0993858343408335,3.421,0.0544492766134109,0.380111111111111
2,775,574,0.0990250996635432,3.284,0.0518655380193249,0.364888888888889
2,776,575,0.0992293616933391,3.415,0.0504114700868395,0.379444444444444
2,777,576,0.0989528957285188,3.407,0.0523267530914073,0.378555555555556
2,778,577,0.0984486163648707,3.42,0.0514027454737802,0.38
2,779,578,0.0982414395379944,3.44,0.0505861538265063,0.382222222222222
2,780,579,0.097810334521301,3.348,0.0514348280986876,0.372
2,781,580,0.0973801482560442,3.438,0.0523726923014169,0.382
2,782,581,0.0969364558797095,3.342,0.0510454860065182,0.371333333333333
2,783,582,0.096784724915533,3.397,0.0511860431271163,0.377444444444444
2,784,583,0.0960474582034653,3.342,0.0510846909126957,0.371333333333333
2,785,584,0.0953735889119645,3.323,0.0502513302928011,0.369222222222222
2,786,585,0.095188123229876,3.32,0.0509135757160327,0.368888888888889
2,787,586,0.0950418138748937,3.279,0.0503556818511544,0.364333333333333
2,788,587,0.094562032388449,3.316,0.0523534610592737,0.368444444444444
2,789,588,0.094121424052314,3.379,0.0524414827127256,0.375444444444444
2,790,589,0.0936143044431619,3.322,0.0507828208638993,0.369111111111111
2,791,590,0.0933614640763381,3.333,0.050820209500687,0.370333333333333
2,792,591,0.0932168302228911,3.414,0.0501309995623179,0.379333333333333
2,793,592,0.09293616228913,3.347,0.0529470905186907,0.371888888888889
2,794,593,0.0928682730269728,3.337,0.0524230786884861,0.370777777777778
2,795,594,0.0925150205892943,3.344,0.0516365212841679,0.371555555555556
2,796,595,0.0922639194173095,3.255,0.0486038819163381,0.361666666666667
2,797,596,0.0917929940095219,3.386,0.0515913332417922,0.376222222222222
2,798,597,0.0914764741171523,3.342,0.0506320017340773,0.371333333333333
2,799,598,0.0911505167063695,3.343,0.052019775634436,0.371444444444444
2,800,599,0.0908944069377148,3.366,0.0523333811518309,0.374
2,801,600,0.0907690488299461,3.304,0.0526151342519654,0.367111111111111
2,802,601,0.0905331184316689,3.202,0.0509292626079527,0.355777777777778
2,803,602,0.0901194949628232,3.325,0.0522695619563346,0.369444444444444
2,804,603,0.0896424047029454,3.39,0.050877190257408,0.376666666666667
2,805,604,0.0893952224467754,3.439,0.0515648905548915,0.382111111111111
2,806,605,0.0890882684412935,3.315,0.0501027472828116,0.368333333333333
2,807,606,0.0888684516072534,3.258,0.0514206192113638,0.362
2,808,607,0.0881996885561672,3.307,0.0532502261646521,0.367444444444444
2,809,608,0.0878249628426575,3.252,0.051372513420458,0.361333333333333
2,810,609,0.0874304034329622,3.283,0.0514349740600358,0.364777777777778
2,811,610,0.0868455659923801,3.39,0.0524466457521418,0.376666666666667
2,812,611,0.0865402557332084,3.324,0.0508292003439716,0.369333333333333
2,813,612,0.0863118870176589,3.278,0.0519366288221848,0.364222222222222
2,814,613,0.0859704100400536,3.408,0.0528614257311542,0.378666666666667
2,815,614,0.0854890921803448,3.348,0.0516872089357471,0.372
2,816,615,0.085081030806795,3.303,0.051631936404292,0.367
2,817,616,0.0846608933134564,3.326,0.0516952260503461,0.369555555555556
2,818,617,0.0846018208989301,3.314,0.0510098618504892,0.368222222222222
2,819,618,0.0844520618859164,3.288,0.051377968972077,0.365333333333333
2,820,619,0.0841232443791893,3.347,0.0500709306693827,0.371888888888889
2,821,620,0.0836079428430178,3.369,0.0508273786695951,0.374333333333333
2,822,621,0.0831658337388856,3.37,0.0516116630594652,0.374444444444444
2,823,622,0.0828576151622446,3.216,0.0501583478581567,0.357333333333333
2,824,623,0.0825658628547523,3.382,0.0500057654333635,0.375777777777778
2,825,624,0.0821090869310938,3.324,0.0524573710337811,0.369333333333333
2,826,625,0.0817397326415813,3.329,0.0509053076834857,0.369888888888889
2,827,626,0.0814632294191554,3.349,0.0494332139623011,0.372111111111111
2,828,627,0.0806447181408929,3.265,0.0516279036998447,0.362777777777778
2,829,628,0.0804655679985293,3.346,0.0518166862021201,0.371777777777778
2,830,629,0.0801728517667519,3.271,0.0516355035341501,0.363444444444444
2,831,630,0.0795908363740511,3.293,0.0521523812579145,0.365888888888889
2,832,631,0.078944364434545,3.249,0.0520933077536137,0.361
2,833,632,0.078628590933338,3.308,0.0523629437472521,0.367555555555556
2,834,633,0.0780388677260133,3.368,0.0501706397516824,0.374222222222222
2,835,634,0.0775531216101381,3.335,0.0519564671092489,0.370555555555556
2,836,635,0.0769467079780801,3.298,0.0509881927096439,0.366444444444444
2,837,636,0.076932874830458,3.23,0.0502755171791166,0.358888888888889
2,838,637,0.0766887754302724,3.275,0.0513030896438705,0.363888888888889
2,839,638,0.0764505498522557,3.321,0.0502243116576174,0.369
2,840,639,0.0760900536841378,3.406,0.05009664333739,0.378444444444444
2,841,640,0.0755366806710029,3.285,0.0521583693715159,0.365
2,842,641,0.0753875960757734,3.262,0.0511661408938955,0.362444444444444
2,843,642,0.0749918122597123,3.316,0.0514080420438942,0.368444444444444
2,844,643,0.0752357549216406,3.388,0.052822781508041,0.376444444444444
2,845,644,0.0750630486174057,3.356,0.0517875076243872,0.372888888888889
2,846,645,0.0749006182612259,3.356,0.0498974323362812,0.372888888888889
2,847,646,0.074688655496845,3.271,0.0524052030365813,0.363444444444444
2,848,647,0.0745155992328334,3.339,0.0512709245840927,0.371
2,849,648,0.0741672784988818,3.196,0.0495180374816697,0.355111111111111
2,850,649,0.0736214327029295,3.238,0.0509308349622302,0.359777777777778
2,851,650,0.0731651704846452,3.276,0.0524459204759968,0.364
2,852,651,0.0727956853905598,3.328,0.0515662202907588,0.369777777777778
2,853,652,0.072690015056374,3.291,0.0501481189461163,0.365666666666667
2,854,653,0.0723730595102635,3.341,0.049912024705578,0.371222222222222
2,855,654,0.0718329314164946,3.283,0.0509853950706524,0.364777777777778
2,856,655,0.0715959719317566,3.251,0.0492384344127981,0.361222222222222
2,857,656,0.0714603175200553,3.321,0.0512892736309415,0.369
2,858,657,0.0712202091517798,3.254,0.0504185087644015,0.361555555555556
2,859,658,0.0709884016575899,3.366,0.0496034727060972,0.374
2,860,659,0.0708478161684392,3.333,0.0517956928112156,0.370333333333333
2,861,660,0.0707997744147438,3.298,0.0511058490567155,0.366444444444444
2,862,661,0.0706184875455614,3.299,0.0496594911881413,0.366555555555556
2,863,662,0.0698787838777708,3.293,0.0505737946836968,0.365888888888889
2,864,663,0.0694677930520946,3.331,0.0492124055585668,0.370111111111111
2,865,664,0.06916274201239,3.207,0.0510956139190219,0.356333333333333
2,866,665,0.0690214956556516,3.273,0.050744911528606,0.363666666666667
2,867,666,0.0688379372094264,3.292,0.0500723800437252,0.365777777777778
2,868,667,0.0689140478085289,3.351,0.0517346641573664,0.372333333333333
2,869,668,0.068524439708511,3.329,0.0527972210115888,0.369888888888889
2,870,669,0.0680229435188121,3.353,0.0521450871138414,0.372555555555556
2,871,670,0.0678984341148915,3.29,0.0520250574877781,0.365555555555556
2,872,671,0.0679542114911325,3.241,0.0515322673145147,0.360111111111111
2,873,672,0.0677536358062014,3.3,0.051523340872411,0.366666666666667
2,874,673,0.0675714905557384,3.306,0.0517207795672014,0.367333333333333
2,875,674,0.0675519068033214,3.294,0.0505184730184525,0.366
2,876,675,0.0674092252873358,3.344,0.0520804798017105,0.371555555555556
2,877,676,0.0670438087804047,3.309,0.0516351158145807,0.367666666666667
2,878,677,0.0665947724077513,3.245,0.053738839426088,0.360555555555556
2,879,678,0.0662948133516738,3.241,0.0501541068551166,0.360111111111111
2,880,679,0.0660345464036961,3.261,0.0510439465998122,0.362333333333333
2,881,680,0.0660175878805052,3.285,0.0515211551639657,0.365
2,882,681,0.0657884752887145,3.257,0.0510446525755299,0.361888888888889
2,883,682,0.0654155828066102,3.28,0.05087423894456,0.364444444444444
2,884,683,0.0651583053080558,3.231,0.0518297725764385,0.359
2,885,684,0.0648680981309269,3.175,0.0510586132007322,0.352777777777778
2,886,685,0.0646676398224518,3.385,0.050490834062474,0.376111111111111
2,887,686,0.0643692458371148,3.271,0.0521946671919966,0.363444444444444
2,888,687,0.0642326943053685,3.263,0.0496416689414781,0.362555555555556
2,889,688,0.0639203464387901,3.356,0.0520381780231782,0.372888888888889
2,890,689,0.0635121059366145,3.314,0.0501988438504703,0.368222222222222
2,891,690,0.0634158722813753,3.34,0.0508230556242241,0.371111111111111
2,892,691,0.0630631891008102,3.285,0.0534099955778656,0.365
2,893,692,0.0628438838888225,3.328,0.0511177956198135,0.369777777777778
2,894,693,0.0627215389396101,3.316,0.0517380017088101,0.368444444444444
2,895,694,0.0621962103574831,3.309,0.051069825994682,0.367666666666667
2,896,695,0.0620384392857221,3.318,0.0517257339392255,0.368666666666667
2,897,696,0.0618787842789525,3.299,0.049152975647615,0.366555555555556
2,898,697,0.0616669855135153,3.24,0.0501888326116374,0.36
2,899,698,0.0614609425443213,3.2,0.0507994151598281,0.355555555555556
2,900,699,0.0615356898355046,3.284,0.05116602351133,0.364888888888889
2,901,700,0.0613531048434171,3.232,0.0502264740818894,0.359111111111111
2,902,701,0.0610752851367601,3.118,0.0523910376001547,0.346444444444444
2,903,702,0.0607392174674246,3.193,0.0525596186583722,0.354777777777778
2,904,703,0.0606124079825824,3.309,0.0521942836261139,0.367666666666667
2,905,704,0.0605373117145275,3.349,0.0510078503840418,0.372111111111111
2,906,705,0.0599695988523432,3.243,0.0507989323857455,0.360333333333333
2,907,706,0.0599120559135699,3.255,0.052675893440451,0.361666666666667
2,908,707,0.059462703066944,3.169,0.051644032628234,0.352111111111111
2,909,708,0.058999335469446,3.216,0.0525366929307898,0.357333333333333
2,910,709,0.0583608426462864,3.301,0.053415842708435,0.366777777777778
2,911,710,0.0579407333908166,3.281,0.0527903952042966,0.364555555555556
2,912,711,0.0574204474270834,3.312,0.0523392338059643,0.368
2,913,712,0.0572922635616562,3.231,0.0536144897720152,0.359
2,914,713,0.0569924707889835,3.162,0.053259671352653,0.351333333333333
2,915,714,0.0569287684835559,3.23,0.0503153220364498,0.358888888888889
2,916,715,0.0568052313831258,3.199,0.0485979501703596,0.355444444444444
2,917,716,0.0567518677860345,3.168,0.0504015507332493,0.352
2,918,717,0.0562561820573127,3.216,0.0537981248580118,0.357333333333333
2,919,718,0.0560959920921524,3.262,0.0506746872109135,0.362444444444444
2,920,719,0.0555562098487216,3.2,0.0501249689527336,0.355555555555556
2,921,720,0.0552667538454797,3.256,0.0514111574184738,0.361777777777778
2,922,721,0.0551175138325577,3.239,0.0514249309530263,0.359888888888889
2,923,722,0.0550026046482511,3.222,0.0518787760785412,0.358
2,924,723,0.0547986940336372,3.212,0.0515141699895254,0.356888888888889
2,925,724,0.0546390786342109,3.234,0.0528207727512011,0.359333333333333
2,926,725,0.0544172506540478,3.251,0.0517365989960267,0.361222222222222
2,927,726,0.0539422067669047,3.286,0.0505842145610937,0.365111111111111
2,928,727,0.0538137578933636,3.354,0.0507667338053304,0.372666666666667
2,929,728,0.0536478906837154,3.309,0.0518092964939998,0.367666666666667
2,930,729,0.0534838135341512,3.328,0.0517599758026903,0.369777777777778
2,931,730,0.0532428088238023,3.272,0.0509962412008632,0.363555555555556
2,932,731,0.0532556558055533,3.28,0.0522525629068118,0.364444444444444
2,933,732,0.0528180120803036,3.225,0.050704496308966,0.358333333333333
2,934,733,0.0525701228366884,3.258,0.0510690125618662,0.362
2,935,734,0.0526529652880919,3.242,0.0495367529203307,0.360222222222222
2,936,735,0.0523271751177438,3.252,0.0518573542054084,0.361333333333333
2,937,736,0.0523720238013393,3.176,0.0517465139086848,0.352888888888889
2,938,737,0.0521198373046225,3.286,0.0528109173655694,0.365111111111111
2,939,738,0.0515909060256769,3.212,0.0513779689720769,0.356888888888889
2,940,739,0.0512708735629893,3.29,0.0514251353381258,0.365555555555556
2,941,740,0.0513055198690849,3.264,0.0522018105914825,0.362666666666667
2,942,741,0.0513874936702605,3.319,0.051709891828478,0.368777777777778
2,943,742,0.0511271204232303,3.271,0.0527289231763682,0.363444444444444
2,944,743,0.0508028735702131,3.347,0.0549145391185854,0.371888888888889
2,945,744,0.0507145779032056,3.269,0.0529097196972204,0.363222222222222
2,946,745,0.0503249570218678,3.187,0.0521416316368193,0.354111111111111
2,947,746,0.0501365457748596,3.21,0.0508378253319759,0.356666666666667
2,948,747,0.0499381618879604,3.192,0.0507317426244133,0.354666666666667
2,949,748,0.0498391628626354,3.159,0.0509736924041933,0.351
2,950,749,0.0499482089647834,3.279,0.0508895740672756,0.364333333333333
2.5,1,-200,0,3.782,0.0539572737208562,0.420222222222222
2.5,2,-199,0.000440923491712776,3.622,0.0522479267133716,0.402444444444444
2.5,3,-198,0.000380262539921314,3.604,0.0550291941810182,0.400444444444444
2.5,4,-197,0.000300660856274134,3.585,0.0537556012399142,0.398333333333333
2.5,5,-196,0.000276390100058382,3.58,0.0541713442193797,0.397777777777778
2.5,6,-195,-4.74602151895027e-05,3.544,0.0546356023948582,0.393777777777778
2.5,7,-194,-6.14393527418494e-05,3.54,0.055149265103367,0.393333333333333
2.5,8,-193,4.59925306833938e-05,3.578,0.053822047646042,0.397555555555555
2.5,9,-192,2.04712450675267e-05,3.59,0.0550902435548704,0.398888888888889
2.5,10,-191,2.58482077465332e-05,3.544,0.0531496838079859,0.393777777777778
2.5,11,-190,0.000366348499371462,3.668,0.0559723941680977,0.407555555555556
2.5,12,-189,0.000104063263737748,3.568,0.052859910803653,0.396444444444444
2.5,13,-188,0.000152285316316803,3.636,0.0536505580808102,0.404
2.5,14,-187,-0.000164372357581716,3.673,0.0535811715245381,0.408111111111111
2.5,15,-186,-0.000216417653173406,3.559,0.0546763980937708,0.395444444444444
2.5,16,-185,4.1465236507667e-05,3.575,0.0531714416035732,0.397222222222222
2.5,17,-184,5.37542751928986e-05,3.526,0.0516332256399887,0.391777777777778
2.5,18,-183,3.72138127447673e-05,3.548,0.0539129168437638,0.394222222222222
2.5,19,-182,-0.000107191556439968,3.571,0.0535707833508978,0.396777777777778
2.5,20,-181,3.77454091318633e-05,3.59,0.0538404940430417,0.398888888888889
2.5,21,-180,0.00019854615740068,3.604,0.0546092131985635,0.400444444444444
2.5,22,-179,2.32482605093743e-05,3.625,0.0551853279452104,0.402777777777778
2.5,23,-178,4.67318427356209e-05,3.639,0.0536615184145823,0.404333333333333
2.5,24,-177,-0.000154160935184792,3.544,0.0539905452739549,0.393777777777778
2.5,25,-176,0.000138222460795907,3.538,0.0561044000387109,0.393111111111111
2.5,26,-175,3.82803550175675e-05,3.501,0.0533933502399865,0.389
2.5,27,-174,0.000108196176991789,3.556,0.0537936590850422,0.395111111111111
2.5,28,-173,8.96806401523094e-05,3.575,0.0526226580870269,0.397222222222222
2.5,29,-172,0.000260556340481099,3.588,0.0532643698272409,0.398666666666667
2.5,30,-171,0.000359716232005708,3.575,0.0524129957369556,0.397222222222222
2.5,31,-170,0.000370518888721553,3.56,0.0535468698176398,0.395555555555556
2.5,32,-169,0.000285037934997774,3.685,0.0556855086703523,0.409444444444444
2.5,33,-168,0.000268641074748938,3.663,0.0551404703595418,0.407
2.5,34,-167,0.00025032591584618,3.676,0.0527618025450971,0.408444444444444
2.5,35,-166,0.000113927622331398,3.575,0.0530583658831497,0.397222222222222
2.5,36,-165,0.00015364227487024,3.524,0.0541327475226811,0.391555555555556
2.5,37,-164,0.000253324175826302,3.56,0.0528506688055429,0.395555555555556
2.5,38,-163,0.000233112964055186,3.549,0.0529188000563072,0.394333333333333
2.5,39,-162,0.000397634463560461,3.575,0.0520103843485133,0.397222222222222
2.5,40,-161,0.00044906321722503,3.582,0.054112883902119,0.398
2.5,41,-160,0.00033953359658013,3.563,0.0535247222869573,0.395888888888889
2.5,42,-159,0.000482932799110363,3.604,0.053703520071482,0.400444444444444
2.5,43,-158,0.000376199869503271,3.533,0.0558930678620797,0.392555555555556
2.5,44,-157,0.000339026095919767,3.513,0.053988385285594,0.390333333333333
2.5,45,-156,0.000351083969698228,3.461,0.0540684973196257,0.384555555555555
2.5,46,-155,0.000498285683272652,3.549,0.0532581959461213,0.394333333333333
2.5,47,-154,0.000672970464155541,3.668,0.0526549954757242,0.407555555555556
2.5,48,-153,0.000582464463604123,3.687,0.0534592264149874,0.409666666666667
2.5,49,-152,0.000534372701977367,3.516,0.0538018460523304,0.390666666666667
2.5,50,-151,0.000401379625119755,3.511,0.0530159380723353,0.390111111111111
2.5,51,-150,0.000504292530127292,3.614,0.0534215111903234,0.401555555555556
2.5,52,-149,0.000603792202756265,3.59,0.0538776651573062,0.398888888888889
2.5,53,-148,0.00054250089425318,3.566,0.0520418327151568,0.396222222222222
2.5,54,-147,0.000615274220858643,3.568,0.0542615915756283,0.396444444444444
2.5,55,-146,0.000588201287507626,3.639,0.053586850537707,0.404333333333333
2.5,56,-145,0.000405320533603142,3.616,0.0533046469398814,0.401777777777778
2.5,57,-144,0.000637596845942492,3.667,0.0537307918981101,0.407444444444444
2.5,58,-143,0.000474349756569809,3.639,0.0520325512192741,0.404333333333333
2.5,59,-142,0.000484088403433788,3.608,0.0535088702852078,0.400888888888889
2.5,60,-141,0.000201437232095671,3.655,0.0539711764545472,0.406111111111111
2.5,61,-140,0.000321800342491335,3.633,0.0538257206938115,0.403666666666667
2.5,62,-139,0.000406201581212259,3.57,0.0535347173894285,0.396666666666667
2.5,63,-138,0.000398145027182579,3.624,0.052396272475906,0.402666666666667
2.5,64,-137,0.000384019234513528,3.56,0.0543263412291989,0.395555555555556
2.5,65,-136,0.000267284619713132,3.502,0.0526950924923068,0.389111111111111
2.5,66,-135,6.15292309257581e-05,3.549,0.0542451983270553,0.394333333333333
2.5,67,-134,-0.000166066571359983,3.503,0.0531113152897932,0.389222222222222
2.5,68,-133,-0.0005657065993122,3.473,0.0549753880686012,0.385888888888889
2.5,69,-132,-0.00035801280490807,3.548,0.0536710031262372,0.394222222222222
2.5,70,-131,-0.000391215382962964,3.616,0.0534359373399533,0.401777777777778
2.5,71,-130,-2.4221542373381e-05,3.71,0.0545424135409764,0.412222222222222
2.5,72,-129,-5.248002172392e-05,3.606,0.0533630172648778,0.400666666666667
2.5,73,-128,2.29594841548461e-05,3.656,0.0537824930303212,0.406222222222222
2.5,74,-127,-0.000190883616180693,3.598,0.0543263043777812,0.399777777777778
2.5,75,-126,-0.000289795764091573,3.607,0.0530977435525312,0.400777777777778
2.5,76,-125,-0.000271297102688359,3.454,0.0542478278535355,0.383777777777778
2.5,77,-124,-0.000322229148226876,3.545,0.0539155068777239,0.393888888888889
2.5,78,-123,-0.000211596714786357,3.611,0.0538570290638054,0.401222222222222
2.5,79,-122,-6.08111353000519e-05,3.545,0.051523098020496,0.393888888888889
2.5,80,-121,-3.14207167432396e-05,3.62,0.054704593889294,0.402222222222222
2.5,81,-120,-7.90624589140322e-05,3.625,0.0527935806908583,0.402777777777778
2.5,82,-119,0.000162948846666395,3.532,0.0544420787621114,0.392444444444444
2.5,83,-118,0.000281036240457754,3.599,0.0540844166477195,0.399888888888889
2.5,84,-117,-1.24934304288875e-05,3.635,0.0528826206950033,0.403888888888889
2.5,85,-116,5.48111335393029e-05,3.608,0.053076860807259,0.400888888888889
2.5,86,-115,9.60093188464749e-05,3.634,0.0526575428292741,0.403777777777778
2.5,87,-114,4.46263413655094e-05,3.578,0.0550540366090169,0.397555555555555
2.5,88,-113,9.30512531810692e-05,3.597,0.0529848883965834,0.399666666666667
2.5,89,-112,-0.000132165186132692,3.752,0.0545845717714765,0.416888888888889
2.5,90,-111,-0.000269313814998542,3.636,0.0541334871815445,0.404
2.5,91,-110,-0.000383799874525752,3.595,0.0520353983619103,0.399444444444444
2.5,92,-109,-0.000553310205673659,3.555,0.0530262839239823,0.395
2.5,93,-108,-0.000630252455295219,3.637,0.0536106808864158,0.404111111111111
2.5,94,-107,-0.000497930965878667,3.601,0.0514630687721539,0.400111111111111
2.5,95,-106,-0.000393209712198263,3.758,0.053984723305305,0.417555555555556
2.5,96,-105,-0.000359222885699686,3.603,0.0530679489636373,0.400333333333333
2.5,97,-104,-0.000437956496863905,3.602,0.0530887409383045,0.400222222222222
2.5,98,-103,-0.000637777688412641,3.613,0.0518258325250733,0.401444444444444
2.5,99,-102,-0.000782745322716433,3.654,0.0535457855591938,0.406
2.5,100,-101,-0.000751155967398116,3.595,0.0545889636735758,0.399444444444444
2.5,101,-100,-0.000838924788625305,3.635,0.0522159123400283,0.403888888888889
2.5,102,-99,-0.00105972963412652,3.606,0.0543849402107032,0.400666666666667
2.5,103,-98,-0.000913266307335201,3.629,0.0527080367414414,0.403222222222222
2.5,104,-97,-0.00141825217466636,3.579,0.0521006091468562,0.397666666666667
2.5,105,-96,-0.00154448900259371,3.603,0.0540584249984525,0.400333333333333
2.5,106,-95,-0.0016858654840063,3.571,0.0535333991525367,0.396777777777778
2.5,107,-94,-0.00178559320602376,3.506,0.0527517463857527,0.389555555555556
2.5,108,-93,-0.00185235732559727,3.549,0.0520990720964714,0.394333333333333
2.5,109,-92,-0.00172345267281584,3.574,0.0519347785325137,0.397111111111111
2.5,110,-91,-0.00162523730037989,3.541,0.0565288821268782,0.393444444444444
2.5,111,-90,-0.00155227750779384,3.568,0.0524225535826337,0.396444444444444
2.5,112,-89,-0.00160504304394598,3.652,0.054330910611252,0.405777777777778
2.5,113,-88,-0.00170593417643024,3.562,0.0523535757794718,0.395777777777778
2.5,114,-87,-0.00180660993012675,3.508,0.052102309456018,0.389777777777778
2.5,115,-86,-0.00210411085746514,3.592,0.0541707529066236,0.399111111111111
2.5,116,-85,-0.00243143450468793,3.604,0.0555722257271766,0.400444444444444
2.5,117,-84,-0.00235282752436375,3.617,0.0546378650415289,0.401888888888889
2.5,118,-83,-0.00235231595209276,3.595,0.054717172523523,0.399444444444444
2.5,119,-82,-0.00210150486561676,3.576,0.0548747230993945,0.397333333333333
2.5,120,-81,-0.00195655072319092,3.545,0.0539526263112917,0.393888888888889
2.5,121,-80,-0.00175580380867546,3.683,0.0554037957235832,0.409222222222222
2.5,122,-79,-0.00151313098635917,3.575,0.0541415395635025,0.397222222222222
2.5,123,-78,-0.00145186730221061,3.603,0.0536681588213279,0.400333333333333
2.5,124,-77,-0.00148675070605773,3.632,0.0553863127825246,0.403555555555556
2.5,125,-76,-0.00143921267047613,3.675,0.0537239356456809,0.408333333333333
2.5,126,-75,-0.00145172794651136,3.611,0.0534652928313082,0.401222222222222
2.5,127,-74,-0.0012964553841006,3.587,0.0536965018815406,0.398555555555556
2.5,128,-73,-0.00154900118375816,3.5,0.0528089839780012,0.388888888888889
2.5,129,-72,-0.00158598173107646,3.618,0.0529422220810467,0.402
2.5,130,-71,-0.00141858705616285,3.677,0.0551517244763271,0.408555555555556
2.5,131,-70,-0.00149981836672671,3.607,0.054364570323939,0.400777777777778
2.5,132,-69,-0.00167712794366257,3.501,0.0528279262302601,0.389
2.5,133,-68,-0.00144277972518033,3.617,0.0530200162403042,0.401888888888889
2.5,134,-67,-0.00113359984338683,3.558,0.0548054708915056,0.395333333333333
2.5,135,-66,-0.000877700726686232,3.62,0.0554497490947855,0.402222222222222
2.5,136,-65,-0.000848287734150401,3.525,0.0545742920554483,0.391666666666667
2.5,137,-64,-0.0003911273514461,3.558,0.0535864489167507,0.395333333333333
2.5,138,-63,-0.000259812939352044,3.623,0.0529119142601237,0.402555555555556
2.5,139,-62,0.000152821530086889,3.624,0.0534928545273619,0.402666666666667
2.5,140,-61,-5.15053926678371e-06,3.616,0.0539207886760892,0.401777777777778
2.5,141,-60,0.000103122647493108,3.652,0.0525133664284976,0.405777777777778
2.5,142,-59,0.000163200183905939,3.681,0.0532923923189705,0.409
2.5,143,-58,5.91298857766944e-05,3.592,0.0528992848187415,0.399111111111111
2.5,144,-57,0.000178126094122719,3.598,0.0533220333374416,0.399777777777778
2.5,145,-56,0.000461972301596762,3.568,0.0544825141154877,0.396444444444444
2.5,146,-55,0.000352800251327728,3.655,0.053261729335535,0.406111111111111
2.5,147,-54,8.36422025319115e-05,3.589,0.0542865179029382,0.398777777777778
2.5,148,-53,0.00019453005043012,3.636,0.0528042828972451,0.404
2.5,149,-52,-1.62205188014152e-05,3.616,0.0528520324806658,0.401777777777778
2.5,150,-51,9.95422172089413e-05,3.586,0.0547137788641728,0.398444444444444
2.5,151,-50,0.000217493370993755,3.6,0.0563309255487,0.4
2.5,152,-49,0.00024750479815224,3.678,0.0548208110239288,0.408666666666667
2.5,153,-48,0.000157910940930358,3.639,0.053624197472359,0.404333333333333
2.5,154,-47,-4.47241316152351e-06,3.588,0.053638914354535,0.398666666666667
2.5,155,-46,0.000484235221412451,3.501,0.0531490717117791,0.389
2.5,156,-45,0.000594894693111812,3.543,0.0522961364336401,0.393666666666667
2.5,157,-44,0.000336332710568562,3.496,0.0525237350418146,0.388444444444444
2.5,158,-43,0.000193547681905339,3.612,0.0545199819188197,0.401333333333333
2.5,159,-42,1.89141068713487e-05,3.527,0.0520574776663352,0.391888888888889
2.5,160,-41,-0.000114313927793008,3.544,0.0540646556170201,0.393777777777778
2.5,161,-40,0.000235107013586065,3.619,0.0528832264109863,0.402111111111111
2.5,162,-39,-4.46617307537042e-05,3.605,0.0533274677705477,0.400555555555556
2.5,163,-38,-0.000334482705245833,3.5,0.0516009947836538,0.388888888888889
2.5,164,-37,-0.00021441877041308,3.531,0.0533655964726984,0.392333333333333
2.5,165,-36,-0.000430134923576443,3.559,0.0544010889457047,0.395444444444444
2.5,166,-35,-0.000274325615532192,3.568,0.054720840366083,0.396444444444444
2.5,167,-34,-0.000886501405555453,3.654,0.0545275825363391,0.406
2.5,168,-33,-0.0010004560620711,3.557,0.0533065905174269,0.395222222222222
2.5,169,-32,-0.000871109221565013,3.648,0.055490316048615,0.405333333333333
2.5,170,-31,-0.00111920868435965,3.505,0.0528845135344154,0.389444444444444
2.5,171,-30,-0.00106650278261202,3.509,0.0538406706664938,0.389888888888889
2.5,172,-29,-0.000930607813003184,3.635,0.0557394104909794,0.403888888888889
2.5,173,-28,-0.000885533910347821,3.545,0.0545981314328243,0.393888888888889
2.5,174,-27,-0.000565672117048794,3.556,0.0544778104537234,0.395111111111111
2.5,175,-26,-0.000565594882635225,3.582,0.0531799220016738,0.398
2.5,176,-25,-0.000634231755359343,3.566,0.0537823069097687,0.396222222222222
2.5,177,-24,-0.000647391620270394,3.51,0.052978360740086,0.39
2.5,178,-23,-0.00071990058580111,3.513,0.0535976091230168,0.390333333333333
2.5,179,-22,-0.000943064615541404,3.569,0.0548657383915432,0.396555555555556
2.5,180,-21,-0.00129722136978912,3.508,0.0537477890226644,0.389777777777778
2.5,181,-20,-0.00127883132967619,3.592,0.0531823689239617,0.399111111111111
2.5,182,-19,-0.0012605194006797,3.561,0.0533209351204771,0.395666666666667
2.5,183,-18,-0.000977495087617816,3.5,0.053748384988657,0.388888888888889
2.5,184,-17,-0.00139093504289753,3.537,0.0538658753992964,0.393
2.5,185,-16,-0.00140960603633848,3.568,0.0531055194513355,0.396444444444444
2.5,186,-15,-0.00114526455463578,3.578,0.0532235732429604,0.397555555555556
2.5,187,-14,-0.0010637928972146,3.623,0.0541091378493393,0.402555555555556
2.5,188,-13,-0.00130169147672188,3.58,0.0550329776463951,0.397777777777778
2.5,189,-12,-0.00130250395417451,3.588,0.0539552329915011,0.398666666666667
2.5,190,-11,-0.00127808047555692,3.584,0.0541283093572475,0.398222222222222
2.5,191,-10,-0.00129829542288824,3.546,0.0531668196407375,0.394
2.5,192,-9,-0.00147545249779116,3.596,0.0515891989223074,0.399555555555556
2.5,193,-8,-0.00137043916789899,3.67,0.0533849224964312,0.407777777777778
2.5,194,-7,-0.00117399291850352,3.652,0.0508279399492,0.405777777777778
2.5,195,-6,-0.00137357658127805,3.566,0.0536332035265518,0.396222222222222
2.5,196,-5,-0.00126527045548307,3.662,0.0541912602980655,0.406888888888889
2.5,197,-4,-0.00133259900062376,3.637,0.0532171312930627,0.404111111111111
2.5,198,-3,-0.00126857858920418,3.566,0.0550333778054072,0.396222222222222
2.5,199,-2,-0.0011695627999752,3.643,0.0557014690439459,0.404777777777778
2.5,200,-1,-0.00144626407619942,3.619,0.0543948324549107,0.402111111111111
2.5,201,0,0.998397915174921,5.342,0.0505330544256885,0.593555555555556
2.5,202,1,0.994209387144529,5.673,0.0490354512110932,0.630333333333333
2.5,203,2,0.990127963127209,5.729,0.0477057107151213,0.636555555555556
2.5,204,3,0.98595246625631,5.658,0.0470877187093754,0.628666666666667
2.5,205,4,0.982217466449704,5.648,0.0451900225507594,0.627555555555556
2.5,206,5,0.978098476065985,5.705,0.0464341590979219,0.633888888888889
2.5,207,6,0.974075931126726,5.754,0.0461043339569027,0.639333333333333
2.5,208,7,0.970171726034938,5.65,0.0474947971440636,0.627777777777778
2.5,209,8,0.966035176197244,5.686,0.0473882859961155,0.631777777777778
2.5,210,9,0.962054145674187,5.691,0.0474949973657727,0.632333333333333
2.5,211,10,0.958089681475936,5.71,0.0444733389558047,0.634444444444444
2.5,212,11,0.95439387433617,5.639,0.0466138590105116,0.626555555555556
2.5,213,12,0.950863284175809,5.622,0.0482435844796326,0.624666666666667
2.5,214,13,0.946941662407444,5.58,0.047789997738898,0.62
2.5,215,14,0.943235564754185,5.617,0.0471649820898464,0.624111111111111
2.5,216,15,0.939262442297076,5.586,0.045942515328557,0.620666666666667
2.5,217,16,0.935479178860714,5.552,0.0480375228712264,0.616888888888889
2.5,218,17,0.931739907510098,5.557,0.0471271893069383,0.617444444444444
2.5,219,18,0.928019423032431,5.57,0.0466613038531639,0.618888888888889
2.5,220,19,0.924339056517714,5.693,0.0481151334412165,0.632555555555556
2.5,221,20,0.920483164848213,5.61,0.0487675945508725,0.623333333333333
2.5,222,21,0.916644968180913,5.584,0.0479086551599944,0.620444444444444
2.5,223,22,0.912791083788102,5.577,0.0486666152453552,0.619666666666667
2.5,224,23,0.909140774211064,5.529,0.048056929453186,0.614333333333333
2.5,225,24,0.905311306399093,5.518,0.0491741201659378,0.613111111111111
2.5,226,25,0.901484566822576,5.504,0.0467992967273461,0.611555555555556
2.5,227,26,0.898025598518072,5.475,0.0476827919552604,0.608333333333333
2.5,228,27,0.894387106506402,5.612,0.0483300299171415,0.623555555555556
2.5,229,28,0.890527486093899,5.574,0.0487329344375948,0.619333333333333
2.5,230,29,0.88675463363375,5.551,0.0501588966676392,0.616777777777778
2.5,231,30,0.882958803441054,5.544,0.0488308145380399,0.616
2.5,232,31,0.879306129538085,5.516,0.0481046573426947,0.612888888888889
2.5,233,32,0.875837374179061,5.499,0.0467566592603149,0.611
2.5,234,33,0.872625458646458,5.469,0.0486354233496985,0.607666666666667
2.5,235,34,0.869058699582425,5.461,0.0504878998179564,0.606777777777778
2.5,236,35,0.86586518136285,5.563,0.0483152705194265,0.618111111111111
2.5,237,36,0.862458021430341,5.474,0.0476192355208648,0.608222222222222
2.5,238,37,0.85890734633475,5.558,0.047717008633326,0.617555555555556
2.5,239,38,0.855340476101302,5.591,0.048724666167077,0.621222222222222
2.5,240,39,0.851704370633414,5.439,0.0495250616529827,0.604333333333333
2.5,241,40,0.848516113107107,5.402,0.0478611187362631,0.600222222222222
2.5,242,41,0.845190393450518,5.41,0.0492577539715965,0.601111111111111
2.5,243,42,0.842038515142761,5.562,0.0479213152203947,0.618
2.5,244,43,0.838971328222615,5.474,0.0478917280709061,0.608222222222222
2.5,245,44,0.83540159409562,5.421,0.0488481846658108,0.602333333333333
2.5,246,45,0.831943059487829,5.478,0.0490297860480741,0.608666666666667
2.5,247,46,0.828547857435515,5.49,0.0488086291784789,0.61
2.5,248,47,0.825212290186615,5.455,0.048521431649626,0.606111111111111
2.5,249,48,0.821956862927703,5.44,0.0480906717847932,0.604444444444444
2.5,250,49,0.818698264909975,5.413,0.0490799331686568,0.601444444444444
2.5,251,50,0.815465068077257,5.405,0.0497337757308699,0.600555555555556
2.5,252,51,0.812317350228414,5.395,0.0491466213527481,0.599444444444444
2.5,253,52,0.809138612321333,5.392,0.0490585644178744,0.599111111111111
2.5,254,53,0.806152814016068,5.448,0.0492516164376532,0.605333333333333
2.5,255,54,0.80277088928681,5.424,0.0492813621225371,0.602666666666667
2.5,256,55,0.799698557306916,5.446,0.0487386854506712,0.605111111111111
2.5,257,56,0.796501681792785,5.416,0.0490443610351828,0.601777777777778
2.5,258,57,0.79323277535232,5.344,0.0500016416146926,0.593777777777778
2.5,259,58,0.790034108486698,5.404,0.0476345783339479,0.600444444444444
2.5,260,59,0.78709144372693,5.346,0.0480478156901287,0.594
2.5,261,60,0.783986097596864,5.342,0.0503942018051242,0.593555555555556
2.5,262,61,0.780866673941974,5.253,0.0495120434080685,0.583666666666667
2.5,263,62,0.777901132064292,5.279,0.0488010301176168,0.586555555555555
2.5,264,63,0.774368084736575,5.357,0.049213544608908,0.595222222222222
2.5,265,64,0.771206295055072,5.335,0.0517441054850931,0.592777777777778
2.5,266,65,0.76794471565447,5.356,0.0480163468994629,0.595111111111111
2.5,267,66,0.765171699116258,5.318,0.0489415086738371,0.590888888888889
2.5,268,67,0.762493630987759,5.289,0.0488248181037357,0.587666666666667
2.5,269,68,0.759511581700234,5.215,0.0487560473393011,0.579444444444444
2.5,270,69,0.75641470992805,5.137,0.0499872956833005,0.570777777777778
2.5,271,70,0.753378651642952,5.242,0.0516343112871868,0.582444444444444
2.5,272,71,0.750363092088368,5.255,0.0491771633321138,0.583888888888889
2.5,273,72,0.747452555030921,5.275,0.0503777025370641,0.586111111111111
2.5,274,73,0.744396001210044,5.212,0.0499154039104919,0.579111111111111
2.5,275,74,0.74172002026096,5.308,0.0498760826812173,0.589777777777778
2.5,276,75,0.738533313026961,5.282,0.04842334995455,0.586888888888889
2.5,277,76,0.735940029312106,5.247,0.0496634418607637,0.583
2.5,278,77,0.733102141239619,5.159,0.0518498544588835,0.573222222222222
2.5,279,78,0.730529792543038,5.274,0.0500342625350614,0.586
2.5,280,79,0.727914391448335,5.233,0.0501320678231431,0.581444444444444
2.5,281,80,0.72493753733801,5.223,0.0504560880054808,0.580333333333333
2.5,282,81,0.722010605537937,5.189,0.0506936766160125,0.576555555555556
2.5,283,82,0.719150976770469,5.094,0.0497960203594991,0.566
2.5,284,83,0.716323015524298,5.172,0.0504277598050811,0.574666666666667
2.5,285,84,0.713318559358552,5.252,0.0502495872721461,0.583555555555555
2.5,286,85,0.710473607768425,5.265,0.0495098598889779,0.585
2.5,287,86,0.707673615196556,5.2,0.0515233408724109,0.577777777777778
2.5,288,87,0.704611281777135,5.18,0.0520414095534345,0.575555555555555
2.5,289,88,0.701886834033585,5.132,0.0501107482191903,0.570222222222222
2.5,290,89,0.698769119238908,5.175,0.0506847506055218,0.575
2.5,291,90,0.695877221249227,5.145,0.0521218926334386,0.571666666666667
2.5,292,91,0.693081964418516,5.178,0.049363475898206,0.575333333333333
2.5,293,92,0.690110934558009,5.038,0.0534360497362165,0.559777777777778
2.5,294,93,0.687782422161976,5.115,0.0489915826971857,0.568333333333333
2.5,295,94,0.685050083642098,5.106,0.0519948792427432,0.567333333333333
2.5,296,95,0.682451033316212,5.2,0.049380547166252,0.577777777777778
2.5,297,96,0.679617951541741,5.077,0.0498754304097571,0.564111111111111
2.5,298,97,0.676673574012414,5.087,0.0493545019918837,0.565222222222222
2.5,299,98,0.674409594242005,5.176,0.0520743289513724,0.575111111111111
2.5,300,99,0.671521610597829,5.097,0.049295243391437,0.566333333333333
2.5,301,100,0.668834999286053,5.134,0.049764651315171,0.570444444444444
2.5,302,101,0.665939620510276,5.078,0.050442645256375,0.564222222222222
2.5,303,102,0.663290341353273,5.168,0.0502424153509788,0.574222222222222
2.5,304,103,0.660602301672825,5.186,0.0503183459181234,0.576222222222222
2.5,305,104,0.65800723838172,5.103,0.0488751448057167,0.567
2.5,306,105,0.655476338617275,5.135,0.0496310209268178,0.570555555555555
2.5,307,106,0.65254256073588,5.084,0.0511621106050323,0.564888888888889
2.5,308,107,0.650091117891175,5.015,0.0507873444310129,0.557222222222222
2.5,309,108,0.647508110435571,5.079,0.0503715822294306,0.564333333333333
2.5,310,109,0.644753492011479,5.076,0.0508016220686387,0.564
2.5,311,110,0.642148713192922,5.058,0.0510611715811854,0.562
2.5,312,111,0.639603737275475,5.028,0.0519028892250701,0.558666666666667
2.5,313,112,0.637029933393231,4.947,0.0502465492916253,0.549666666666667
2.5,314,113,0.634648673694708,5.027,0.0522781407856476,0.558555555555556
2.5,315,114,0.632357283885176,5.016,0.0501024376079075,0.557333333333333
2.5,316,115,0.62970077519356,5.116,0.0516256642495691,0.568444444444444
2.5,317,116,0.6271580176868,5.031,0.0521417084276854,0.559
2.5,318,117,0.624813529981354,5.092,0.0505776046693999,0.565777777777778
2.5,319,118,0.622111067047828,5.001,0.0509469782675536,0.555666666666667
2.5,320,119,0.619619729979837,5.083,0.0508792659115645,0.564777777777778
2.5,321,120,0.616853089055385,5.106,0.0496309099979763,0.567333333333333
2.5,322,121,0.614152813547729,5.02,0.0517907547954484,0.557777777777778
2.5,323,122,0.611813847650687,5.037,0.0517136858607594,0.559666666666667
2.5,324,123,0.609180296839864,4.893,0.0517322648569269,0.543666666666667
2.5,325,124,0.606694224186072,4.958,0.0516614450524267,0.550888888888889
2.5,326,125,0.604193072429952,4.908,0.0512070127829984,0.545333333333333
2.5,327,126,0.601848827331352,4.941,0.052136716786131,0.549
2.5,328,127,0.59967098086447,4.981,0.0518587343494643,0.553444444444444
2.5,329,128,0.597300523024093,4.902,0.0511371783637993,0.544666666666667
2.5,330,129,0.594959153183256,4.956,0.0504837856406649,0.550666666666667
2.5,331,130,0.592618534264241,5.05,0.0512066609155696,0.561111111111111
2.5,332,131,0.590234678661929,5.013,0.0516865795202439,0.557
2.5,333,132,0.588017170819014,5.011,0.0523031032981278,0.556777777777778
2.5,334,133,0.585497458010711,4.954,0.051619265284858,0.550444444444444
2.5,335,134,0.583026448244945,4.982,0.0517721581195566,0.553555555555555
2.5,336,135,0.58107387612188,4.986,0.0498827855306045,0.554
2.5,337,136,0.578582108336733,4.966,0.0498329943644503,0.551777777777778
2.5,338,137,0.576120383782524,4.932,0.052973410143035,0.548
2.5,339,138,0.573738333129987,4.867,0.0497371569833338,0.540777777777778
2.5,340,139,0.571610647352619,4.927,0.0508749374373989,0.547444444444444
2.5,341,140,0.569340512009317,4.951,0.0509823322161532,0.550111111111111
2.5,342,141,0.567033612224453,4.94,0.0514689134240178,0.548888888888889
2.5,343,142,0.564947028774834,4.89,0.0511323235782856,0.543333333333333
2.5,344,143,0.562701597111842,4.88,0.0508151766914392,0.542222222222222
2.5,345,144,0.56073891207056,4.946,0.0497952162718827,0.549555555555556
2.5,346,145,0.558913117207571,4.933,0.0516253443201703,0.548111111111111
2.5,347,146,0.556515349426997,4.857,0.0517032322415557,0.539666666666667
2.5,348,147,0.554375516239706,4.843,0.0526794658868721,0.538111111111111
2.5,349,148,0.552093123026594,4.909,0.0518402006786856,0.545444444444444
2.5,350,149,0.550176046106173,4.747,0.050710576436899,0.527444444444444
2.5,351,150,0.548028215119701,4.869,0.0522165257898836,0.541
2.5,352,151,0.54585090915833,4.887,0.0532265353377811,0.543
2.5,353,152,0.543655379196931,4.864,0.0521941397881816,0.540444444444444
2.5,354,153,0.541410058534095,4.846,0.051623143539976,0.538444444444444
2.5,355,154,0.539086465455894,4.88,0.0524437827616425,0.542222222222222
2.5,356,155,0.536977174475063,4.822,0.0529066641843456,0.535777777777778
2.5,357,156,0.534950975781685,4.826,0.0516177139012217,0.536222222222222
2.5,358,157,0.533129311364106,4.802,0.0514727641131254,0.533555555555556
2.5,359,158,0.531195801229231,4.788,0.0507309533680339,0.532
2.5,360,159,0.52890358110461,4.793,0.0526585598352625,0.532555555555556
2.5,361,160,0.527165236124932,4.715,0.0495199679647233,0.523888888888889
2.5,362,161,0.525232172264333,4.761,0.053223225303543,0.529
2.5,363,162,0.523088643141396,4.846,0.0521248597216435,0.538444444444444
2.5,364,163,0.520939404028782,4.701,0.0502406520969139,0.522333333333333
2.5,365,164,0.518850272797394,4.658,0.0515139756734975,0.517555555555556
2.5,366,165,0.516908330223067,4.864,0.0510892759208244,0.540444444444444
2.5,367,166,0.514819104471489,4.825,0.0539563368501446,0.536111111111111
2.5,368,167,0.512754988038546,4.777,0.0523833467336234,0.530777777777778
2.5,369,168,0.510715795047724,4.812,0.0519553207607782,0.534666666666667
2.5,370,169,0.50845744828165,4.798,0.0504751794820362,0.533111111111111
2.5,371,170,0.506747949140068,4.855,0.0500047545286994,0.539444444444444
2.5,372,171,0.504725687486936,4.758,0.0513231923215038,0.528666666666667
2.5,373,172,0.502775880450725,4.744,0.0533602034414347,0.527111111111111
2.5,374,173,0.500566809123771,4.798,0.0531979889283991,0.533111111111111
2.5,375,174,0.498526343307835,4.76,0.0530963202041277,0.528888888888889
2.5,376,175,0.496727921120173,4.683,0.0509814683008451,0.520333333333333
2.5,377,176,0.494533453304893,4.736,0.0506445344422166,0.526222222222222
2.5,378,177,0.492749945785647,4.627,0.0507192610695724,0.514111111111111
2.5,379,178,0.490392466364637,4.699,0.0510196236952216,0.522111111111111
2.5,380,179,0.488449848277642,4.662,0.0509740556985056,0.518
2.5,381,180,0.486871525327227,4.759,0.0508478564396231,0.528777777777778
2.5,382,181,0.484557998241641,4.744,0.0522416806122581,0.527111111111111
2.5,383,182,0.482755085691527,4.744,0.0511965339167123,0.527111111111111
2.5,384,183,0.480832049228536,4.772,0.050700952521492,0.530222222222222
2.5,385,184,0.47869469450562,4.699,0.0528695961228588,0.522111111111111
2.5,386,185,0.47674472831154,4.656,0.0536333901645285,0.517333333333333
2.5,387,186,0.474658078128444,4.682,0.0511418761045338,0.520222222222222
2.5,388,187,0.472980623276767,4.606,0.05360632087392,0.511777777777778
2.5,389,188,0.471146689686279,4.68,0.0520990817031771,0.52
2.5,390,189,0.469350502272139,4.796,0.0516241130582313,0.532888888888889
2.5,391,190,0.467180817114288,4.699,0.051313078567087,0.522111111111111
2.5,392,191,0.465046061447819,4.7,0.0519490009403328,0.522222222222222
2.5,393,192,0.46320582125767,4.683,0.05179955785713,0.520333333333333
2.5,394,193,0.46134280170801,4.625,0.0517402362968324,0.513888888888889
2.5,395,194,0.459744060060914,4.642,0.0527505319273524,0.515777777777778
2.5,396,195,0.458027403099504,4.62,0.0522334024196041,0.513333333333333
2.5,397,196,0.456056649721398,4.617,0.0515457851620088,0.513
2.5,398,197,0.454265898025994,4.662,0.0523114948409285,0.518
2.5,399,198,0.45252454623451,4.613,0.0519801205551984,0.512555555555556
2.5,400,199,0.450971390295883,4.634,0.0509179402238214,0.514888888888889
2.5,401,200,0.449423898350056,4.641,0.0515827469196802,0.515666666666667
2.5,402,201,0.447625569332638,4.627,0.0529024542877707,0.514111111111111
2.5,403,202,0.445612056853912,4.633,0.0523932825470599,0.514777777777778
2.5,404,203,0.443736325840987,4.623,0.0533452595524356,0.513666666666667
2.5,405,204,0.442023345348998,4.638,0.050926903985512,0.515333333333333
2.5,406,205,0.440442170054828,4.59,0.0533924222221726,0.51
2.5,407,206,0.438876629433986,4.653,0.0508643114391437,0.517
2.5,408,207,0.437529956108832,4.648,0.0504047283162666,0.516444444444444
2.5,409,208,0.435460735924032,4.596,0.0522830519147216,0.510666666666667
2.5,410,209,0.433692724785269,4.55,0.0507944886782028,0.505555555555556
2.5,411,210,0.431881760124881,4.641,0.0519115961401093,0.515666666666667
2.5,412,211,0.43015362120016,4.504,0.0496230435024541,0.500444444444444
2.5,413,212,0.428553673133098,4.572,0.0537373585478829,0.508
2.5,414,213,0.426789159226525,4.592,0.05265271415899,0.510222222222222
2.5,415,214,0.425383380078427,4.605,0.0536642791329098,0.511666666666667
2.5,416,215,0.423714522173129,4.545,0.0524282721794618,0.505
2.5,417,216,0.422172889891602,4.559,0.0535479820944392,0.506555555555556
2.5,418,217,0.420515082480852,4.523,0.0526520962853639,0.502555555555556
2.5,419,218,0.41882433861064,4.594,0.0502363184129537,0.510444444444444
2.5,420,219,0.417434969385431,4.566,0.0560427050095264,0.507333333333333
2.5,421,220,0.415763466248719,4.618,0.0522379632528374,0.513111111111111
2.5,422,221,0.414244940320576,4.569,0.0537226686336888,0.507666666666667
2.5,423,222,0.412629862342884,4.582,0.0520575257382253,0.509111111111111
2.5,424,223,0.411124087568593,4.531,0.0534218391006232,0.503444444444444
2.5,425,224,0.409695598907746,4.49,0.0523320039616163,0.498888888888889
2.5,426,225,0.408191148374475,4.623,0.0525893205569024,0.513666666666667
2.5,427,226,0.406212975267555,4.556,0.0529118480461952,0.506222222222222
2.5,428,227,0.404453154775307,4.505,0.052523649280431,0.500555555555556
2.5,429,228,0.403010947671474,4.526,0.0532931905984635,0.502888888888889
2.5,430,229,0.401555102751937,4.626,0.052104115373345,0.514
2.5,431,230,0.399732441258447,4.695,0.0524855192384502,0.521666666666667
2.5,432,231,0.398097660664011,4.554,0.0526674269151044,0.506
2.5,433,232,0.39674875750537,4.531,0.0539995829146387,0.503444444444444
2.5,434,233,0.395461153150372,4.502,0.0527899875239878,0.500222222222222
2.5,435,234,0.393714142046931,4.452,0.0526542350477952,0.494666666666667
2.5,436,235,0.392130925865377,4.508,0.0528652128599776,0.500888888888889
2.5,437,236,0.390259238689586,4.487,0.0530343628569594,0.498555555555556
2.5,438,237,0.388771054338298,4.494,0.0528275946334373,0.499333333333333
2.5,439,238,0.387142773728527,4.49,0.054247975472296,0.498888888888889
2.5,440,239,0.385484613922547,4.487,0.0527504844870036,0.498555555555556
2.5,441,240,0.383629931691766,4.469,0.0512607712258277,0.496555555555556
2.5,442,241,0.382023572158117,4.516,0.0540246486583918,0.501777777777778
2.5,443,242,0.380419704367995,4.522,0.0521366879868126,0.502444444444444
2.5,444,243,0.37891315953468,4.461,0.0548770488500471,0.495666666666667
2.5,445,244,0.377846055794954,4.441,0.052624027670716,0.493444444444444
2.5,446,245,0.37643414552955,4.514,0.05282607873574,0.501555555555556
2.5,447,246,0.374882069237424,4.485,0.0522925377994749,0.498333333333333
2.5,448,247,0.373478719658511,4.558,0.0548967180225711,0.506444444444444
2.5,449,248,0.372010122082508,4.544,0.0556521442638211,0.504888888888889
2.5,450,249,0.37051010935946,4.44,0.0522793757913494,0.493333333333333
2.5,451,250,0.369139504380459,4.413,0.056741965516279,0.490333333333333
2.5,452,251,0.367857797269148,4.546,0.0535046422915503,0.505111111111111
2.5,453,252,0.366738139823482,4.495,0.0521602884932176,0.499444444444444
2.5,454,253,0.36540426570198,4.472,0.0537597070872427,0.496888888888889
2.5,455,254,0.363886289782463,4.479,0.0523096099707816,0.497666666666667
2.5,456,255,0.362404466015611,4.493,0.0541930612522294,0.499222222222222
2.5,457,256,0.360771124256805,4.453,0.0543575730303124,0.494777777777778
2.5,458,257,0.35938546946407,4.379,0.0522310931063775,0.486555555555556
2.5,459,258,0.358078741811669,4.446,0.0519401750264839,0.494
2.5,460,259,0.356618298806255,4.347,0.0529281814574469,0.483
2.5,461,260,0.355019014822239,4.441,0.0532480455449245,0.493444444444444
2.5,462,261,0.353828813923425,4.409,0.0515594547816148,0.489888888888889
2.5,463,262,0.352472502005605,4.524,0.0539475146261097,0.502666666666667
2.5,464,263,0.351537342667721,4.545,0.05171701508836,0.505
2.5,465,264,0.350323996443797,4.502,0.0533933221184715,0.500222222222222
2.5,466,265,0.348777913577345,4.419,0.0540403493637797,0.491
2.5,467,266,0.347505123184123,4.436,0.0543033410837017,0.492888888888889
2.5,468,267,0.346059042151674,4.496,0.0523136762302241,0.499555555555556
2.5,469,268,0.344536249642228,4.439,0.0523929768578197,0.493222222222222
2.5,470,269,0.343289169508423,4.433,0.0528043492460542,0.492555555555556
2.5,471,270,0.342024804890933,4.487,0.0517543187522501,0.498555555555556
2.5,472,271,0.340705896105608,4.462,0.053753562165176,0.495777777777778
2.5,473,272,0.339418618563719,4.433,0.0536506233830452,0.492555555555556
2.5,474,273,0.337945149782151,4.407,0.0528786076513666,0.489666666666667
2.5,475,274,0.336691023352333,4.408,0.0527287048609798,0.489777777777778
2.5,476,275,0.335441505201769,4.219,0.0517273111104254,0.468777777777778
2.5,477,276,0.334052670423968,4.389,0.0520421693186149,0.487666666666667
2.5,478,277,0.332985677302678,4.354,0.0533059614445283,0.483777777777778
2.5,479,278,0.331445004159479,4.369,0.0533824754829586,0.485444444444444
2.5,480,279,0.330132813264257,4.414,0.0533239856673098,0.490444444444444
2.5,481,280,0.32867139058048,4.367,0.0525077905464329,0.485222222222222
2.5,482,281,0.327396103415607,4.338,0.0531656146638274,0.482
2.5,483,282,0.326089475218289,4.378,0.051708701296685,0.486444444444444
2.5,484,283,0.324723757299291,4.451,0.0539676895142966,0.494555555555556
2.5,485,284,0.323191134549553,4.408,0.0546307653298077,0.489777777777778
2.5,486,285,0.321845753928417,4.305,0.0537481521902275,0.478333333333333
2.5,487,286,0.320319032566311,4.362,0.0538131197000496,0.484666666666667
2.5,488,287,0.319134686529689,4.355,0.0532147235904389,0.483888888888889
2.5,489,288,0.317916511299292,4.343,0.0540210076661781,0.482555555555556
2.5,490,289,0.316313953544015,4.352,0.052715034618929,0.483555555555556
2.5,491,290,0.315278771415763,4.305,0.053505493529523,0.478333333333333
2.5,492,291,0.313772049180163,4.387,0.0521339519790029,0.487444444444444
2.5,493,292,0.312534386328945,4.341,0.0521098304970803,0.482333333333333
2.5,494,293,0.311320211228467,4.294,0.0547042645189253,0.477111111111111
2.5,495,294,0.310110544326908,4.284,0.0537608987483862,0.476
2.5,496,295,0.30876820817076,4.332,0.054797616542864,0.481333333333333
2.5,497,296,0.307536340770117,4.229,0.0523574283201563,0.469888888888889
2.5,498,297,0.306284973414722,4.228,0.0520646398885724,0.469777777777778
2.5,499,298,0.305089736708013,4.21,0.0538962411008858,0.467777777777778
2.5,500,299,0.304042781250616,4.368,0.0534175011529876,0.485333333333333
2.5,501,300,0.302937738110098,4.31,0.0541925902392278,0.478888888888889
2.5,502,301,0.301565613515076,4.356,0.0509299308644521,0.484
2.5,503,302,0.300692103573838,4.336,0.0515146363450018,0.481777777777778
2.5,504,303,0.299458343466697,4.286,0.0540289100678805,0.476222222222222
2.5,505,304,0.29813675614142,4.391,0.0519694123482247,0.487888888888889
2.5,506,305,0.296703381026195,4.358,0.0530155321264123,0.484222222222222
2.5,507,306,0.295623722181688,4.218,0.054345463742887,0.468666666666667
2.5,508,307,0.294551580320498,4.304,0.0535018359165967,0.478222222222222
2.5,509,308,0.293387533605837,4.288,0.0553002180295352,0.476444444444444
2.5,510,309,0.292311419727869,4.353,0.0546385978624669,0.483666666666667
2.5,511,310,0.290802930417059,4.243,0.0539894977367439,0.471444444444444
2.5,512,311,0.289599678155501,4.32,0.0525962581023248,0.48
2.5,513,312,0.288290084051225,4.274,0.0521693937634478,0.474888888888889
2.5,514,313,0.287041452689243,4.329,0.0527972210115887,0.481
2.5,515,314,0.285809214491493,4.257,0.0526281362079326,0.473
2.5,516,315,0.284686439009015,4.288,0.0540368020517128,0.476444444444444
2.5,517,316,0.283555487330759,4.258,0.0521743055359451,0.473111111111111
2.5,518,317,0.282417350829219,4.379,0.0525749286554258,0.486555555555556
2.5,519,318,0.28145186948006,4.313,0.0506121783031771,0.479222222222222
2.5,520,319,0.280140173937252,4.213,0.0537263205283734,0.468111111111111
2.5,521,320,0.279138781815347,4.181,0.0546555232911205,0.464555555555556
2.5,522,321,0.278229809263846,4.143,0.0513925305097172,0.460333333333333
2.5,523,322,0.276933401079529,4.277,0.0528494471500322,0.475222222222222
2.5,524,323,0.275694534334444,4.305,0.0513089427644694,0.478333333333333
2.5,525,324,0.274450412559859,4.203,0.0527311252636578,0.467
2.5,526,325,0.273106131493659,4.204,0.0514493054475085,0.467111111111111
2.5,527,326,0.272305625681314,4.205,0.0538318945688601,0.467222222222222
2.5,528,327,0.271043670568386,4.23,0.0556074832391489,0.47
2.5,529,328,0.27015025804173,4.301,0.0533783499955577,0.477888888888889
2.5,530,329,0.268719770488702,4.323,0.0526825060759872,0.480333333333333
2.5,531,330,0.267634551659414,4.184,0.052085092462785,0.464888888888889
2.5,532,331,0.266714241799469,4.246,0.0558265223760231,0.471777777777778
2.5,533,332,0.265480325249786,4.181,0.0530004532815338,0.464555555555556
2.5,534,333,0.26440881509227,4.232,0.0533199682953678,0.470222222222222
2.5,535,334,0.263117979536325,4.197,0.0536942648154722,0.466333333333333
2.5,536,335,0.262193165947183,4.18,0.0533520988007636,0.464444444444444
2.5,537,336,0.261436405636837,4.205,0.0547354635585649,0.467222222222222
2.5,538,337,0.26042532184254,4.171,0.0545594697164089,0.463444444444444
2.5,539,338,0.259496948856522,4.176,0.0535340068544275,0.464
2.5,540,339,0.258712271070337,4.111,0.0532495494301549,0.456777777777778
2.5,541,340,0.257771518088014,4.138,0.053402320247418,0.459777777777778
2.5,542,341,0.256710232483208,4.258,0.0541513468749243,0.473111111111111
2.5,543,342,0.25539316373858,4.293,0.0543332596399581,0.477
2.5,544,343,0.254295490097681,4.242,0.0539476259565362,0.471333333333333
2.5,545,344,0.25328891425966,4.159,0.0533156783841448,0.462111111111111
2.5,546,345,0.25234734462816,4.181,0.0530193365674264,0.464555555555556
2.5,547,346,0.251154090175663,4.114,0.0518622569282681,0.457111111111111
2.5,548,347,0.250085396921471,4.165,0.0526169511045968,0.462777777777778
2.5,549,348,0.248984322646146,4.204,0.0557269188946373,0.467111111111111
2.5,550,349,0.247904122532766,4.204,0.0549126524527763,0.467111111111111
2.5,551,350,0.246778469659583,4.08,0.0525391317054285,0.453333333333333
2.5,552,351,0.245968732447636,4.186,0.0548854845693868,0.465111111111111
2.5,553,352,0.244668534150325,4.091,0.0537923099765442,0.454555555555555
2.5,554,353,0.243565732358356,4.085,0.0519275598451484,0.453888888888889
2.5,555,354,0.24261346895939,4.108,0.0550214809266651,0.456444444444444
2.5,556,355,0.241451118676779,4.122,0.0537587760835942,0.458
2.5,557,356,0.240531240556011,4.183,0.0546671702166799,0.464777777777778
2.5,558,357,0.23930752577552,4.167,0.0533475112536371,0.463
2.5,559,358,0.23828346304799,4.184,0.0534696456225681,0.464888888888889
2.5,560,359,0.237403549397729,4.243,0.0534116448333489,0.471444444444444
2.5,561,360,0.236765686008703,4.105,0.052275306863831,0.456111111111111
2.5,562,361,0.235856001415081,4.047,0.0550438081969338,0.449666666666667
2.5,563,362,0.234723421847416,4.164,0.0520558720397016,0.462666666666667
2.5,564,363,0.233824628514502,4.132,0.0526435879034412,0.459111111111111
2.5,565,364,0.232814987612414,4.12,0.0532769972731049,0.457777777777778
2.5,566,365,0.232009193512895,4.096,0.0551345973398172,0.455111111111111
2.5,567,366,0.231002531030792,4.039,0.0550136847112201,0.448777777777778
2.5,568,367,0.230228380390039,4.178,0.0536208093112291,0.464222222222222
2.5,569,368,0.229229485444917,4.216,0.0541504965469041,0.468444444444444
2.5,570,369,0.228167945701753,4.182,0.053025349481995,0.464666666666667
2.5,571,370,0.227366535530153,4.086,0.0545305196892305,0.454
2.5,572,371,0.226749569009566,4.139,0.0517335032194357,0.459888888888889
2.5,573,372,0.225991070764031,4.127,0.0546796201601736,0.458555555555556
2.5,574,373,0.224962074811284,4.161,0.0533096700507602,0.462333333333333
2.5,575,374,0.224107004843039,4.16,0.0524514170557016,0.462222222222222
2.5,576,375,0.22328284753683,4.087,0.0539661314468928,0.454111111111111
2.5,577,376,0.222358099199645,4.13,0.0522860768640549,0.458888888888889
2.5,578,377,0.221473369591955,4.054,0.0527623717043488,0.450444444444444
2.5,579,378,0.220306190957339,4.085,0.0519082793923038,0.453888888888889
2.5,580,379,0.219642685997386,4.129,0.0527934290053804,0.458777777777778
2.5,581,380,0.218628770275214,4.151,0.0542138187009376,0.461222222222222
2.5,582,381,0.217607654105013,4.097,0.0513247038493669,0.455222222222222
2.5,583,382,0.216761853085389,4.084,0.054881289671034,0.453777777777778
2.5,584,383,0.215797472724582,4.089,0.0531027202589367,0.454333333333333
2.5,585,384,0.214747542254402,4.09,0.0537288264043315,0.454444444444444
2.5,586,385,0.213757017153102,4.081,0.0534162175026678,0.453444444444444
2.5,587,386,0.212639215527194,4.123,0.0545788406788733,0.458111111111111
2.5,588,387,0.211875174282814,4.068,0.0538170258586657,0.452
2.5,589,388,0.210944714869577,4.107,0.0542447554468956,0.456333333333333
2.5,590,389,0.209969776500409,4.119,0.0536070211139612,0.457666666666667
2.5,591,390,0.20931002152316,4.103,0.0538822261445673,0.455888888888889
2.5,592,391,0.208602157856327,4.113,0.0541032176322089,0.457
2.5,593,392,0.207514649653713,4.054,0.0535532627572957,0.450444444444444
2.5,594,393,0.206807908249212,4.016,0.0546326708914064,0.446222222222222
2.5,595,394,0.206084765470412,4.014,0.0532225200139625,0.446
2.5,596,395,0.205167344692854,4.054,0.0552280194659752,0.450444444444444
2.5,597,396,0.204291797280798,3.991,0.0520925391263726,0.443444444444444
2.5,598,397,0.203650621016533,4.043,0.0526870660307341,0.449222222222222
2.5,599,398,0.203000962111203,4.073,0.053652115983897,0.452555555555556
2.5,600,399,0.202107594233276,4.024,0.0545747414322998,0.447111111111111
2.5,601,400,0.200772909062281,4.079,0.0555143300494641,0.453222222222222
2.5,602,401,0.199980096272252,4.036,0.0526828195855106,0.448444444444444
2.5,603,402,0.199077760686622,4.092,0.0561309779594716,0.454666666666667
2.5,604,403,0.198119177941023,4.112,0.0543360691291559,0.456888888888889
2.5,605,404,0.197216508403712,4.118,0.0534877269748579,0.457555555555556
2.5,606,405,0.196291381046754,4.035,0.0544126431607189,0.448333333333333
2.5,607,406,0.195559394991523,4.138,0.0550634905176559,0.459777777777778
2.5,608,407,0.194836438775162,4.155,0.0536456228676011,0.461666666666667
2.5,609,408,0.193853359032385,4.105,0.0539340697878797,0.456111111111111
2.5,610,409,0.192892352468069,4.065,0.0519757296868111,0.451666666666667
2.5,611,410,0.192580454397475,4.029,0.0541210503232164,0.447666666666667
2.5,612,411,0.191993596999079,4.127,0.0540165603198574,0.458555555555556
2.5,613,412,0.191335351617772,4.083,0.0531877799869474,0.453666666666667
2.5,614,413,0.190423648201233,4.077,0.054937137612812,0.453
2.5,615,414,0.189292806608299,4.106,0.0550980925241497,0.456222222222222
2.5,616,415,0.188685361811985,4.138,0.0545521029102629,0.459777777777778
2.5,617,416,0.187847111229771,3.985,0.0531563787385916,0.442777777777778
2.5,618,417,0.187061072864504,4.138,0.0545337503746984,0.459777777777778
2.5,619,418,0.186053152486118,4.112,0.0546483526050186,0.456888888888889
2.5,620,419,0.185687956003098,4.082,0.0547564998358577,0.453555555555556
2.5,621,420,0.184836927088068,4.093,0.0533403805404143,0.454777777777778
2.5,622,421,0.183853564956554,4.053,0.0539731794885581,0.450333333333333
2.5,623,422,0.183080717819271,4.028,0.0547010805031143,0.447555555555556
2.5,624,423,0.182438690081066,4.039,0.0518282274939552,0.448777777777778
2.5,625,424,0.181790719917194,3.968,0.0533837599446295,0.440888888888889
2.5,626,425,0.181279786407672,4.056,0.0537378056097543,0.450666666666667
2.5,627,426,0.180485953851757,4.039,0.0546119168447829,0.448777777777778
2.5,628,427,0.179700597093367,4.01,0.0520442946787506,0.445555555555556
2.5,629,428,0.179343843936154,3.987,0.0540902648981937,0.443
2.5,630,429,0.178690459998055,3.989,0.0540536844331707,0.443222222222222
2.5,631,430,0.178197591837951,4.053,0.0512915375263974,0.450333333333333
2.5,632,431,0.177383215422343,3.971,0.053150578397455,0.441222222222222
2.5,633,432,0.176887146652307,4.009,0.0544047688983138,0.445444444444444
2.5,634,433,0.176223739784425,3.94,0.0544551683990175,0.437777777777778
2.5,635,434,0.175329852854522,4.093,0.0536584590743179,0.454777777777778
2.5,636,435,0.174770823004008,4.019,0.0535117043505669,0.446555555555556
2.5,637,436,0.174035030269539,4.061,0.0529346869366496,0.451222222222222
2.5,638,437,0.173654033291087,4.11,0.0521787564303962,0.456666666666667
2.5,639,438,0.172815158629959,4.015,0.0537928310155605,0.446111111111111
2.5,640,439,0.171965001458627,3.968,0.0527992780610091,0.440888888888889
2.5,641,440,0.171328555075202,3.841,0.0536712176086923,0.426777777777778
2.5,642,441,0.170588948231706,3.916,0.0540172367107191,0.435111111111111
2.5,643,442,0.169542688651178,3.928,0.0545875058579876,0.436444444444444
2.5,644,443,0.168735478516234,4.064,0.0528838415841804,0.451555555555556
2.5,645,444,0.168034614599019,4.067,0.0520693981357782,0.451888888888889
2.5,646,445,0.167234613840478,4.064,0.0530161740859777,0.451555555555555
2.5,647,446,0.166455764027284,3.965,0.0550527547521993,0.440555555555556
2.5,648,447,0.166007404676389,3.94,0.0553666457848538,0.437777777777778
2.5,649,448,0.165348055202709,4.011,0.052930904778595,0.445666666666667
2.5,650,449,0.164927149839384,3.947,0.0548379266402205,0.438555555555556
2.5,651,450,0.164267862257699,3.968,0.0540730977464755,0.440888888888889
2.5,652,451,0.163548014441558,3.968,0.0541101090731103,0.440888888888889
2.5,653,452,0.163055311885265,3.981,0.0547140990297071,0.442333333333333
2.5,654,453,0.16239228845217,3.838,0.0540247598298659,0.426444444444444
2.5,655,454,0.161730383892143,4.017,0.0538294399804476,0.446333333333333
2.5,656,455,0.160949451134666,3.968,0.0513187062347601,0.440888888888889
2.5,657,456,0.159978985030011,4.034,0.051802775287889,0.448222222222222
2.5,658,457,0.159306348229417,3.971,0.0536193438418829,0.441222222222222
2.5,659,458,0.15878566721019,3.982,0.0545587083118054,0.442444444444444
2.5,660,459,0.158272985186253,3.951,0.0540696081225167,0.439
2.5,661,460,0.157721094063201,3.986,0.0534664629713118,0.442888888888889
2.5,662,461,0.156985049161318,4.086,0.0544570433421569,0.454
2.5,663,462,0.156643047104893,3.972,0.0528015530453792,0.441333333333333
2.5,664,463,0.155768533797856,4.019,0.0532115633154152,0.446555555555556
2.5,665,464,0.154906582341524,3.963,0.0549240170385202,0.440333333333333
2.5,666,465,0.1540121912246,3.963,0.0562387214807894,0.440333333333333
2.5,667,466,0.153465310847667,3.948,0.0566966534330775,0.438666666666667
2.5,668,467,0.152722293110798,3.894,0.0528730513547264,0.432666666666667
2.5,669,468,0.151908313333422,3.89,0.0524657283629289,0.432222222222222
2.5,670,469,0.151077025588262,3.963,0.0523676748898916,0.440333333333333
2.5,671,470,0.150384778790902,3.888,0.0517700312549272,0.432
2.5,672,471,0.14959873799999,3.924,0.0526021956860261,0.436
2.5,673,472,0.149369938756849,3.986,0.0523693282995548,0.442888888888889
2.5,674,473,0.148872937237784,3.963,0.0539679862839401,0.440333333333333
2.5,675,474,0.148349680818157,3.926,0.0543090551701414,0.436222222222222
2.5,676,475,0.147970584168194,3.9,0.0535805083110536,0.433333333333333
2.5,677,476,0.147255104927795,3.957,0.0555719285182659,0.439666666666667
2.5,678,477,0.146763623153228,3.892,0.0570402453500123,0.432444444444444
2.5,679,478,0.145729671356236,3.935,0.0552070903310689,0.437222222222222
2.5,680,479,0.145040330554805,3.946,0.0529517505649048,0.438444444444444
2.5,681,480,0.14423707468476,3.934,0.0534462393485312,0.437111111111111
2.5,682,481,0.143619165580894,3.967,0.0524849089326224,0.440777777777778
2.5,683,482,0.143010947413783,3.871,0.0531336257202741,0.430111111111111
2.5,684,483,0.142637905992466,3.867,0.0532366898402328,0.429666666666667
2.5,685,484,0.141964057938775,3.921,0.0542374474021473,0.435666666666667
2.5,686,485,0.141214518167044,3.95,0.0538739491999835,0.438888888888889
2.5,687,486,0.140373447340868,3.91,0.0534673616214487,0.434444444444444
2.5,688,487,0.139876664694604,4.065,0.0540156708066527,0.451666666666667
2.5,689,488,0.13956601160276,3.914,0.0543097924278259,0.434888888888889
2.5,690,489,0.139010106029688,3.938,0.0528862264956856,0.437555555555556
2.5,691,490,0.138240621512783,4.056,0.0559821221283902,0.450666666666667
2.5,692,491,0.137239648987617,3.949,0.0523750144834552,0.438777777777778
2.5,693,492,0.136686907381341,3.919,0.0529267440925686,0.435444444444444
2.5,694,493,0.135930605561241,3.854,0.0540333563977254,0.428222222222222
2.5,695,494,0.135219910252784,3.929,0.0531863496377386,0.436555555555556
2.5,696,495,0.134485329000702,3.887,0.0543063548784135,0.431888888888889
2.5,697,496,0.134318363196165,3.788,0.0548458208441087,0.420888888888889
2.5,698,497,0.133430972892441,3.891,0.0537960315730912,0.432333333333333
2.5,699,498,0.133053315681915,3.944,0.0536072545252761,0.438222222222222
2.5,700,499,0.13248087404291,3.887,0.0545637994297337,0.431888888888889
2.5,701,500,0.13224914706463,3.933,0.0516641092072644,0.437
2.5,702,501,0.131986650573282,3.898,0.0532957450124908,0.433111111111111
2.5,703,502,0.131478275890764,3.967,0.0535609912135667,0.440777777777778
2.5,704,503,0.13064401368288,3.929,0.0554529894057482,0.436555555555556
2.5,705,504,0.129821896850732,3.889,0.0547144649308815,0.432111111111111
2.5,706,505,0.129120400118897,3.808,0.0551922293641253,0.423111111111111
2.5,707,506,0.128423363682912,3.938,0.0539357494159956,0.437555555555556
2.5,708,507,0.128124109675917,3.932,0.0529923030654849,0.436888888888889
2.5,709,508,0.127838902097855,3.876,0.0554228806152809,0.430666666666667
2.5,710,509,0.127623631593905,3.938,0.0566865889727841,0.437555555555556
2.5,711,510,0.126957693572758,3.961,0.0527850856328309,0.440111111111111
2.5,712,511,0.126470010212009,3.888,0.0538363664668629,0.432
2.5,713,512,0.125813098192999,3.958,0.0536387277357798,0.439777777777778
2.5,714,513,0.125432300762123,3.803,0.0552380506738083,0.422555555555556
2.5,715,514,0.124816366296669,3.877,0.0531101844441504,0.430777777777778
2.5,716,515,0.124265773493791,3.868,0.0548596899880557,0.429777777777778
2.5,717,516,0.123649273907334,3.848,0.0544229534099157,0.427555555555556
2.5,718,517,0.122854544700586,3.85,0.0537251001524092,0.427777777777778
2.5,719,518,0.1228830426332,3.885,0.051908279392304,0.431666666666667
2.5,720,519,0.122521084355938,3.824,0.0543320897442385,0.424888888888889
2.5,721,520,0.1222804486135,3.848,0.0541093690946754,0.427555555555556
2.5,722,521,0.121927619455632,3.927,0.0526539974118151,0.436333333333333
2.5,723,522,0.121293312103727,3.893,0.0556475304721393,0.432555555555556
2.5,724,523,0.120712055606324,3.842,0.055336227718359,0.426888888888889
2.5,725,524,0.120633757032193,3.858,0.0534854811766397,0.428666666666667
2.5,726,525,0.120279312612801,3.827,0.0547180506329038,0.425222222222222
2.5,727,526,0.119742424384572,3.812,0.0540701357458956,0.423555555555556
2.5,728,527,0.118985666897281,3.891,0.0532348847369182,0.432333333333333
2.5,729,528,0.11822513042138,3.862,0.0529316328650246,0.429111111111111
2.5,730,529,0.117632975081968,3.804,0.0560600278873169,0.422666666666667
2.5,731,530,0.117077660248968,3.939,0.0547016569335088,0.437666666666667
2.5,732,531,0.116635275548869,3.917,0.0527341624745466,0.435222222222222
2.5,733,532,0.116248937582048,3.988,0.0535604772637879,0.443111111111111
2.5,734,533,0.115847788406616,3.897,0.0536588321739326,0.433
2.5,735,534,0.115510610666276,3.897,0.053863645367653,0.433
2.5,736,535,0.115097069512445,3.862,0.0529694417731748,0.429111111111111
2.5,737,536,0.114731599013361,3.871,0.0531712909960458,0.430111111111111
2.5,738,537,0.114385770434214,3.849,0.0530189589676184,0.427666666666667
2.5,739,538,0.113962760252866,3.866,0.0542493040230658,0.429555555555556
2.5,740,539,0.113499125043558,3.943,0.0546144095796494,0.438111111111111
2.5,741,540,0.113198209829559,3.846,0.0530197613639963,0.427333333333333
2.5,742,541,0.112465727623743,3.914,0.0552780214882881,0.434888888888889
2.5,743,542,0.11203742140207,3.8,0.0542857895488952,0.422222222222222
2.5,744,543,0.111308054305988,3.77,0.0534224105966212,0.418888888888889
2.5,745,544,0.110804311236682,3.821,0.0547536022281363,0.424555555555556
2.5,746,545,0.110247136527993,3.897,0.0530962353675871,0.433
2.5,747,546,0.109959564242831,3.877,0.0521208939638181,0.430777777777778
2.5,748,547,0.109341309620399,3.976,0.0533316816561062,0.441777777777778
2.5,749,548,0.109040691884148,3.89,0.0529783607400861,0.432222222222222
2.5,750,549,0.108441907342349,3.857,0.0538837123299284,0.428555555555556
2.5,751,550,0.108143518116746,3.816,0.0533947094288844,0.424
2.5,752,551,0.107384194750862,3.858,0.0532792142835709,0.428666666666667
2.5,753,552,0.106800762064284,3.885,0.0551617423384891,0.431666666666667
2.5,754,553,0.106492825502282,3.839,0.0554811423562741,0.426555555555556
2.5,755,554,0.106114928589306,3.835,0.0534287341196628,0.426111111111111
2.5,756,555,0.105773896492207,3.823,0.0541535188478423,0.424777777777778
2.5,757,556,0.105231709116084,3.928,0.0538304162506082,0.436444444444444
2.5,758,557,0.104998411789049,3.8,0.0546350161067513,0.422222222222222
2.5,759,558,0.104309027764404,3.875,0.0528409610734624,0.430555555555556
2.5,760,559,0.103622660328979,3.924,0.0538249117149403,0.436
2.5,761,560,0.103124115074858,3.861,0.0535775097363582,0.429
2.5,762,561,0.102792139504553,3.811,0.0546833545904902,0.423444444444444
2.5,763,562,0.10206871986829,3.816,0.053150437147487,0.424
2.5,764,563,0.101676352387108,3.789,0.054913518321944,0.421
2.5,765,564,0.101046168123336,3.827,0.0539442395532733,0.425222222222222
2.5,766,565,0.100847735970852,3.819,0.0542695511699164,0.424333333333333
2.5,767,566,0.100438962052742,3.816,0.0529428649295346,0.424
2.5,768,567,0.0996418798319804,3.818,0.0527034501114839,0.424222222222222
2.5,769,568,0.0990646669847502,3.83,0.0541297518009276,0.425555555555556
2.5,770,569,0.099023599925003,3.763,0.0554247499128583,0.418111111111111
2.5,771,570,0.0987761635288986,3.87,0.0546634072125778,0.43
2.5,772,571,0.0983255925702896,3.846,0.0547839874898251,0.427333333333333
2.5,773,572,0.0982202206549118,3.868,0.0556567486804041,0.429777777777778
2.5,774,573,0.0977895559846066,3.793,0.0536938919620661,0.421444444444444
2.5,775,574,0.0975934825765893,3.822,0.0527740570839603,0.424666666666667
2.5,776,575,0.0972222429575706,3.846,0.053414765160367,0.427333333333333
2.5,777,576,0.0966944327898069,3.759,0.0532705993654735,0.417666666666667
2.5,778,577,0.0963551247035556,3.783,0.0527702159906106,0.420333333333333
2.5,779,578,0.0959779069702114,3.807,0.0547791178438622,0.423
2.5,780,579,0.0956436837383368,3.825,0.0564407703753284,0.425
2.5,781,580,0.0953273821309069,3.843,0.0550398072342225,0.427
2.5,782,581,0.0947801494134806,3.815,0.0552795697417305,0.423888888888889
2.5,783,582,0.0940714567248128,3.833,0.0548098085666708,0.425888888888889
2.5,784,583,0.0937915025768531,3.761,0.0540999612366386,0.417888888888889
2.5,785,584,0.0932702765363317,3.842,0.0528756260656252,0.426888888888889
2.5,786,585,0.0927689002238125,3.737,0.053746811251643,0.415222222222222
2.5,787,586,0.0924352319266272,3.826,0.0532217676947746,0.425111111111111
2.5,788,587,0.091963206483009,3.831,0.05247086993935,0.425666666666667
2.5,789,588,0.0918175675149861,3.696,0.0550328321333056,0.410666666666667
2.5,790,589,0.0914156378942984,3.691,0.0549594354004798,0.410111111111111
2.5,791,590,0.0908708910028327,3.719,0.053674201623498,0.413222222222222
2.5,792,591,0.090521716557006,3.858,0.0531098546096357,0.428666666666667
2.5,793,592,0.0901046241594846,3.81,0.0520250574877779,0.423333333333333
2.5,794,593,0.0897486728909615,3.833,0.0552282641512582,0.425888888888889
2.5,795,594,0.0893810019122666,3.74,0.0539380135832724,0.415555555555556
2.5,796,595,0.0891180066902752,3.695,0.0529601716366155,0.410555555555556
2.5,797,596,0.0887457171179494,3.661,0.0525627419551326,0.406777777777778
2.5,798,597,0.0886345379560563,3.828,0.0517793114776267,0.425333333333333
2.5,799,598,0.0884589786433469,3.751,0.0519971412935624,0.416777777777778
2.5,800,599,0.0883269851505524,3.783,0.0534112700070291,0.420333333333333
2.5,801,600,0.0878621664426722,3.809,0.05254788559286,0.423222222222222
2.5,802,601,0.0876482683879288,3.815,0.0538857929205714,0.423888888888889
2.5,803,602,0.0870400669470592,3.842,0.0553543141959151,0.426888888888889
2.5,804,603,0.0867687696108123,3.939,0.0543896795103378,0.437666666666667
2.5,805,604,0.0862301366647642,3.855,0.0543960838106379,0.428333333333333
2.5,806,605,0.0858489283714876,3.801,0.0542433529692011,0.422333333333333
2.5,807,606,0.0856928381175554,3.87,0.0533098672099448,0.43
2.5,808,607,0.0853428136264311,3.729,0.0569983140786445,0.414333333333333
2.5,809,608,0.0851094257528907,3.757,0.0541191267472036,0.417444444444444
2.5,810,609,0.0847906277643491,3.788,0.0532718865246379,0.420888888888889
2.5,811,610,0.0843569197845441,3.855,0.053318081527919,0.428333333333333
2.5,812,611,0.0840754908777162,3.806,0.0530016336840024,0.422888888888889
2.5,813,612,0.0836620447223588,3.828,0.0552400893144412,0.425333333333333
2.5,814,613,0.0832351431249086,3.82,0.0528998903439165,0.424444444444444
2.5,815,614,0.0827710876844428,3.787,0.0535770613369332,0.420777777777778
2.5,816,615,0.0823318173881801,3.786,0.0530378828481778,0.420666666666667
2.5,817,616,0.0821016496219971,3.742,0.0537431328108469,0.415777777777778
2.5,818,617,0.0818271062235269,3.765,0.0524454528584274,0.418333333333333
2.5,819,618,0.0812309910707537,3.811,0.0531234515172076,0.423444444444444
2.5,820,619,0.0810649585296388,3.772,0.0538787427369915,0.419111111111111
2.5,821,620,0.080732715699718,3.71,0.0520250574877781,0.412222222222222
2.5,822,621,0.0807587225036914,3.791,0.0544819904857312,0.421222222222222
2.5,823,622,0.0802807996605805,3.816,0.0554907489877657,0.424
2.5,824,623,0.0802255300490293,3.812,0.0529287961081438,0.423555555555556
2.5,825,624,0.0799257204198544,3.783,0.0532611279241038,0.420333333333333
2.5,826,625,0.0795019168457148,3.842,0.0548456383319953,0.426888888888889
2.5,827,626,0.0793774812028357,3.755,0.0538132964133483,0.417222222222222
2.5,828,627,0.079182643711497,3.767,0.0526448713787248,0.418555555555556
2.5,829,628,0.0786917320482789,3.808,0.053572436998946,0.423111111111111
2.5,830,629,0.0780942363812971,3.761,0.0538588876582108,0.417888888888889
2.5,831,630,0.0777592041966684,3.806,0.053974783716818,0.422888888888889
2.5,832,631,0.07737487917096,3.774,0.0549357983644723,0.419333333333333
2.5,833,632,0.0771234166942719,3.717,0.0541649780286564,0.413
2.5,834,633,0.0762873895825616,3.752,0.0544192746869843,0.416888888888889
2.5,835,634,0.075978356225661,3.852,0.0520654089276825,0.428
2.5,836,635,0.0756435521553604,3.856,0.0526120901697699,0.428444444444444
2.5,837,636,0.0753407345940381,3.88,0.054613025759269,0.431111111111111
2.5,838,637,0.0748703355337871,3.843,0.05415980321497,0.427
2.5,839,638,0.0746372997508604,3.884,0.0539207886760893,0.431555555555556
2.5,840,639,0.074440433729283,3.862,0.0535520664757562,0.429111111111111
2.5,841,640,0.0742151793357617,3.703,0.0543299433346174,0.411444444444444
2.5,842,641,0.0739713736049151,3.659,0.0531935009991687,0.406555555555556
2.5,843,642,0.0736486173632104,3.68,0.053688755642895,0.408888888888889
2.5,844,643,0.0733622175812552,3.814,0.0538730573320866,0.423777777777778
2.5,845,644,0.0730291122848164,3.743,0.0546254055814227,0.415888888888889
2.5,846,645,0.0728273156779133,3.721,0.0547554303896619,0.413444444444444
2.5,847,646,0.0725371235086386,3.735,0.0537556012399142,0.415
2.5,848,647,0.0722787689372183,3.785,0.0539043660632485,0.420555555555556
2.5,849,648,0.0721347583574524,3.83,0.0539259493009442,0.425555555555556
2.5,850,649,0.0718794873675782,3.728,0.0554535038666727,0.414222222222222
2.5,851,650,0.0713570013899331,3.832,0.0543390166338031,0.425777777777778
2.5,852,651,0.0708936237477985,3.722,0.0551521328486736,0.413555555555556
2.5,853,652,0.0704960497046642,3.629,0.0538540551793388,0.403222222222222
2.5,854,653,0.0701776358495609,3.632,0.0553682367575638,0.403555555555556
2.5,855,654,0.069926018934881,3.661,0.0514657918206622,0.406777777777778
2.5,856,655,0.069787762090835,3.708,0.052148398397798,0.412
2.5,857,656,0.0691379433077664,3.735,0.0534006238411747,0.415
2.5,858,657,0.0685501133392887,3.73,0.0534411447852306,0.414444444444444
2.5,859,658,0.0679644652132056,3.709,0.0525650271766512,0.412111111111111
2.5,860,659,0.0675911048694817,3.688,0.0555854814294681,0.409777777777778
2.5,861,660,0.067553805887258,3.771,0.054658453568927,0.419
2.5,862,661,0.0672834075426228,3.777,0.0545916774907243,0.419666666666667
2.5,863,662,0.067084111962644,3.803,0.053113199979026,0.422555555555556
2.5,864,663,0.0666202470766044,3.679,0.0529411159852317,0.408777777777778
2.5,865,664,0.0663806999413768,3.614,0.0549911631812605,0.401555555555556
2.5,866,665,0.06641450543946,3.72,0.0521374943617193,0.413333333333333
2.5,867,666,0.0663773007460161,3.796,0.0526987776059479,0.421777777777778
2.5,868,667,0.0661795669300024,3.846,0.0526598239368218,0.427333333333333
2.5,869,668,0.0662457891707138,3.77,0.0544799785982713,0.418888888888889
2.5,870,669,0.0660993463820184,3.774,0.0535704563523011,0.419333333333333
2.5,871,670,0.0659211436890388,3.712,0.0538512391311098,0.412444444444444
2.5,872,671,0.0658997384648759,3.716,0.0551578315961241,0.412888888888889
2.5,873,672,0.0657495740491196,3.736,0.0537512157368855,0.415111111111111
2.5,874,673,0.0652416398622712,3.757,0.0550179786795006,0.417444444444444
2.5,875,674,0.0650014017413667,3.787,0.0549057888172608,0.420777777777778
2.5,876,675,0.0646959102677001,3.677,0.0540147071508175,0.408555555555556
2.5,877,676,0.0644805079536045,3.775,0.0538077157131788,0.419444444444444
2.5,878,677,0.0645203102150684,3.8,0.0537670055972144,0.422222222222222
2.5,879,678,0.0641657561495106,3.759,0.0545517634444106,0.417666666666667
2.5,880,679,0.064063647110023,3.67,0.0556074832391487,0.407777777777778
2.5,881,680,0.0638048111981323,3.709,0.0531709144753609,0.412111111111111
2.5,882,681,0.0635801385073897,3.776,0.0539512255165232,0.419555555555556
2.5,883,682,0.0631940454423431,3.736,0.0534711432752579,0.415111111111111
2.5,884,683,0.062834880489976,3.777,0.0544080070507204,0.419666666666667
2.5,885,684,0.0622750108663808,3.758,0.0536499237121015,0.417555555555556
2.5,886,685,0.061926435288674,3.701,0.0538934458306715,0.411222222222222
2.5,887,686,0.0618008588555989,3.741,0.0544875021256059,0.415666666666667
2.5,888,687,0.0614962998755591,3.682,0.0542385270616543,0.409111111111111
2.5,889,688,0.0614026158267718,3.705,0.0531300084490656,0.411666666666667
2.5,890,689,0.0611600843355581,3.645,0.0546622626952358,0.405
2.5,891,690,0.0609478347363832,3.743,0.05295049343259,0.415888888888889
2.5,892,691,0.0605371654973205,3.734,0.0543156901290428,0.414888888888889
2.5,893,692,0.0601557974155463,3.747,0.05484522767752,0.416333333333333
2.5,894,693,0.0597302558263601,3.757,0.0536920276561971,0.417444444444444
2.5,895,694,0.0597655868043789,3.785,0.0547519202656197,0.420555555555556
2.5,896,695,0.0594416362408141,3.739,0.0541277083277022,0.415444444444444
2.5,897,696,0.05891561418189,3.722,0.0531558232138449,0.413555555555556
2.5,898,697,0.0581206488890306,3.696,0.0516163564022901,0.410666666666667
2.5,899,698,0.0578539270790903,3.738,0.0550307585299746,0.415333333333333
2.5,900,699,0.0573286687794014,3.724,0.054321034367681,0.413777777777778
2.5,901,700,0.0571703876059417,3.839,0.0545532313896715,0.426555555555556
2.5,902,701,0.0571241535167934,3.739,0.0554612924024941,0.415444444444444
2.5,903,702,0.057037407110157,3.64,0.0544919202209775,0.404444444444444
2.5,904,703,0.0567114196008923,3.615,0.0526264623981558,0.401666666666667
2.5,905,704,0.0563273491467129,3.645,0.0543868819931143,0.405
2.5,906,705,0.0559022508800111,3.628,0.0545581578922217,0.403111111111111
2.5,907,706,0.0555876727325218,3.733,0.0543936546820462,0.414777777777778
2.5,908,707,0.0552585657229166,3.738,0.0528407811084218,0.415333333333333
2.5,909,708,0.0551588176017752,3.655,0.0549271516828607,0.406111111111111
2.5,910,709,0.054986808668105,3.731,0.0552964437979215,0.414555555555556
2.5,911,710,0.0551137791015968,3.734,0.0553923488607617,0.414888888888889
2.5,912,711,0.0548962592908222,3.787,0.052672624819781,0.420777777777778
2.5,913,712,0.0546309556854861,3.79,0.0553440418018324,0.421111111111111
2.5,914,713,0.0544374571471596,3.752,0.0530217625820503,0.416888888888889
2.5,915,714,0.0541894593789276,3.796,0.051817652099155,0.421777777777778
2.5,916,715,0.0539137070412802,3.743,0.0556781020783847,0.415888888888889
2.5,917,716,0.0539314619803378,3.73,0.0525724629807648,0.414444444444444
2.5,918,717,0.0537570555731255,3.718,0.0545476988648601,0.413111111111111
2.5,919,718,0.0535776646013955,3.71,0.054597443904279,0.412222222222222
2.5,920,719,0.0535657748328239,3.711,0.055267834529078,0.412333333333333
2.5,921,720,0.0537491167493082,3.769,0.0546683420969361,0.418777777777778
2.5,922,721,0.0534194364568845,3.766,0.0548292827807391,0.418444444444444
2.5,923,722,0.0532979425455909,3.652,0.054716449902108,0.405777777777778
2.5,924,723,0.0531709298252488,3.725,0.053835613428968,0.413888888888889
2.5,925,724,0.0527467620574671,3.706,0.0541155476041081,0.411777777777778
2.5,926,725,0.0523757878563549,3.618,0.0536745466395101,0.402
2.5,927,726,0.0518217324262907,3.685,0.0538393320322018,0.409444444444444
2.5,928,727,0.0516347570374352,3.691,0.0523474857014092,0.410111111111111
2.5,929,728,0.0514170838971511,3.801,0.0549765533788853,0.422333333333333
2.5,930,729,0.0511189080476532,3.755,0.0546072976529417,0.417222222222222
2.5,931,730,0.0511114469218393,3.658,0.0541476496993911,0.406444444444444
2.5,932,731,0.0508589987613731,3.712,0.0531401908152379,0.412444444444444
2.5,933,732,0.0504075793474608,3.707,0.0547553572643732,0.411888888888889
2.5,934,733,0.0499427726219951,3.734,0.0520572180773614,0.414888888888889
2.5,935,734,0.0498343635668746,3.635,0.0534661915011127,0.403888888888889
2.5,936,735,0.0496982116884881,3.685,0.0542099042031409,0.409444444444444
2.5,937,736,0.049771216086449,3.742,0.0536499237121015,0.415777777777778
2.5,938,737,0.0496745760373766,3.702,0.0540380987463114,0.411333333333333
2.5,939,738,0.0495748203483648,3.688,0.0561052921194053,0.409777777777778
2.5,940,739,0.049515331139395,3.624,0.0535302670410816,0.402666666666667
2.5,941,740,0.0493485880308994,3.673,0.0544337582207408,0.408111111111111
2.5,942,741,0.0489897240384595,3.628,0.0557918338892774,0.403111111111111
2.5,943,742,0.0486415927745074,3.637,0.0535546365789099,0.404111111111111
2.5,944,743,0.0486524270141745,3.683,0.0536972475495193,0.409222222222222
2.5,945,744,0.0482397881040168,3.795,0.0547903000263457,0.421666666666667
2.5,946,745,0.0481625205492963,3.74,0.0548580842666728,0.415555555555556
2.5,947,746,0.0477954337414065,3.689,0.0540851569675471,0.409888888888889
2.5,948,747,0.0478220317143907,3.685,0.0531281243561035,0.409444444444444
2.5,949,748,0.0478349453245252,3.62,0.0537818974422851,0.402222222222222
2.5,950,749,0.0477716316063511,3.73,0.0536281267244717,0.414444444444444
3,1,-200,0,4.099,0.0561279729666888,0.455444444444444
3,2,-199,-7.46872407600285e-06,4.253,0.0546257720766946,0.472555555555556
3,3,-198,-2.00593756670327e-05,4.202,0.0556623238312447,0.466888888888889
3,4,-197,-0.000179083402731781,4.089,0.0540184875482179,0.454333333333333
3,5,-196,-0.000162765293915503,4.129,0.0553481925849654,0.458777777777778
3,6,-195,-2.15135415577523e-06,4.144,0.0559141340842399,0.460444444444444
3,7,-194,3.27462072766109e-05,4.123,0.0546887727222128,0.458111111111111
3,8,-193,-0.000190666328816077,4.163,0.0560318710250748,0.462555555555556
3,9,-192,-9.0662806116638e-05,4.14,0.0552218204104994,0.46
3,10,-191,-0.000430958720473991,4.204,0.0540120477421594,0.467111111111111
3,11,-190,-0.00066568864536267,4.244,0.0533038957798144,0.471555555555556
3,12,-189,-0.000805315831108556,4.143,0.0557104537286736,0.460333333333333
3,13,-188,-0.000686002860447285,4.184,0.05485574858803,0.464888888888889
3,14,-187,-0.000851164685741641,4.182,0.0546247183961608,0.464666666666667
3,15,-186,-0.00104429194275927,4.079,0.0562487593011874,0.453222222222222
3,16,-185,-0.000731013391278204,4.096,0.0546605138264518,0.455111111111111
3,17,-184,-0.000863794059566814,4.153,0.0569985950689998,0.461444444444444
3,18,-183,-0.000912032324270384,4.051,0.054675299618643,0.450111111111111
3,19,-182,-0.000484589093126092,4.032,0.0560367389853845,0.448
3,20,-181,-0.000434887998550523,3.965,0.0578716176041773,0.440555555555556
3,21,-180,-0.000373684030730821,4.066,0.054521707755871,0.451777777777778
3,22,-179,-0.000492569564967898,4.044,0.0550008098948468,0.449333333333333
3,23,-178,-0.000244045556588863,4.026,0.0563604515640222,0.447333333333333
3,24,-177,-0.000395997888989334,4.037,0.0553235184319626,0.448555555555556
3,25,-176,-0.000528617845460339,4.041,0.0545737784773723,0.449
3,26,-175,-0.000443183573097898,4.097,0.0547045115468877,0.455222222222222
3,27,-174,-0.000463898249599315,4.166,0.0564768415692099,0.462888888888889
3,28,-173,-0.000534366800506042,4.112,0.0535567392988439,0.456888888888889
3,29,-172,-0.000571861923066265,4.125,0.0540767907636844,0.458333333333333
3,30,-171,-0.00091643760065716,4.083,0.0540836022842046,0.453666666666667
3,31,-170,-0.00115072163496399,4.137,0.0553831950892893,0.459666666666667
3,32,-169,-0.00122743300080519,4.168,0.0561509477117611,0.463111111111111
3,33,-168,-0.00122487754738266,4.099,0.055391942259387,0.455444444444444
3,34,-167,-0.00120424587742449,4.095,0.054872451977162,0.455
3,35,-166,-0.000879596991211778,4.155,0.0551181731646926,0.461666666666667
3,36,-165,-0.000776454455307047,4.153,0.0563095175060285,0.461444444444444
3,37,-164,-0.00109390701156222,4.129,0.0546932386163988,0.458777777777778
3,38,-163,-0.00113575745033226,4.207,0.0553101275555409,0.467444444444444
3,39,-162,-0.00133413434873462,4.218,0.0527186423882033,0.468666666666667
3,40,-161,-0.00146035669290475,4.147,0.0536495039051553,0.460777777777778
3,41,-160,-0.00152607209909703,4.121,0.0566353826381228,0.457888888888889
3,42,-159,-0.00169924933055627,4.121,0.0563163433696697,0.457888888888889
3,43,-158,-0.00158303467610612,4.189,0.0559500617462521,0.465444444444444
3,44,-157,-0.00145969090485169,4.138,0.0574129972414979,0.459777777777778
3,45,-156,-0.00126333342671691,4.081,0.0568125572973677,0.453444444444444
3,46,-155,-0.00109265006822234,4.141,0.0564296314298021,0.460111111111111
3,47,-154,-0.00108628059507462,4.073,0.054869679073981,0.452555555555556
3,48,-153,-0.00104101998823466,4.081,0.0572163675246229,0.453444444444444
3,49,-152,-0.00089221455717232,4.034,0.054825631321945,0.448222222222222
3,50,-151,-0.000957014341845583,4.091,0.0556220532955483,0.454555555555556
3,51,-150,-0.000941318414515136,4.087,0.0561835170453714,0.454111111111111
3,52,-149,-0.000879251277938645,4.106,0.0543112669131708,0.456222222222222
3,53,-148,-0.00130218743249761,4.102,0.0557737098166037,0.455777777777778
3,54,-147,-0.00163458434613565,4.019,0.0555673170733183,0.446555555555556
3,55,-146,-0.00174068654769094,4.03,0.0554813317988869,0.447777777777778
3,56,-145,-0.00182423363317073,4.029,0.055001674376188,0.447666666666667
3,57,-144,-0.00201321340653749,4.22,0.0560244476879403,0.468888888888889
3,58,-143,-0.00209898604826613,4.106,0.054550341334768,0.456222222222222
3,59,-142,-0.00213530796352008,4.105,0.0576306888410705,0.456111111111111
3,60,-141,-0.00206483390886429,4.106,0.0568154203715149,0.456222222222222
3,61,-140,-0.00210359689686037,4.171,0.0562042517779387,0.463444444444444
3,62,-139,-0.00248063436444155,4.15,0.054685377300431,0.461111111111111
3,63,-138,-0.00241982707146604,4.154,0.0556001382675925,0.461555555555556
3,64,-137,-0.00246530885297249,4.187,0.0559567883474576,0.465222222222222
3,65,-136,-0.00249017801156803,4.135,0.0548979852889774,0.459444444444444
3,66,-135,-0.00239536422313666,4.217,0.0545241587178004,0.468555555555556
3,67,-134,-0.00214045841957835,4.273,0.0543822436869648,0.474777777777778
3,68,-133,-0.00229111685958436,4.276,0.0537467460662757,0.475111111111111
3,69,-132,-0.00231445842649122,4.239,0.0546339076386072,0.471
3,70,-131,-0.00229103359708621,4.268,0.0550564002383667,0.474222222222222
3,71,-130,-0.00246265425929735,4.124,0.0555491647975889,0.458222222222222
3,72,-129,-0.00225207654253142,4.132,0.0541803609392878,0.459111111111111
3,73,-128,-0.00220746804706726,4.124,0.0558546662665145,0.458222222222222
3,74,-127,-0.00275856066643346,4.176,0.0564642560582553,0.464
3,75,-126,-0.00255169317281997,4.188,0.0561587910287411,0.465333333333333
3,76,-125,-0.0027303992226827,4.206,0.0554494241506495,0.467333333333333
3,77,-124,-0.00239888371912213,4.182,0.053998072111806,0.464666666666667
3,78,-123,-0.00261252810092797,4.07,0.0560914097366632,0.452222222222222
3,79,-122,-0.00240538113841138,4.129,0.054399616894959,0.458777777777778
3,80,-121,-0.00265636873911836,4.055,0.0559562874582125,0.450555555555556
3,81,-120,-0.00271195233171133,4.067,0.057548438926028,0.451888888888889
3,82,-119,-0.00249448047820628,4.028,0.0555004170821831,0.447555555555556
3,83,-118,-0.00266632195044706,4.064,0.0545974805726864,0.451555555555556
3,84,-117,-0.0027877484840963,4.052,0.0544266318842004,0.450222222222222
3,85,-116,-0.00237534554546482,4.164,0.055010272950878,0.462666666666667
3,86,-115,-0.00235095938263644,4.077,0.0567652472318517,0.453
3,87,-114,-0.00251890502924984,4.068,0.0569088272117309,0.452
3,88,-113,-0.00257908401433351,4.057,0.0548521627628276,0.450777777777778
3,89,-112,-0.00276609119542272,4.02,0.0542636576775332,0.446666666666667
3,90,-111,-0.00280276860042169,4.052,0.0555912437924029,0.450222222222222
3,91,-110,-0.0025359766689202,3.98,0.0558992372463587,0.442222222222222
3,92,-109,-0.00248459837542918,4.043,0.0570649402646443,0.449222222222222
3,93,-108,-0.00259152614398812,4.081,0.0540310869625845,0.453444444444444
3,94,-107,-0.00284941073740261,4.054,0.0545899630340969,0.450444444444444
3,95,-106,-0.00261549366666302,4.088,0.0561552260204641,0.454222222222222
3,96,-105,-0.00284718954532685,4.029,0.05441617516989,0.447666666666667
3,97,-104,-0.00285503490858381,4.034,0.0535323239707535,0.448222222222222
3,98,-103,-0.00276757169438425,4.08,0.0551782986747929,0.453333333333333
3,99,-102,-0.00251938644913261,4.038,0.0559256978828488,0.448666666666667
3,100,-101,-0.00273466365465599,4.081,0.0551859083868744,0.453444444444444
3,101,-100,-0.00288195822757951,4.12,0.0540047823485708,0.457777777777778
3,102,-99,-0.00281266729041143,4.182,0.0546979695040673,0.464666666666667
3,103,-98,-0.00281184647975583,4.137,0.055491533681367,0.459666666666667
3,104,-97,-0.00298483547953995,4.144,0.055464766657224,0.460444444444444
3,105,-96,-0.00272813992352333,4.14,0.056759330700966,0.46
3,106,-95,-0.00310314394614998,4.173,0.0549371376128121,0.463666666666667
3,107,-94,-0.00291115375573117,4.135,0.0569914293821711,0.459444444444444
3,108,-93,-0.0028072648252307,4.193,0.0562041805376602,0.465888888888889
3,109,-92,-0.00263416306273983,4.155,0.0531582618301317,0.461666666666667
3,110,-91,-0.00233665623117744,4.137,0.0585120043636742,0.459666666666667
3,111,-90,-0.00233684698522759,4.112,0.0582481660556695,0.456888888888889
3,112,-89,-0.00247705178449144,4.011,0.0547345857285399,0.445666666666667
3,113,-88,-0.00242863657413459,4.124,0.0545857454250062,0.458222222222222
3,114,-87,-0.00229453773547001,4.15,0.0561128207154894,0.461111111111111
3,115,-86,-0.00215982861952618,4.219,0.053999582914639,0.468777777777778
3,116,-85,-0.00182729119426911,4.165,0.0555415147422165,0.462777777777778
3,117,-84,-0.00179648907598052,4.04,0.054766772767796,0.448888888888889
3,118,-83,-0.00181439158964673,4.109,0.0540744213380324,0.456555555555556
3,119,-82,-0.00139642524263223,4.22,0.053670107885866,0.468888888888889
3,120,-81,-0.00127929235183524,4.187,0.0539345894574154,0.465222222222222
3,121,-80,-0.00103929201914637,4.124,0.0545490568167735,0.458222222222222
3,122,-79,-0.00101318099736572,4.153,0.0536513696886617,0.461444444444444
3,123,-78,-0.000954848970449791,4.217,0.054652519593317,0.468555555555556
3,124,-77,-0.00109150239942233,4.075,0.0556639333273661,0.452777777777778
3,125,-76,-0.000917703491487522,4.099,0.0562704661911145,0.455444444444444
3,126,-75,-0.000517049767731976,4.088,0.0538252092718009,0.454222222222222
3,127,-74,-0.000239010689837484,4.212,0.0544795743744756,0.468
3,128,-73,-0.000115214641589219,4.149,0.0558024454026249,0.461
3,129,-72,-5.22692754366367e-05,4.105,0.0554892246661822,0.456111111111111
3,130,-71,-0.0001478476135661,4.122,0.0550103821304865,0.458
3,131,-70,-7.30118044936681e-05,4.122,0.0563230706574872,0.458
3,132,-69,-0.000165006172769195,4.132,0.0561758999191977,0.459111111111111
3,133,-68,-5.28001891691624e-05,4.069,0.0561907145033448,0.452111111111111
3,134,-67,0.000112183432282138,4.128,0.0564517741333504,0.458666666666667
3,135,-66,-0.000117739292956922,4.06,0.0564409920676947,0.451111111111111
3,136,-65,0.000184375061619774,4.072,0.0548983590813956,0.452444444444444
3,137,-64,8.99594059905578e-05,4.123,0.05773390861707,0.458111111111111
3,138,-63,-0.000258353199602066,4.151,0.0552199986259348,0.461222222222222
3,139,-62,-0.000362679858987474,4.075,0.055447718162693,0.452777777777778
3,140,-61,-0.000248112661959571,4.078,0.0543218820261862,0.453111111111111
3,141,-60,-0.000644178317921544,4.088,0.0548385198857816,0.454222222222222
3,142,-59,-0.000857732768450134,4.093,0.0558701393632815,0.454777777777778
3,143,-58,-0.0010155819399817,4.113,0.0582032526463824,0.457
3,144,-57,-0.00129082780028479,4.131,0.0538770984903768,0.459
3,145,-56,-0.001099639950565,4.217,0.0544322870534932,0.468555555555556
3,146,-55,-0.00142837851730542,4.148,0.0567742839613087,0.460888888888889
3,147,-54,-0.00128244966669577,4.122,0.0557334928227384,0.458
3,148,-53,-0.00132713307142103,4.156,0.0552695098469194,0.461777777777778
3,149,-52,-0.00135714506340798,4.244,0.0553310538985617,0.471555555555556
3,150,-51,-0.00151429689730037,4.127,0.0550990644830465,0.458555555555556
3,151,-50,-0.00162178112741935,4.014,0.0556857693212989,0.446
3,152,-49,-0.00171420224417249,4.115,0.0551798860076737,0.457222222222222
3,153,-48,-0.00184870747720563,4.053,0.0550565365985024,0.450333333333333
3,154,-47,-0.00182418251781661,4.126,0.0543237984227452,0.458444444444444
3,155,-46,-0.00173961647410616,4.095,0.0550727519560079,0.455
3,156,-45,-0.00166607898287503,4.091,0.0549157057200828,0.454555555555556
3,157,-44,-0.00194247185899445,4.12,0.0538562949013436,0.457777777777778
3,158,-43,-0.00199802964163764,4.172,0.055565308453238,0.463555555555556
3,159,-42,-0.00195171705951559,4.085,0.0560974324004399,0.453888888888889
3,160,-41,-0.00186295507062637,4.04,0.0577731575884315,0.448888888888889
3,161,-40,-0.00205356636960641,4.152,0.0577081123086366,0.461333333333333
3,162,-39,-0.00182699379939234,4.176,0.0550641086013028,0.464
3,163,-38,-0.00184798063112423,4.102,0.0560779880232944,0.455777777777778
3,164,-37,-0.00135263592912933,4.094,0.0553916260118101,0.454888888888889
3,165,-36,-0.00147392060523057,4.073,0.0559356755550497,0.452555555555556
3,166,-35,-0.00117084301578858,4.028,0.0565014018269316,0.447555555555556
3,167,-34,-0.00131778048968331,4.077,0.0542587782300244,0.453
3,168,-33,-0.0014468100827214,4.119,0.0542197268416096,0.457666666666667
3,169,-32,-0.00164664297134659,4.154,0.0547108515495537,0.461555555555556
3,170,-31,-0.00157900510002161,4.138,0.05614363818019,0.459777777777778
3,171,-30,-0.0012973867417931,4.065,0.0533443588453418,0.451666666666667
3,172,-29,-0.00129095861023489,4.02,0.0577662266115496,0.446666666666667
3,173,-28,-0.00117487565910137,4.073,0.056469990790329,0.452555555555556
3,174,-27,-0.00112516546051378,4.011,0.0546430678573675,0.445666666666667
3,175,-26,-0.00135912221812945,4.089,0.052515110557218,0.454333333333333
3,176,-25,-0.00117960779780651,4.255,0.0550181970079173,0.472777777777778
3,177,-24,-0.000947794702067651,4.18,0.0536141256990587,0.464444444444444
3,178,-23,-0.000650139071320502,4.061,0.0552660233175262,0.451222222222222
3,179,-22,-0.000746447802639177,4.118,0.053693192854951,0.457555555555556
3,180,-21,-0.000777285843326375,4.163,0.0534348789302111,0.462555555555556
3,181,-20,-0.000838915116610293,4.197,0.0560118588187208,0.466333333333333
3,182,-19,-0.000895593362819026,4.258,0.0562191835283704,0.473111111111111
3,183,-18,-0.000942337048547952,4.093,0.055492615999162,0.454777777777778
3,184,-17,-0.000765201117185467,4.125,0.0558793118917681,0.458333333333333
3,185,-16,-0.000551387199863506,4.141,0.0564473675675431,0.460111111111111
3,186,-15,-0.000473162488577666,4.112,0.053369507251841,0.456888888888889
3,187,-14,-0.000500662788567518,4.196,0.0538561462089936,0.466222222222222
3,188,-13,-0.000266096831712355,4.139,0.0555226238731724,0.459888888888889
3,189,-12,-0.000446415961965892,3.977,0.053096989465414,0.441888888888889
3,190,-11,-0.000310936794940744,4.057,0.0551433748676281,0.450777777777778
3,191,-10,-0.00074204437562118,4.15,0.0549410458447828,0.461111111111111
3,192,-9,-0.000909212093290762,4.17,0.055841008391846,0.463333333333333
3,193,-8,-0.000874599359953198,4.128,0.055123993457066,0.458666666666667
3,194,-7,-0.000897496637215866,4.138,0.0540914215184059,0.459777777777778
3,195,-6,-0.000672372248235024,4.156,0.0538940494727254,0.461777777777778
3,196,-5,-0.000619700022691544,4.074,0.0545481392854009,0.452666666666667
3,197,-4,-0.000383552756278886,4.127,0.0556234210109821,0.458555555555556
3,198,-3,-0.000279620148032037,4.047,0.056302406351425,0.449666666666667
3,199,-2,-0.000501740722249403,4.087,0.0549950493722428,0.454111111111111
3,200,-1,-0.000553836139026909,4.183,0.0551411965009058,0.464777777777778
3,201,0,0.999621580936095,5.715,0.0512288922327957,0.635
3,202,1,0.995778482986802,6.075,0.0450489112454941,0.675
3,203,2,0.99171010570003,6.119,0.0470005111466676,0.679888888888889
3,204,3,0.987962495701242,6.168,0.0446067905790781,0.685333333333333
3,205,4,0.983888581411202,6.135,0.046829135887479,0.681666666666667
3,206,5,0.979863365192805,6.179,0.0450220611032635,0.686555555555555
3,207,6,0.976095974593822,6.229,0.0466125705334058,0.692111111111111
3,208,7,0.972031905236518,6.1,0.0456517697804157,0.677777777777778
3,209,8,0.968100060498257,6.251,0.0437025046068176,0.694555555555556
3,210,9,0.964009426871851,6.169,0.0457004105837959,0.685444444444444
3,211,10,0.959880040738397,6.145,0.0457609994325854,0.682777777777778
3,212,11,0.956083927550545,6.138,0.045420469163352,0.682
3,213,12,0.951999485391865,6.094,0.0453124399830469,0.677111111111111
3,214,13,0.948010727706843,6.114,0.0465528857448297,0.679333333333333
3,215,14,0.9446122689021,6.034,0.0467657035767778,0.670444444444444
3,216,15,0.940984659990267,6.039,0.0470498957777026,0.671
3,217,16,0.937145887699735,6.105,0.045739119657762,0.678333333333333
3,218,17,0.933633220444173,6.158,0.0444410959699577,0.684222222222222
3,219,18,0.929963701174852,6.048,0.0447403363610258,0.672
3,220,19,0.926054056683605,6.023,0.0448607120260421,0.669222222222222
3,221,20,0.922157809369137,5.994,0.0465632057759357,0.666
3,222,21,0.918911749825576,6.029,0.0465653017527789,0.669888888888889
3,223,22,0.915055339973628,6.05,0.0470501191679014,0.672222222222222
3,224,23,0.911627976521955,5.992,0.0463474280201618,0.665777777777778
3,225,24,0.908186318965031,6.02,0.0466237468869005,0.668888888888889
3,226,25,0.90452657440224,6.049,0.0465055024890793,0.672111111111111
3,227,26,0.90121823337385,5.999,0.0456846373093418,0.666555555555556
3,228,27,0.897430591578988,5.993,0.0459027020779613,0.665888888888889
3,229,28,0.89374416297932,5.972,0.0455553651208209,0.663555555555556
3,230,29,0.890391486337213,5.953,0.0466794384067544,0.661444444444445
3,231,30,0.886531158799616,5.998,0.0455199743856261,0.666444444444444
3,232,31,0.88281156313516,5.968,0.0460553699051163,0.663111111111111
3,233,32,0.87901568170193,5.93,0.0462086056404566,0.658888888888889
3,234,33,0.875494043063658,5.961,0.0459302578763561,0.662333333333333
3,235,34,0.871963050501916,5.965,0.047833702167646,0.662777777777778
3,236,35,0.868614642589327,5.979,0.0452615466771475,0.664333333333333
3,237,36,0.865043168265666,6.079,0.0451308740863258,0.675444444444444
3,238,37,0.861313741520132,5.894,0.0468931014432078,0.654888888888889
3,239,38,0.857942500081193,5.974,0.0463840002099375,0.663777777777778
3,240,39,0.854411616564859,6.02,0.0461489948940355,0.668888888888889
3,241,40,0.850746915324867,5.97,0.046381583104194,0.663333333333333
3,242,41,0.8469969612641,5.888,0.0467936496294706,0.654222222222222
3,243,42,0.843254151345796,5.915,0.0486018223643633,0.657222222222222
3,244,43,0.839764273858633,5.976,0.0475782270338824,0.664
3,245,44,0.836554024342094,5.897,0.0453701383009733,0.655222222222222
3,246,45,0.833208094527516,5.944,0.0477822890530282,0.660444444444444
3,247,46,0.829614410093798,5.927,0.0467959491928613,0.658555555555556
3,248,47,0.826536528254966,5.945,0.0469273606457596,0.660555555555556
3,249,48,0.823105905061739,5.935,0.0477184665727225,0.659444444444444
3,250,49,0.819740365471928,5.943,0.0472014722119869,0.660333333333333
3,251,50,0.816558538786237,5.939,0.0485967142988151,0.659888888888889
3,252,51,0.813219171856393,5.871,0.0456118344230905,0.652333333333333
3,253,52,0.809748417232249,5.883,0.0501779715495638,0.653666666666667
3,254,53,0.806799506964948,5.864,0.0474948392960726,0.651555555555556
3,255,54,0.803654727914285,5.897,0.0481945402894738,0.655222222222222
3,256,55,0.800779901302611,5.827,0.0462299492559556,0.647444444444444
3,257,56,0.797738729532544,5.789,0.0483820195921979,0.643222222222222
3,258,57,0.79482158446806,5.831,0.0463528595405676,0.647888888888889
3,259,58,0.791403233577144,5.816,0.0466081142754811,0.646222222222222
3,260,59,0.788078308116132,5.848,0.0468090492008446,0.649777777777778
3,261,60,0.784705218249916,5.786,0.0479844402541753,0.642888888888889
3,262,61,0.781400546020213,5.809,0.046547671109151,0.645444444444444
3,263,62,0.778167997719031,5.835,0.0452970951257011,0.648333333333333
3,264,63,0.775048719129575,5.834,0.0477778895172938,0.648222222222222
3,265,64,0.772283325901422,5.825,0.0475671907688234,0.647222222222222
3,266,65,0.768936521692401,5.865,0.0470849444301679,0.651666666666667
3,267,66,0.765942621438307,5.775,0.0466105947993323,0.641666666666667
3,268,67,0.762454861878768,5.783,0.0475623083246931,0.642555555555556
3,269,68,0.759804628924462,5.787,0.0480201721877061,0.643
3,270,69,0.756859569035406,5.712,0.0494317660973134,0.634666666666667
3,271,70,0.753939489024682,5.796,0.0462225109716091,0.644
3,272,71,0.751073311968231,5.806,0.0466963011869737,0.645111111111111
3,273,72,0.747801290292416,5.789,0.0479037970705222,0.643222222222222
3,274,73,0.744752803901432,5.703,0.050471163433572,0.633666666666667
3,275,74,0.741689894525364,5.744,0.0489781876232967,0.638222222222222
3,276,75,0.73881662529468,5.754,0.0484544304664892,0.639333333333333
3,277,76,0.735721092095625,5.784,0.0480171807757353,0.642666666666667
3,278,77,0.732837880883537,5.735,0.0483850815449981,0.637222222222222
3,279,78,0.729956265914915,5.749,0.0478360458993768,0.638777777777778
3,280,79,0.727115064882818,5.664,0.0484091669774173,0.629333333333333
3,281,80,0.724285575693232,5.695,0.0497237111190169,0.632777777777778
3,282,81,0.721430359844041,5.673,0.0485430471584495,0.630333333333333
3,283,82,0.718699972424919,5.627,0.0506402550885699,0.625222222222222
3,284,83,0.715501183069255,5.742,0.0464929843911701,0.638
3,285,84,0.712537634224391,5.76,0.0484638911845591,0.64
3,286,85,0.710046604756895,5.666,0.0476310057915294,0.629555555555556
3,287,86,0.70713432407812,5.728,0.0476685251322955,0.636444444444444
3,288,87,0.704154682706675,5.712,0.0483672967550948,0.634666666666667
3,289,88,0.701099965025139,5.701,0.0473480817018054,0.633444444444444
3,290,89,0.698476792358191,5.723,0.0481725190496778,0.635888888888889
3,291,90,0.695992146991248,5.635,0.0486635710068955,0.626111111111111
3,292,91,0.693183704817355,5.682,0.0473192890385635,0.631333333333333
3,293,92,0.690350242776732,5.655,0.0478357947907553,0.628333333333333
3,294,93,0.687553021069252,5.608,0.0483184299276235,0.623111111111111
3,295,94,0.684908050226032,5.618,0.048646093804564,0.624222222222222
3,296,95,0.682330932252368,5.579,0.0494995879700954,0.619888888888889
3,297,96,0.679557398907423,5.571,0.0516878189773048,0.619
3,298,97,0.677019800846457,5.616,0.0488562271458913,0.624
3,299,98,0.674668933803711,5.702,0.0466837806456949,0.633555555555556
3,300,99,0.67191195747448,5.606,0.0496712314245506,0.622888888888889
3,301,100,0.669132007066435,5.646,0.0494279994246899,0.627333333333333
3,302,101,0.666718109553786,5.699,0.048463880857271,0.633222222222222
3,303,102,0.663863594006655,5.653,0.0478003752691953,0.628111111111111
3,304,103,0.661098803061195,5.751,0.0475527103355872,0.639
3,305,104,0.658230657656286,5.642,0.0475825608821142,0.626888888888889
3,306,105,0.655637049242214,5.627,0.047561887400871,0.625222222222222
3,307,106,0.653117691581087,5.561,0.0498072259793673,0.617888888888889
3,308,107,0.650372849401225,5.696,0.0473056214611098,0.632888888888889
3,309,108,0.647956767620186,5.6,0.0502645653171947,0.622222222222222
3,310,109,0.645256159107115,5.619,0.0490330831504939,0.624333333333333
3,311,110,0.642511387028663,5.584,0.0480755161725308,0.620444444444444
3,312,111,0.639516185471402,5.651,0.0468122888821983,0.627888888888889
3,313,112,0.636956250416526,5.551,0.0497380425114708,0.616777777777778
3,314,113,0.634255183509228,5.562,0.048729154830866,0.618
3,315,114,0.63153434583993,5.664,0.0471096945789647,0.629333333333333
3,316,115,0.628885360887806,5.573,0.0502513302928012,0.619222222222222
3,317,116,0.626862397989176,5.524,0.048865241346092,0.613777777777778
3,318,117,0.624314570996504,5.621,0.0497979802686698,0.624555555555556
3,319,118,0.621753081954249,5.524,0.0495972164933062,0.613777777777778
3,320,119,0.619030176371771,5.527,0.0516714712480779,0.614111111111111
3,321,120,0.6169677597936,5.523,0.0482057547891826,0.613666666666667
3,322,121,0.614400539454774,5.571,0.0482212016055623,0.619
3,323,122,0.611808694776933,5.551,0.049354177481089,0.616777777777778
3,324,123,0.609253928371121,5.549,0.0488875136306705,0.616555555555556
3,325,124,0.606582625470578,5.515,0.0500027526769804,0.612777777777778
3,326,125,0.604176996666186,5.463,0.0499712730288926,0.607
3,327,126,0.601748300259354,5.51,0.0487675945508722,0.612222222222222
3,328,127,0.599400312023446,5.518,0.0492961063990464,0.613111111111111
3,329,128,0.597051253211558,5.443,0.0490015525483852,0.604777777777778
3,330,129,0.59483985372947,5.512,0.0523124516018183,0.612444444444444
3,331,130,0.592431941441514,5.385,0.0509447776555196,0.598333333333333
3,332,131,0.589932869410062,5.511,0.0492575405933478,0.612333333333333
3,333,132,0.587802291553975,5.474,0.0486177713155147,0.608222222222222
3,334,133,0.58565648241975,5.425,0.0475671907688235,0.602777777777778
3,335,134,0.583245519234198,5.437,0.0496638449729529,0.604111111111111
3,336,135,0.580736237275984,5.451,0.0501009891031017,0.605666666666667
3,337,136,0.578610402882526,5.488,0.0502631314422647,0.609777777777778
3,338,137,0.576253287970318,5.403,0.0510999237005517,0.600333333333333
3,339,138,0.574089227108027,5.425,0.0492219239546546,0.602777777777778
3,340,139,0.571814577632658,5.444,0.0517449663401333,0.604888888888889
3,341,140,0.569639431300121,5.34,0.0494656127713672,0.593333333333333
3,342,141,0.567489844444207,5.321,0.0515229425946695,0.591222222222222
3,343,142,0.565231586035514,5.321,0.0511329010870063,0.591222222222222
3,344,143,0.563017879025549,5.41,0.0493998010151898,0.601111111111111
3,345,144,0.560787699557661,5.382,0.0515435033028676,0.598
3,346,145,0.55872620465003,5.338,0.0513263128462428,0.593111111111111
3,347,146,0.556423499954299,5.323,0.0518590431878603,0.591444444444444
3,348,147,0.554279806204018,5.334,0.0510200651415406,0.592666666666667
3,349,148,0.552226086708432,5.376,0.0508055627387909,0.597333333333333
3,350,149,0.550032029563241,5.342,0.0517853040709207,0.593555555555556
3,351,150,0.548186988216063,5.392,0.0507041113412601,0.599111111111111
3,352,151,0.545760506425852,5.372,0.0508153342820669,0.596888888888889
3,353,152,0.543650391534178,5.319,0.0506932816930291,0.591
3,354,153,0.5409501153426,5.345,0.0504035268162408,0.593888888888889
3,355,154,0.538676549209446,5.367,0.0506050577696723,0.596333333333333
3,356,155,0.536591798545441,5.287,0.0530041549356317,0.587444444444444
3,357,156,0.534368336537769,5.347,0.0494270577116831,0.594111111111111
3,358,157,0.532404544547816,5.331,0.0500993907043684,0.592333333333333
3,359,158,0.530290748520714,5.277,0.0528305031403453,0.586333333333333
3,360,159,0.52806241052014,5.279,0.0506727414565929,0.586555555555556
3,361,160,0.525905631045404,5.307,0.0495904245818708,0.589666666666667
3,362,161,0.523610649450668,5.392,0.0498278919764706,0.599111111111111
3,363,162,0.521741165226241,5.395,0.0511036846674151,0.599444444444444
3,364,163,0.519711591082884,5.425,0.0505463147017657,0.602777777777778
3,365,164,0.517440013990396,5.377,0.0515512223766666,0.597444444444444
3,366,165,0.515349331229612,5.38,0.0520798647493664,0.597777777777778
3,367,166,0.513128449189483,5.308,0.0505934353023759,0.589777777777778
3,368,167,0.510917122038973,5.257,0.0509465067158341,0.584111111111111
3,369,168,0.50869670240313,5.216,0.0491707409112548,0.579555555555555
3,370,169,0.506632528916324,5.349,0.0516901428791879,0.594333333333333
3,371,170,0.5045229028274,5.23,0.0525153106994321,0.581111111111111
3,372,171,0.502454915372642,5.261,0.0523987082343125,0.584555555555556
3,373,172,0.500461145434389,5.295,0.0515619397776463,0.588333333333333
3,374,173,0.498456630192539,5.161,0.051611459413029,0.573444444444444
3,375,174,0.49642762450926,5.27,0.0503153220364497,0.585555555555556
3,376,175,0.494599662167298,5.261,0.0521113672301407,0.584555555555556
3,377,176,0.492706824629211,5.307,0.0514723265493256,0.589666666666667
3,378,177,0.490954915978166,5.248,0.0520884748213001,0.583111111111111
3,379,178,0.488968036996171,5.278,0.0510031108592143,0.586444444444444
3,380,179,0.486926661212767,5.275,0.0531996729802469,0.586111111111111
3,381,180,0.484602118958823,5.345,0.0485420573454744,0.593888888888889
3,382,181,0.482669998075287,5.221,0.0503457415646415,0.580111111111111
3,383,182,0.481191376994621,5.275,0.0492727389415567,0.586111111111111
3,384,183,0.47936217079635,5.271,0.0520217768368716,0.585666666666667
3,385,184,0.477189776846766,5.297,0.050925282369216,0.588555555555556
3,386,185,0.475251157240251,5.244,0.0509417221838747,0.582666666666667
3,387,186,0.473231295232271,5.169,0.0507445959094563,0.574333333333333
3,388,187,0.471168334063521,5.177,0.0520228543755279,0.575222222222222
3,389,188,0.469125583485327,5.159,0.0533532151380361,0.573222222222222
3,390,189,0.46737135249918,5.194,0.0514491108864966,0.577111111111111
3,391,190,0.465564106508632,5.117,0.051126557921739,0.568555555555556
3,392,191,0.464044613584715,5.229,0.050349717914742,0.581
3,393,192,0.462211928681243,5.219,0.0521129039178856,0.579888888888889
3,394,193,0.460398353604204,5.173,0.0514170663760068,0.574777777777778
3,395,194,0.458780783483409,5.243,0.0513087086524656,0.582555555555555
3,396,195,0.456700156452313,5.184,0.0516992922274263,0.576
3,397,196,0.454834411318591,5.15,0.0510696397883137,0.572222222222222
3,398,197,0.452662494076369,5.108,0.0506448506849504,0.567555555555555
3,399,198,0.450852459250879,5.067,0.0519924438184451,0.563
3,400,199,0.448841879225566,5.1,0.0523329603475548,0.566666666666667
3,401,200,0.446996320012125,5.145,0.0515619397776465,0.571666666666667
3,402,201,0.445303096829552,5.155,0.0498945334126343,0.572777777777778
3,403,202,0.443699462706119,5.1,0.0519490009403329,0.566666666666667
3,404,203,0.441571752655357,5.24,0.0507244810025003,0.582222222222222
3,405,204,0.439647313282188,5.101,0.0498124510567418,0.566777777777778
3,406,205,0.437955800827568,5.094,0.0536660418145782,0.566
3,407,206,0.436021830473539,5.075,0.0518658371673018,0.563888888888889
3,408,207,0.434339994864049,5.11,0.0516000248310265,0.567777777777778
3,409,208,0.432585406845465,5.118,0.0517760249223206,0.568666666666667
3,410,209,0.430801482649692,5.122,0.0534974576777064,0.569111111111111
3,411,210,0.429431744442003,5.12,0.0520221712955765,0.568888888888889
3,412,211,0.428085325494848,5.079,0.0516471337677748,0.564333333333333
3,413,212,0.426311507294207,5.045,0.0517073365070049,0.560555555555556
3,414,213,0.424419775679173,5.035,0.0518310858603354,0.559444444444444
3,415,214,0.422574644497305,5.155,0.0511232685632346,0.572777777777778
3,416,215,0.421327714556564,5.078,0.0512302697683758,0.564222222222222
3,417,216,0.419839864266308,5.122,0.051553600977757,0.569111111111111
3,418,217,0.417897538893707,5.055,0.0532241280605686,0.561666666666667
3,419,218,0.416250874295205,5.014,0.0509548859325619,0.557111111111111
3,420,219,0.414498177753554,5.044,0.0527526951619236,0.560444444444444
3,421,220,0.412898741875361,5.09,0.0523511283607206,0.565555555555556
3,422,221,0.411307148091771,5.116,0.0508441651433983,0.568444444444444
3,423,222,0.409591936382174,5.095,0.0528466438647502,0.566111111111111
3,424,223,0.407998624829803,5.208,0.0525499524024285,0.578666666666667
3,425,224,0.406380153587092,5.059,0.0526335376854843,0.562111111111111
3,426,225,0.404562191895235,5.002,0.0529981585039028,0.555777777777778
3,427,226,0.40324521519734,5.102,0.0512662093802949,0.566888888888889
3,428,227,0.401793251212933,5.093,0.0503277645428833,0.565888888888889
3,429,228,0.399956154668848,5.182,0.0511614453812,0.575777777777778
3,430,229,0.398450281635871,5.069,0.0505647683253449,0.563222222222222
3,431,230,0.396892580582607,5.097,0.0502804049219883,0.566333333333333
3,432,231,0.395214107819382,5.037,0.0506774032404898,0.559666666666667
3,433,232,0.393737716195533,5.075,0.0509899497447778,0.563888888888889
3,434,233,0.392305189952484,5.081,0.0543267005292094,0.564555555555556
3,435,234,0.390464173167376,5.094,0.0515734798498592,0.566
3,436,235,0.389040174807315,5.022,0.0514019275723991,0.558
3,437,236,0.387372481400746,5.077,0.0518242873251212,0.564111111111111
3,438,237,0.385906753085124,5.085,0.0535036226590092,0.565
3,439,238,0.38411576802766,5.057,0.0505401355885131,0.561888888888889
3,440,239,0.382617396641861,4.983,0.0524543845875869,0.553666666666667
3,441,240,0.381323010182611,4.914,0.0541066680875057,0.546
3,442,241,0.379917068087222,5.101,0.0518023405116265,0.566777777777778
3,443,242,0.378360689605008,4.97,0.0529329944543278,0.552222222222222
3,444,243,0.376779572924453,4.996,0.05258087816639,0.555111111111111
3,445,244,0.375484388963729,4.982,0.0528816837144251,0.553555555555556
3,446,245,0.374230460338188,5.027,0.052507409267912,0.558555555555556
3,447,246,0.372761998427318,5.018,0.0526730524125047,0.557555555555556
3,448,247,0.371478721308081,5.038,0.0513341133281874,0.559777777777778
3,449,248,0.369587188951888,4.993,0.0527041623472829,0.554777777777778
3,450,249,0.368130972565383,5.07,0.0511636366740844,0.563333333333333
3,451,250,0.366747558242612,4.946,0.0534597226137766,0.549555555555556
3,452,251,0.365120424836873,5.003,0.0526094930479164,0.555888888888889
3,453,252,0.363664668627171,4.961,0.0541887019166859,0.551222222222222
3,454,253,0.362197301411823,5.058,0.0513348933111902,0.562
3,455,254,0.3609964914222,5.016,0.0509346477197825,0.557333333333333
3,456,255,0.359874730048517,5.011,0.0506106751628592,0.556777777777778
3,457,256,0.358265565990728,5.016,0.0539133624498663,0.557333333333333
3,458,257,0.356937787280219,4.998,0.0532619266721813,0.555333333333333
3,459,258,0.35563441300398,4.975,0.0543629499781821,0.552777777777778
3,460,259,0.354475028812671,4.949,0.0522602155576317,0.549888888888889
3,461,260,0.353042903995304,4.989,0.0530064966649249,0.554333333333333
3,462,261,0.351673615255362,4.966,0.0523219034590828,0.551777777777778
3,463,262,0.350345385145947,5.001,0.0513968932975587,0.555666666666667
3,464,263,0.348849914935428,4.998,0.0503640003626849,0.555333333333333
3,465,264,0.347427930482965,5.016,0.051540279397772,0.557333333333333
3,466,265,0.34616684512677,4.952,0.0526732424526013,0.550222222222222
3,467,266,0.34512585172622,5.002,0.0537669683624331,0.555777777777778
3,468,267,0.343561449244518,5.016,0.0535781169379311,0.557333333333333
3,469,268,0.342308479481508,4.92,0.0523482601462584,0.546666666666667
3,470,269,0.341191184619136,4.861,0.0527110752826905,0.540111111111111
3,471,270,0.339945848019474,4.972,0.0522680394500113,0.552444444444444
3,472,271,0.338873658343038,4.874,0.0526773091463381,0.541555555555556
3,473,272,0.337602993956147,4.895,0.0530923138862283,0.543888888888889
3,474,273,0.336311769140048,4.996,0.0526189391070625,0.555111111111111
3,475,274,0.335108271269814,4.969,0.049945305420365,0.552111111111111
3,476,275,0.333698101526079,4.931,0.0533955999131961,0.547888888888889
3,477,276,0.332247111875636,4.907,0.0518559547211316,0.545222222222222
3,478,277,0.331050774164081,4.844,0.0535960496355518,0.538222222222222
3,479,278,0.329561022678768,4.895,0.0513674372887495,0.543888888888889
3,480,279,0.328191194183204,4.869,0.0510141298214667,0.541
3,481,280,0.326437383094093,4.895,0.0532993040837852,0.543888888888889
3,482,281,0.324978994771602,4.926,0.0528328999328572,0.547333333333333
3,483,282,0.323693106795299,4.91,0.0533173774931096,0.545555555555556
3,484,283,0.322443255037278,4.814,0.0522506854896098,0.534888888888889
3,485,284,0.321346274113449,4.943,0.0524452238197291,0.549222222222222
3,486,285,0.320267692536987,4.858,0.0528074296347078,0.539777777777778
3,487,286,0.318782932009114,4.895,0.0532617293355352,0.543888888888889
3,488,287,0.31734261741059,4.876,0.0532114222273324,0.541777777777778
3,489,288,0.315662992799034,4.861,0.0522916189595753,0.540111111111111
3,490,289,0.314493910852755,4.892,0.0522787630789892,0.543555555555556
3,491,290,0.313380976596577,4.952,0.0511694666213589,0.550222222222222
3,492,291,0.312230556941597,4.773,0.0555567957819524,0.530333333333333
3,493,292,0.311139224002377,4.866,0.0543230613551467,0.540666666666667
3,494,293,0.309688645137215,4.897,0.0522984333046997,0.544111111111111
3,495,294,0.308555389979864,4.911,0.0512220919399303,0.545666666666667
3,496,295,0.307459194555359,4.951,0.0536234507885727,0.550111111111111
3,497,296,0.306105860144825,4.898,0.0507165472816139,0.544222222222222
3,498,297,0.304891873700491,4.848,0.0551900529257033,0.538666666666667
3,499,298,0.303553593246766,4.914,0.0518776955472704,0.546
3,500,299,0.302333561988604,4.781,0.0517273111104254,0.531222222222222
3,501,300,0.300900350390057,4.894,0.0542374935418819,0.543777777777778
3,502,301,0.29946799540749,4.808,0.0542040042254639,0.534222222222222
3,503,302,0.298437376669047,4.811,0.0535924542370581,0.534555555555556
3,504,303,0.297240980262206,4.869,0.0530155604483219,0.541
3,505,304,0.29599622402614,4.865,0.0518214285837475,0.540555555555556
3,506,305,0.29469350290436,4.847,0.0540602766688581,0.538555555555556
3,507,306,0.293174247689943,4.835,0.0528068514831509,0.537222222222222
3,508,307,0.292103063591591,4.882,0.054138775447982,0.542444444444444
3,509,308,0.291038902753682,4.828,0.0524324819664791,0.536444444444444
3,510,309,0.289907925872357,4.829,0.0531844675406983,0.536555555555556
3,511,310,0.288733729233565,4.798,0.054038098746312,0.533111111111111
3,512,311,0.287551793041406,4.779,0.053972882747469,0.531
3,513,312,0.286301951085526,4.788,0.0526291347622762,0.532
3,514,313,0.285073071901909,4.786,0.0520472181092604,0.531777777777778
3,515,314,0.283993071467202,4.8,0.0535431309027299,0.533333333333333
3,516,315,0.282729997181384,4.802,0.0528354766003638,0.533555555555556
3,517,316,0.281681152188152,4.82,0.0526343079214534,0.535555555555556
3,518,317,0.280269251695213,4.794,0.0540044487100875,0.532666666666667
3,519,318,0.27918189099776,4.763,0.0527409955595512,0.529222222222222
3,520,319,0.278133978739212,4.807,0.0527876646342451,0.534111111111111
3,521,320,0.276796700620569,4.829,0.0528824692649233,0.536555555555556
3,522,321,0.276003460923566,4.78,0.0520990817031771,0.531111111111111
3,523,322,0.274821740523284,4.805,0.0546988753720492,0.533888888888889
3,524,323,0.273880741840109,4.72,0.0518293959668283,0.524444444444444
3,525,324,0.2725036046599,4.734,0.0541125879271375,0.526
3,526,325,0.271230570367559,4.811,0.0527262653623322,0.534555555555556
3,527,326,0.270184241923992,4.794,0.0552142428419752,0.532666666666667
3,528,327,0.269148753141511,4.678,0.05386294846383,0.519777777777778
3,529,328,0.268132594084624,4.649,0.0561511527214889,0.516555555555556
3,530,329,0.267334297239891,4.716,0.0532933784271948,0.524
3,531,330,0.266112340940482,4.796,0.0536027728504529,0.532888888888889
3,532,331,0.265067541925278,4.786,0.0530190061677417,0.531777777777778
3,533,332,0.26389650027796,4.878,0.0525345208018108,0.542
3,534,333,0.263011421602725,4.797,0.0531847686807005,0.533
3,535,334,0.262068898423465,4.736,0.0531519437944571,0.526222222222222
3,536,335,0.261099232220185,4.83,0.0514757200022471,0.536666666666667
3,537,336,0.259597957271843,4.796,0.0523939798939642,0.532888888888889
3,538,337,0.258656997395082,4.796,0.0550946405689284,0.532888888888889
3,539,338,0.257415861067176,4.711,0.051030217352889,0.523444444444444
3,540,339,0.256587100658519,4.686,0.0525753570427073,0.520666666666667
3,541,340,0.255084890992535,4.718,0.053603631867154,0.524222222222222
3,542,341,0.254183703155709,4.696,0.0546128791272402,0.521777777777778
3,543,342,0.25321454215917,4.742,0.0558081584586927,0.526888888888889
3,544,343,0.252208698150299,4.735,0.0556585381848362,0.526111111111111
3,545,344,0.251487812276373,4.629,0.0514976796662822,0.514333333333333
3,546,345,0.250641776487111,4.688,0.0530798782352925,0.520888888888889
3,547,346,0.249382496787245,4.654,0.0526598239368219,0.517111111111111
3,548,347,0.248322525785577,4.736,0.0535646634748428,0.526222222222222
3,549,348,0.247500285328553,4.708,0.0523591202893772,0.523111111111111
3,550,349,0.246569716426882,4.72,0.0514416781048815,0.524444444444444
3,551,350,0.245658150831053,4.714,0.0512916643796517,0.523777777777778
3,552,351,0.244530706175163,4.693,0.0539412704768869,0.521444444444444
3,553,352,0.2435955040927,4.704,0.0541231310376007,0.522666666666667
3,554,353,0.242396845156233,4.719,0.055741780973935,0.524333333333333
3,555,354,0.241646900631452,4.717,0.0523990138901168,0.524111111111111
3,556,355,0.240967533242836,4.807,0.0548704087989305,0.534111111111111
3,557,356,0.240079734301929,4.679,0.0546163157119,0.519888888888889
3,558,357,0.238962833312995,4.718,0.0536969213210531,0.524222222222222
3,559,358,0.238172075606122,4.697,0.0531414622965439,0.521888888888889
3,560,359,0.237316675017394,4.744,0.0547856319254004,0.527111111111111
3,561,360,0.236267754654339,4.748,0.0519345086930954,0.527555555555556
3,562,361,0.235548786370699,4.659,0.0546965328947889,0.517666666666667
3,563,362,0.234561007165556,4.602,0.0544661597926874,0.511333333333333
3,564,363,0.233572312302486,4.7,0.0532995388426658,0.522222222222222
3,565,364,0.232790374156541,4.774,0.0525517429367066,0.530444444444444
3,566,365,0.231772931163591,4.643,0.0540599063398512,0.515888888888889
3,567,366,0.230839129649713,4.698,0.0543115618054365,0.522
3,568,367,0.229818458820572,4.641,0.0545260680050568,0.515666666666667
3,569,368,0.228748150633366,4.641,0.0534694116105458,0.515666666666667
3,570,369,0.227515885644629,4.757,0.0529599448239494,0.528555555555556
3,571,370,0.226588013099564,4.744,0.0539571624103359,0.527111111111111
3,572,371,0.225615431484699,4.64,0.0531716769269809,0.515555555555556
3,573,372,0.224518224848902,4.697,0.0533670220177127,0.521888888888889
3,574,373,0.223720142015586,4.686,0.0538730573320866,0.520666666666667
3,575,374,0.223003818848714,4.686,0.0544827713352795,0.520666666666667
3,576,375,0.221951713501192,4.643,0.055880888268474,0.515888888888889
3,577,376,0.220905632679436,4.723,0.0542513982696685,0.524777777777778
3,578,377,0.220081169065162,4.626,0.0534320033217826,0.514
3,579,378,0.219095112949891,4.632,0.053716491522264,0.514666666666667
3,580,379,0.218205593680958,4.71,0.0538032972483547,0.523333333333333
3,581,380,0.217316854260594,4.632,0.0535858885103854,0.514666666666667
3,582,381,0.216537996312913,4.663,0.0536871801579608,0.518111111111111
3,583,382,0.215875088922115,4.722,0.0538480790336629,0.524666666666667
3,584,383,0.215244098490213,4.644,0.0546832172997739,0.516
3,585,384,0.214275529315056,4.621,0.0539469115823071,0.513444444444444
3,586,385,0.213389718031734,4.646,0.0529668716226426,0.516222222222222
3,587,386,0.212503314696243,4.658,0.0533280402778865,0.517555555555556
3,588,387,0.211844679058054,4.668,0.0525217529651717,0.518666666666667
3,589,388,0.211056758519349,4.576,0.0545453865986774,0.508444444444444
3,590,389,0.210159523691251,4.632,0.0540879053162673,0.514666666666667
3,591,390,0.209166224829301,4.626,0.0520464488013624,0.514
3,592,391,0.208724041508397,4.608,0.053057997994187,0.512
3,593,392,0.207586752377757,4.544,0.055453937093223,0.504888888888889
3,594,393,0.206592105762108,4.625,0.0535653268845085,0.513888888888889
3,595,394,0.205641782316192,4.643,0.0551959925863971,0.515888888888889
3,596,395,0.204556655341492,4.662,0.0555052865665679,0.518
3,597,396,0.203444022068964,4.613,0.0544995523027596,0.512555555555556
3,598,397,0.202630429625458,4.571,0.0537573143753373,0.507888888888889
3,599,398,0.20198262917614,4.627,0.0542477079129968,0.514111111111111
3,600,399,0.200857486031975,4.588,0.052735538653142,0.509777777777778
3,601,400,0.200120248041748,4.588,0.0547837316842989,0.509777777777778
3,602,401,0.199634826380979,4.642,0.0535041932814495,0.515777777777778
3,603,402,0.198624462533794,4.654,0.0534896732570425,0.517111111111111
3,604,403,0.197803988809567,4.672,0.054252735961971,0.519111111111111
3,605,404,0.196914730781196,4.612,0.0542438789025858,0.512444444444444
3,606,405,0.196423423893097,4.566,0.0544298319546058,0.507333333333333
3,607,406,0.19577801888873,4.582,0.0557887837149045,0.509111111111111
3,608,407,0.194842013469043,4.578,0.0553622703741546,0.508666666666667
3,609,408,0.19413984549028,4.633,0.0545828754307639,0.514777777777778
3,610,409,0.193174108096543,4.692,0.0520561797085212,0.521333333333333
3,611,410,0.192486236119362,4.598,0.0537893045994208,0.510888888888889
3,612,411,0.19148381946824,4.58,0.0547777381844175,0.508888888888889
3,613,412,0.190635577375192,4.495,0.0537108914454029,0.499444444444444
3,614,413,0.189810290716533,4.655,0.0539526263112916,0.517222222222222
3,615,414,0.189171386924776,4.654,0.0529063614613885,0.517111111111111
3,616,415,0.188451583649171,4.593,0.0555016344933322,0.510333333333333
3,617,416,0.187753297555754,4.59,0.0574735000082926,0.51
3,618,417,0.187282770513552,4.618,0.0553998659307506,0.513111111111111
3,619,418,0.186797403135603,4.509,0.0524277375791449,0.501
3,620,419,0.185931495455902,4.596,0.0544403136264635,0.510666666666667
3,621,420,0.18517254988342,4.594,0.0553011954863745,0.510444444444444
3,622,421,0.18406344290649,4.546,0.0555244717846732,0.505111111111111
3,623,422,0.183376119443758,4.552,0.054957404563137,0.505777777777778
3,624,423,0.182619499992795,4.615,0.0546421152661637,0.512777777777778
3,625,424,0.18179572691369,4.536,0.0530803308347031,0.504
3,626,425,0.180813295565207,4.578,0.05389638968262,0.508666666666667
3,627,426,0.180162049024926,4.599,0.0530567056460728,0.511
3,628,427,0.179568668994339,4.528,0.0556445173607637,0.503111111111111
3,629,428,0.17893810932538,4.633,0.0546012114544383,0.514777777777778
3,630,429,0.178210620202848,4.608,0.0527552757467831,0.512
3,631,430,0.17753246992947,4.588,0.054637361221432,0.509777777777778
3,632,431,0.176893903434403,4.581,0.0549040385896471,0.509
3,633,432,0.175927995656974,4.557,0.0530807740012201,0.506333333333333
3,634,433,0.175128503430218,4.507,0.0526376454804137,0.500777777777778
3,635,434,0.174620454908862,4.613,0.0555366123860228,0.512555555555556
3,636,435,0.174037306801051,4.545,0.054689724500732,0.505
3,637,436,0.173341933946407,4.453,0.053297576226613,0.494777777777778
3,638,437,0.172601270972656,4.522,0.0531821807031675,0.502444444444444
3,639,438,0.172005690446658,4.538,0.0532483933221594,0.504222222222222
3,640,439,0.171455713773735,4.515,0.054412643160719,0.501666666666667
3,641,440,0.170842834844519,4.624,0.0558008757793079,0.513777777777778
3,642,441,0.170164026420868,4.497,0.0543962310270662,0.499666666666667
3,643,442,0.169452999225268,4.552,0.0547018124771774,0.505777777777778
3,644,443,0.168543719353155,4.452,0.0524637822545082,0.494666666666667
3,645,444,0.1676975161791,4.531,0.0549914817318377,0.503444444444444
3,646,445,0.166758078104745,4.552,0.0542792984685896,0.505777777777778
3,647,446,0.166188959784345,4.509,0.0544691278238041,0.501
3,648,447,0.165428291655497,4.588,0.0573021774415208,0.509777777777778
3,649,448,0.164504432267131,4.476,0.0529549641509483,0.497333333333333
3,650,449,0.163819742164203,4.487,0.0553615019295529,0.498555555555556
3,651,450,0.163254447356633,4.518,0.0546137222560289,0.502
3,652,451,0.162280742891942,4.541,0.0537327293761092,0.504555555555556
3,653,452,0.161938557281817,4.56,0.05315284776214,0.506666666666667
3,654,453,0.161215262739071,4.515,0.0528447496688892,0.501666666666667
3,655,454,0.160602669538417,4.517,0.0565412053984339,0.501888888888889
3,656,455,0.159912826004261,4.486,0.053410267333694,0.498444444444444
3,657,456,0.159221516940552,4.462,0.0560329875671081,0.495777777777778
3,658,457,0.158482372082346,4.482,0.0550336688283155,0.498
3,659,458,0.157744186917315,4.542,0.0557255896455241,0.504666666666667
3,660,459,0.157331059504576,4.558,0.0555853013460012,0.506444444444444
3,661,460,0.15646044398445,4.512,0.0548896062007085,0.501333333333333
3,662,461,0.155908365382554,4.545,0.0529034382037101,0.505
3,663,462,0.155197960644778,4.55,0.0533699198832857,0.505555555555556
3,664,463,0.154395721938156,4.511,0.0537658792336718,0.501222222222222
3,665,464,0.153538111010446,4.43,0.0544799785982711,0.492222222222222
3,666,465,0.152908328800839,4.405,0.0540545733208294,0.489444444444444
3,667,466,0.152291656467537,4.402,0.0547118761274861,0.489111111111111
3,668,467,0.15157482686617,4.545,0.0534306076123961,0.505
3,669,468,0.151158637732876,4.424,0.0541401436565802,0.491555555555556
3,670,469,0.150244733645946,4.581,0.0551586936165233,0.509
3,671,470,0.149889519579479,4.565,0.0517537771902058,0.507222222222222
3,672,471,0.149063927787632,4.576,0.0526782592631816,0.508444444444444
3,673,472,0.148874708731729,4.575,0.053919219971011,0.508333333333333
3,674,473,0.148216765391214,4.465,0.0563022641191714,0.496111111111111
3,675,474,0.147368888748237,4.403,0.0541620210528053,0.489222222222222
3,676,475,0.146523118728569,4.507,0.0536547279354748,0.500777777777778
3,677,476,0.146047281473913,4.495,0.0560099286922606,0.499444444444444
3,678,477,0.145085460177522,4.515,0.0563822130991145,0.501666666666667
3,679,478,0.144710011556498,4.482,0.0540240186823842,0.498
3,680,479,0.143777505749524,4.452,0.0542829866776197,0.494666666666667
3,681,480,0.143106137969959,4.499,0.0555975726996253,0.499888888888889
3,682,481,0.142509504909128,4.472,0.0553378557434086,0.496888888888889
3,683,482,0.142142256100635,4.542,0.0548383373493694,0.504666666666667
3,684,483,0.141551098668542,4.536,0.0552789269049225,0.504
3,685,484,0.140925346895457,4.491,0.054871941189737,0.499
3,686,485,0.140584051242713,4.46,0.0556191827834022,0.495555555555556
3,687,486,0.139970607915195,4.496,0.0552905149283404,0.499555555555556
3,688,487,0.139457713085432,4.459,0.0546012847861685,0.495444444444444
3,689,488,0.139074512106123,4.514,0.0530529793566641,0.501555555555556
3,690,489,0.138816325178534,4.468,0.054368482891579,0.496444444444444
3,691,490,0.138058543127945,4.384,0.0534359373399533,0.487111111111111
3,692,491,0.137838706320743,4.391,0.0547093420917497,0.487888888888889
3,693,492,0.137506464371905,4.41,0.0534486366220577,0.49
3,694,493,0.136867333793628,4.505,0.0539155068777238,0.500555555555556
3,695,494,0.136093565492847,4.504,0.0532618139084731,0.500444444444444
3,696,495,0.135664038657908,4.456,0.0555801507118606,0.495111111111111
3,697,496,0.135097586331765,4.556,0.0529118480461954,0.506222222222222
3,698,497,0.13462256477479,4.451,0.0533708482923726,0.494555555555556
3,699,498,0.134203877131834,4.559,0.0541798343893228,0.506555555555556
3,700,499,0.133701774091192,4.585,0.0519949851281686,0.509444444444444
3,701,500,0.133313917479185,4.41,0.0529216468063939,0.49
3,702,501,0.133011861833397,4.508,0.0525804212678133,0.500888888888889
3,703,502,0.13208882066915,4.46,0.0527748537201686,0.495555555555556
3,704,503,0.131840762568617,4.465,0.0528163285789968,0.496111111111111
3,705,504,0.131304618317753,4.524,0.0546114127852996,0.502666666666667
3,706,505,0.130666049539445,4.387,0.0545179163505286,0.487444444444444
3,707,506,0.130246749640774,4.435,0.0539322137843765,0.492777777777778
3,708,507,0.12975014539161,4.473,0.0541867807422364,0.497
3,709,508,0.128897264585453,4.471,0.0557338789719978,0.496777777777778
3,710,509,0.128363839137023,4.332,0.0567890922713242,0.481333333333333
3,711,510,0.127893778537124,4.431,0.0555907306061841,0.492333333333333
3,712,511,0.127005645309529,4.469,0.0541661607737982,0.496555555555556
3,713,512,0.126349795567179,4.386,0.0526286402424931,0.487333333333333
3,714,513,0.126127506190693,4.29,0.0553440418018324,0.476666666666667
3,715,514,0.125595838516342,4.339,0.0562605034126452,0.482111111111111
3,716,515,0.125163665594221,4.263,0.0552529083748892,0.473666666666667
3,717,516,0.124461427755771,4.338,0.0552703429590482,0.482
3,718,517,0.124150169932566,4.455,0.056878908307124,0.495
3,719,518,0.123662677752855,4.426,0.0552591854588683,0.491777777777778
3,720,519,0.123354672016033,4.447,0.0534045226834117,0.494111111111111
3,721,520,0.122844369684699,4.497,0.0547813106085644,0.499666666666667
3,722,521,0.122031190185792,4.436,0.0547073751599991,0.492888888888889
3,723,522,0.121190695850779,4.375,0.0551127245961621,0.486111111111111
3,724,523,0.120966482921875,4.395,0.0553175834164422,0.488333333333333
3,725,524,0.120675546246381,4.473,0.0531798749443725,0.497
3,726,525,0.120429172433003,4.492,0.0530919462325009,0.499111111111111
3,727,526,0.12009120752487,4.538,0.0534547791447445,0.504222222222222
3,728,527,0.119807718459522,4.521,0.0554854723115666,0.502333333333333
3,729,528,0.119275256484879,4.468,0.0561972787075506,0.496444444444444
3,730,529,0.118843777853217,4.38,0.0545580111127281,0.486666666666667
3,731,530,0.118443142068817,4.437,0.0561353915296063,0.493
3,732,531,0.117865674753325,4.377,0.053775112856811,0.486333333333333
3,733,532,0.117262677417372,4.447,0.0542414337304346,0.494111111111111
3,734,533,0.116916575048643,4.471,0.0544069767504053,0.496777777777778
3,735,534,0.116391028716389,4.42,0.0524819431267016,0.491111111111111
3,736,535,0.115720400115773,4.474,0.0563782094652048,0.497111111111111
3,737,536,0.114872480870375,4.423,0.054928026435401,0.491444444444444
3,738,537,0.114326526035072,4.32,0.0526913311311868,0.48
3,739,538,0.113938530949872,4.441,0.0542905743795961,0.493444444444444
3,740,539,0.113424002468304,4.44,0.0547119127192003,0.493333333333333
3,741,540,0.112731315960696,4.373,0.0558120595031753,0.485888888888889
3,742,541,0.112230452785342,4.365,0.0540619801496182,0.485
3,743,542,0.111458856620469,4.438,0.0549470215314276,0.493111111111111
3,744,543,0.111105578704624,4.345,0.054008257626884,0.482777777777778
3,745,544,0.111024396265653,4.482,0.0557744277136645,0.498
3,746,545,0.110386918716784,4.397,0.0573819107705876,0.488555555555556
3,747,546,0.109628870482903,4.34,0.0562989304478297,0.482222222222222
3,748,547,0.109176484554972,4.347,0.0568491233250159,0.483
3,749,548,0.108542734608492,4.376,0.0560157278071238,0.486222222222222
3,750,549,0.108179176571291,4.351,0.0555237055849292,0.483444444444444
3,751,550,0.107772184077817,4.329,0.0537554522690364,0.481
3,752,551,0.107415610057038,4.356,0.0543711340714929,0.484
3,753,552,0.106950313686216,4.352,0.0543235404502233,0.483555555555556
3,754,553,0.106436837308036,4.433,0.0546488563237829,0.492555555555556
3,755,554,0.105960494457823,4.436,0.0542480123769234,0.492888888888889
3,756,555,0.105588121792014,4.368,0.0567961424905055,0.485333333333333
3,757,556,0.105135016057187,4.389,0.053689492096327,0.487666666666667
3,758,557,0.105022274043843,4.483,0.0547239043353605,0.498111111111111
3,759,558,0.104571443460533,4.45,0.0527283631481223,0.494444444444444
3,760,559,0.103986193175911,4.364,0.053407455999667,0.484888888888889
3,761,560,0.103425251676121,4.449,0.0551764754532531,0.494333333333333
3,762,561,0.103221067813344,4.327,0.0560286552596994,0.480777777777778
3,763,562,0.102695561610951,4.466,0.0549350695081189,0.496222222222222
3,764,563,0.102242925962251,4.487,0.0552710221172531,0.498555555555556
3,765,564,0.101684462585522,4.433,0.0549046949315401,0.492555555555556
3,766,565,0.101095574413706,4.424,0.0537690907038152,0.491555555555556
3,767,566,0.100677726079751,4.392,0.0548757446177029,0.488
3,768,567,0.100146597604474,4.457,0.0548193045938761,0.495222222222222
3,769,568,0.099723558889319,4.35,0.0550684349925848,0.483333333333333
3,770,569,0.0994585739836179,4.335,0.0542560477616892,0.481666666666667
3,771,570,0.0989796296701325,4.377,0.0536819592857112,0.486333333333333
3,772,571,0.0988185924431786,4.297,0.054348364692461,0.477444444444444
3,773,572,0.0984976183211846,4.347,0.0524150583166553,0.483
3,774,573,0.0981266355326228,4.342,0.0526099211537502,0.482444444444444
3,775,574,0.0973281978193345,4.322,0.0541594797726976,0.480222222222222
3,776,575,0.0970833566595938,4.259,0.0545976180789961,0.473222222222222
3,777,576,0.0962236081750593,4.318,0.055515384876248,0.479777777777778
3,778,577,0.095821666113356,4.414,0.0546222261317461,0.490444444444444
3,779,578,0.0953387620439524,4.268,0.0532072082241403,0.474222222222222
3,780,579,0.0952018290030412,4.243,0.0545428815330281,0.471444444444444
3,781,580,0.0948878943153702,4.311,0.0532269866901379,0.479
3,782,581,0.0944857113482855,4.288,0.0542032655288776,0.476444444444444
3,783,582,0.0940701737784196,4.343,0.0561293283542703,0.482555555555556
3,784,583,0.0937244248457038,4.349,0.0552834084988909,0.483222222222222
3,785,584,0.0933985571468968,4.278,0.055640019876091,0.475333333333333
3,786,585,0.092742994292768,4.3,0.0523520843972877,0.477777777777778
3,787,586,0.0921229534936873,4.271,0.054704218772884,0.474555555555556
3,788,587,0.0915128997227616,4.318,0.0562498003555571,0.479777777777778
3,789,588,0.0910641074298431,4.372,0.0571741627388183,0.485777777777778
3,790,589,0.0906723606328575,4.292,0.0537924681496362,0.476888888888889
3,791,590,0.0902197887563482,4.278,0.055260924438248,0.475333333333333
3,792,591,0.0899937493832681,4.409,0.0541909185718018,0.489888888888889
3,793,592,0.0897619916855323,4.33,0.0539816081088182,0.481111111111111
3,794,593,0.089292472120737,4.347,0.0546037780064036,0.483
3,795,594,0.0888275735862264,4.297,0.0563734775312732,0.477444444444444
3,796,595,0.0887016210749952,4.369,0.0562316725787255,0.485444444444444
3,797,596,0.0883415904577727,4.312,0.0541995718949291,0.479111111111111
3,798,597,0.0878585899940448,4.424,0.0535639159611494,0.491555555555556
3,799,598,0.087421424481719,4.42,0.0541713442193797,0.491111111111111
3,800,599,0.0869981915692748,4.379,0.0536678603937145,0.486555555555556
3,801,600,0.0867888330136498,4.273,0.0529837548525799,0.474777777777778
3,802,601,0.0862852535182819,4.327,0.0547089029689327,0.480777777777778
3,803,602,0.085517811951458,4.314,0.0547759473163576,0.479333333333333
3,804,603,0.0853575155526048,4.249,0.0551728469724288,0.472111111111111
3,805,604,0.0849705500350834,4.281,0.0562067451307954,0.475666666666667
3,806,605,0.0845547781441726,4.274,0.0570980225943438,0.474888888888889
3,807,606,0.0841411281596352,4.297,0.0541638691816299,0.477444444444444
3,808,607,0.0835620748137655,4.411,0.0550736970986342,0.490111111111111
3,809,608,0.0833465823334529,4.454,0.0537286773592164,0.494888888888889
3,810,609,0.0832061626941755,4.388,0.0562549608534271,0.487555555555556
3,811,610,0.0831103106186982,4.33,0.0546267707638306,0.481111111111111
3,812,611,0.0828143687169987,4.453,0.0547063413489129,0.494777777777778
3,813,612,0.0827057659561371,4.289,0.0539665766135986,0.476555555555556
3,814,613,0.0826840451654574,4.232,0.0553646208443737,0.470222222222222
3,815,614,0.0823590296379003,4.247,0.054377825884711,0.471888888888889
3,816,615,0.0821840625924025,4.36,0.0555110933190969,0.484444444444444
3,817,616,0.0818304775082358,4.399,0.0545598366545921,0.488777777777778
3,818,617,0.0816874364835382,4.484,0.0547973242663067,0.498222222222222
3,819,618,0.0812479271140861,4.386,0.0529320867320173,0.487333333333333
3,820,619,0.0807218636947123,4.5,0.0551093189672766,0.5
3,821,620,0.0799732714546549,4.359,0.0551648634745175,0.484333333333333
3,822,621,0.0796512640808707,4.323,0.0542735351402192,0.480333333333333
3,823,622,0.0789828916468053,4.218,0.055907080066854,0.468666666666667
3,824,623,0.0787086589253733,4.269,0.0560337289387274,0.474333333333333
3,825,624,0.0782663956375752,4.326,0.0544121740485038,0.480666666666667
3,826,625,0.0780674748959256,4.311,0.0570221933156779,0.479
3,827,626,0.0777641037833611,4.274,0.0552809187693185,0.474888888888889
3,828,627,0.0772420898566866,4.336,0.0556974524211497,0.481777777777778
3,829,628,0.0772895894108996,4.382,0.0557421131926587,0.486888888888889
3,830,629,0.0769487468502429,4.297,0.0551891007069044,0.477444444444444
3,831,630,0.0762054492437485,4.359,0.057753393445359,0.484333333333333
3,832,631,0.0758995048961868,4.292,0.0561951411947143,0.476888888888889
3,833,632,0.0755713429388211,4.266,0.0528775948776044,0.474
3,834,633,0.0752321997119308,4.38,0.0543373955260329,0.486666666666667
3,835,634,0.0748484359996994,4.383,0.0552572562145858,0.487
3,836,635,0.0743433035212474,4.442,0.0534367990385981,0.493555555555556
3,837,636,0.0740349810143343,4.439,0.054177617280702,0.493222222222222
3,838,637,0.0738136327268996,4.345,0.0566849908546184,0.482777777777778
3,839,638,0.0733995530073497,4.349,0.0537409256255144,0.483222222222222
3,840,639,0.0729317786960429,4.283,0.0552808010702355,0.475888888888889
3,841,640,0.0723586141088705,4.26,0.0553304749795393,0.473333333333333
3,842,641,0.0718394142925814,4.281,0.0560819416941334,0.475666666666667
3,843,642,0.0718617063692543,4.297,0.0556406945219673,0.477444444444444
3,844,643,0.0714612833189532,4.321,0.0555611919062761,0.480111111111111
3,845,644,0.071200296652156,4.366,0.0556699482947773,0.485111111111111
3,846,645,0.070986460156111,4.387,0.0553560773113063,0.487444444444444
3,847,646,0.0704905105760033,4.358,0.0566661013926938,0.484222222222222
3,848,647,0.0701324515513083,4.303,0.055716203166541,0.478111111111111
3,849,648,0.0695541224197095,4.238,0.0572768420623606,0.470888888888889
3,850,649,0.069385478056405,4.183,0.0538368777828856,0.464777777777778
3,851,650,0.0689499496979419,4.267,0.0573672554860525,0.474111111111111
3,852,651,0.0685270531615975,4.185,0.0544586149359379,0.465
3,853,652,0.0681416236261214,4.292,0.0535126115939,0.476888888888889
3,854,653,0.0675000058752619,4.231,0.0547963652229019,0.470111111111111
3,855,654,0.0672548236920024,4.246,0.0535570009648818,0.471777777777778
3,856,655,0.0671710915766658,4.312,0.0548056535373829,0.479111111111111
3,857,656,0.0667411717264439,4.251,0.054580014455641,0.472333333333333
3,858,657,0.0663592202446733,4.294,0.0547956801816216,0.477111111111111
3,859,658,0.0660078032593011,4.275,0.0544457467515999,0.475
3,860,659,0.0656756566569171,4.297,0.055622701164946,0.477444444444444
3,861,660,0.0652015945854277,4.239,0.0543583832893679,0.471
3,862,661,0.064670295527248,4.293,0.0564653817780358,0.477
3,863,662,0.0644971556022948,4.321,0.0558487070403432,0.480111111111111
3,864,663,0.0643252900859299,4.255,0.0550363879992501,0.472777777777778
3,865,664,0.0640185979946147,4.323,0.0554774616285635,0.480333333333333
3,866,665,0.0639883940325348,4.257,0.0558396728954339,0.473
3,867,666,0.0637529556638857,4.258,0.054629849170764,0.473111111111111
3,868,667,0.0638291653038729,4.194,0.0538262135140609,0.466
3,869,668,0.063383284352868,4.284,0.0549578417003831,0.476
3,870,669,0.0631683959713841,4.235,0.0555234892442636,0.470555555555556
3,871,670,0.062914029576442,4.182,0.0549899981805775,0.464666666666667
3,872,671,0.0625144406489658,4.242,0.0529928697490921,0.471333333333333
3,873,672,0.062478214535617,4.334,0.0556915213075164,0.481555555555556
3,874,673,0.0623688264894963,4.26,0.0559421981113497,0.473333333333333
3,875,674,0.0619628502837764,4.255,0.0563307034231612,0.472777777777778
3,876,675,0.0616864925574373,4.197,0.0550019655668432,0.466333333333333
3,877,676,0.0613929723767363,4.194,0.0535839083609552,0.466
3,878,677,0.0613516766884862,4.144,0.0553744555759268,0.460444444444444
3,879,678,0.0610218997193951,4.171,0.0557392668221055,0.463444444444444
3,880,679,0.0607357099328389,4.226,0.0549722288609982,0.469555555555556
3,881,680,0.0602355095043124,4.295,0.0560277976910935,0.477222222222222
3,882,681,0.0601102700960143,4.311,0.054380476609131,0.479
3,883,682,0.0597080214428025,4.256,0.055367224325674,0.472888888888889
3,884,683,0.0594841353788921,4.239,0.055289564439738,0.471
3,885,684,0.0589129122477817,4.262,0.0551034698761556,0.473555555555556
3,886,685,0.0587229448311026,4.29,0.0548352706467919,0.476666666666667
3,887,686,0.0582395732263052,4.251,0.054836174246623,0.472333333333333
3,888,687,0.0577571945011004,4.381,0.0546335411979109,0.486777777777778
3,889,688,0.0575337527389011,4.316,0.0564919050425399,0.479555555555556
3,890,689,0.0572525471105091,4.295,0.0549999999999999,0.477222222222222
3,891,690,0.0569920146862527,4.248,0.0539203431313581,0.472
3,892,691,0.0568131233792556,4.321,0.0567378020210351,0.480111111111111
3,893,692,0.0569296257052704,4.303,0.0544256663087659,0.478111111111111
3,894,693,0.056673939241529,4.251,0.0562775813816315,0.472333333333333
3,895,694,0.05632869204298,4.261,0.0554432408229618,0.473444444444444
3,896,695,0.0564200159625517,4.236,0.0547658954396192,0.470666666666667
3,897,696,0.0561905797973661,4.161,0.0548825208157487,0.462333333333333
3,898,697,0.0560046665449755,4.188,0.0558549530102369,0.465333333333333
3,899,698,0.0558327626981273,4.211,0.0550045862133739,0.467888888888889
3,900,699,0.0555159386448081,4.197,0.0550565365985021,0.466333333333333
3,901,700,0.0550449525107259,4.348,0.0538311600636081,0.483111111111111
3,902,701,0.0548291744242461,4.303,0.0541490823848669,0.478111111111111
3,903,702,0.0548551060877187,4.307,0.0551524504695195,0.478555555555556
3,904,703,0.0547236422889659,4.262,0.0561650292487283,0.473555555555556
3,905,704,0.0545813241879189,4.339,0.0575968436322375,0.482111111111111
3,906,705,0.0542802696880788,4.279,0.0542226806705373,0.475444444444444
3,907,706,0.0540792819288389,4.244,0.055095367314317,0.471555555555556
3,908,707,0.0539291554981491,4.267,0.0547970228544739,0.474111111111111
3,909,708,0.0537787468733511,4.201,0.0556749377969901,0.466777777777778
3,910,709,0.0536447964220862,4.276,0.0567189654440299,0.475111111111111
3,911,710,0.053015467301243,4.305,0.0556513438478539,0.478333333333333
3,912,711,0.0528688930357558,4.157,0.0560668751982352,0.461888888888889
3,913,712,0.0529165678919857,4.263,0.054376353204199,0.473666666666667
3,914,713,0.0527454335295418,4.28,0.0544845718398205,0.475555555555556
3,915,714,0.0526691321712371,4.198,0.0554063702643104,0.466444444444444
3,916,715,0.052502368025833,4.335,0.0548615054914169,0.481666666666667
3,917,716,0.0520580909357682,4.333,0.0529803540750525,0.481444444444444
3,918,717,0.051730494029757,4.262,0.0545741178062855,0.473555555555556
3,919,718,0.0515959076763154,4.276,0.0531474237254136,0.475111111111111
3,920,719,0.0515170597896542,4.266,0.0545363935204579,0.474
3,921,720,0.0511798957932193,4.305,0.0555973566463916,0.478333333333333
3,922,721,0.0509626040256331,4.307,0.0544767722861655,0.478555555555556
3,923,722,0.0508290131259146,4.259,0.0551267444890225,0.473222222222222
3,924,723,0.0505717386904032,4.218,0.0561571868030232,0.468666666666667
3,925,724,0.0500580561773429,4.269,0.0547872306348901,0.474333333333333
3,926,725,0.0500352407289361,4.236,0.0535833479280193,0.470666666666667
3,927,726,0.0499479430233834,4.296,0.0559241585677558,0.477333333333333
3,928,727,0.0498652425351347,4.218,0.0545476988648601,0.468666666666667
3,929,728,0.050104549294706,4.208,0.0562485546472076,0.467555555555556
3,930,729,0.0498854158650309,4.217,0.0547988495674308,0.468555555555556
3,931,730,0.0495536408839371,4.187,0.0532246546617625,0.465222222222222
3,932,731,0.0492440795456521,4.209,0.0541502654772003,0.467666666666667
3,933,732,0.0489396955867521,4.292,0.0540523603338249,0.476888888888889
3,934,733,0.0486421405165473,4.316,0.0558324391484133,0.479555555555556
3,935,734,0.0481577772562556,4.243,0.0529032111478098,0.471444444444444
3,936,735,0.0481502550589319,4.267,0.0543384179348615,0.474111111111111
3,937,736,0.0477422557136732,4.214,0.0543245354803441,0.468222222222222
3,938,737,0.0476068104413995,4.236,0.0560307365955816,0.470666666666667
3,939,738,0.0473336579789622,4.272,0.0564198475644803,0.474666666666667
3,940,739,0.0473587887461006,4.164,0.0548280047978228,0.462666666666667
3,941,740,0.0471850603523012,4.175,0.0542339037532456,0.463888888888889
3,942,741,0.0468489233959352,4.211,0.0532476695669801,0.467888888888889
3,943,742,0.0466583903545324,4.23,0.0552825122091624,0.47
3,944,743,0.0463243136893924,4.296,0.0528505172839128,0.477333333333333
3,945,744,0.0462231213515528,4.147,0.055574090001362,0.460777777777778
3,946,745,0.0461293767340287,4.248,0.0550229363404346,0.472
3,947,746,0.0458061458300435,4.281,0.0543045853311484,0.475666666666667
3,948,747,0.0454380007496658,4.257,0.05345847742696,0.473
3,949,748,0.0451851189864,4.164,0.0557154216371749,0.462666666666667
3,950,749,0.0451206326767032,4.213,0.0563631777653443,0.468111111111111
