"feedback","b","step","time_since_shock","mean_P","se_P","mean_M","se_M","mean_m"
"off",0,1,-200,0,0,2.618,0.0442948985554548,0.290888888888889
"off",0,2,-199,0.000216974685318678,0.000181700697129293,2.495,0.044609023358116,0.277222222222222
"off",0,3,-198,0.000146757835921858,0.000256891273790868,2.425,0.0445910682016407,0.269444444444444
"off",0,4,-197,-0.000128304776583039,0.00030794314200604,2.527,0.0453357069684187,0.280777777777778
"off",0,5,-196,0.000122476972844111,0.000358836978377019,2.468,0.0431374180594624,0.274222222222222
"off",0,6,-195,5.83397016861701e-05,0.000402484442820468,2.482,0.043399994925801,0.275777777777778
"off",0,7,-194,0.000272292054879861,0.000441440424135965,2.522,0.0453604847149319,0.280222222222222
"off",0,8,-193,0.000298385601457036,0.000470071518191483,2.539,0.0442768499267893,0.282111111111111
"off",0,9,-192,0.000450675715874308,0.000490771228730173,2.527,0.0445786749271247,0.280777777777778
"off",0,10,-191,0.000617827207965778,0.000522358795683276,2.416,0.0430673751092263,0.268444444444444
"off",0,11,-190,0.000547851627377664,0.000546464442224496,2.493,0.0450775219259331,0.277
"off",0,12,-189,0.000856584748714,0.000581018950470493,2.42,0.0422775045075673,0.268888888888889
"off",0,13,-188,0.000794929575949152,0.000606988796685452,2.517,0.0460198742808889,0.279666666666667
"off",0,14,-187,0.000926199432362436,0.000632486397816401,2.413,0.0437532323988221,0.268111111111111
"off",0,15,-186,0.00104134934808925,0.000640110471185604,2.483,0.0440868989004063,0.275888888888889
"off",0,16,-185,0.00108836512400727,0.000652455658061319,2.477,0.0451387694616115,0.275222222222222
"off",0,17,-184,0.00120658712653271,0.000673528943639296,2.457,0.0445436318134833,0.273
"off",0,18,-183,0.0014204343064709,0.000693298286944471,2.511,0.0459781795310883,0.279
"off",0,19,-182,0.00141475237629933,0.000708133666121639,2.499,0.0452995700978612,0.277666666666667
"off",0,20,-181,0.00140110775156413,0.000729102875239678,2.532,0.0452661576127798,0.281333333333333
"off",0,21,-180,0.0015012066598151,0.000742100628653926,2.517,0.0451414305128752,0.279666666666667
"off",0,22,-179,0.0015926704255886,0.000756022581893691,2.5,0.044451951317979,0.277777777777778
"off",0,23,-178,0.00122955014583416,0.000782308774473669,2.463,0.0449961737890641,0.273666666666667
"off",0,24,-177,0.000644906370246262,0.000797885475537097,2.403,0.0427366051227448,0.267
"off",0,25,-176,0.00086962457175177,0.00080753694414751,2.453,0.0444495980495523,0.272555555555556
"off",0,26,-175,0.000890813393903707,0.000815092252376179,2.453,0.0438145034287815,0.272555555555556
"off",0,27,-174,0.000701242143716843,0.000822824203694474,2.452,0.0449189683064265,0.272444444444444
"off",0,28,-173,0.000707847273240129,0.000830609000371009,2.461,0.044905406083182,0.273444444444444
"off",0,29,-172,0.000568101082636626,0.000852965386375575,2.5,0.0441582376227805,0.277777777777778
"off",0,30,-171,0.000573097955976435,0.000864222621272425,2.362,0.0453322292746674,0.262444444444444
"off",0,31,-170,0.000538023611973772,0.000877686903476179,2.485,0.0453191883072593,0.276111111111111
"off",0,32,-169,0.00031944341668097,0.000892165804358878,2.527,0.044847321907582,0.280777777777778
"off",0,33,-168,7.52872013788831e-05,0.000898873463791235,2.479,0.0421347164976144,0.275444444444444
"off",0,34,-167,6.38460295827818e-05,0.00090893825784296,2.398,0.0450291419374567,0.266444444444444
"off",0,35,-166,-3.08718196718695e-05,0.000924147733319117,2.465,0.044280195750874,0.273888888888889
"off",0,36,-165,8.29066843325676e-05,0.000928802914821038,2.462,0.0440283374032508,0.273555555555556
"off",0,37,-164,0.000489327222206388,0.000940047366298879,2.464,0.0438934007640173,0.273777777777778
"off",0,38,-163,0.000449543215785017,0.000937806759088412,2.51,0.0441797674490466,0.278888888888889
"off",0,39,-162,0.000667829811700969,0.00094587376834475,2.452,0.0448966781812614,0.272444444444444
"off",0,40,-161,0.000776622956581536,0.000959687225366696,2.435,0.0440421924376469,0.270555555555556
"off",0,41,-160,0.00070803969709161,0.000966231080047301,2.457,0.043336232289264,0.273
"off",0,42,-159,0.000841019418391347,0.000980589263744724,2.474,0.0444893616868494,0.274888888888889
"off",0,43,-158,0.000908611110400925,0.000987207911948801,2.513,0.0445400360890605,0.279222222222222
"off",0,44,-157,0.00104093991478755,0.00100416726350376,2.489,0.0455406736111023,0.276555555555555
"off",0,45,-156,0.00100897655613635,0.00101352998428429,2.501,0.0442714237286193,0.277888888888889
"off",0,46,-155,0.000991703296349115,0.00102685518057128,2.548,0.0461717210836661,0.283111111111111
"off",0,47,-154,0.00105136693034912,0.00103692295383245,2.473,0.0437170696888776,0.274777777777778
"off",0,48,-153,0.00122314514114634,0.00104299216874539,2.506,0.0435644564049854,0.278444444444444
"off",0,49,-152,0.00137796578052011,0.00105623373454433,2.574,0.0447048377977433,0.286
"off",0,50,-151,0.00122285249183399,0.00106295252107594,2.489,0.0451876191110011,0.276555555555556
"off",0,51,-150,0.00092752526614992,0.00107597769855222,2.45,0.0445812459167248,0.272222222222222
"off",0,52,-149,0.00108596536518072,0.0010962586251419,2.553,0.0460142185450137,0.283666666666667
"off",0,53,-148,0.000969141850286098,0.00110676796588094,2.485,0.0449643947673801,0.276111111111111
"off",0,54,-147,0.00092482931071847,0.00111322044457983,2.542,0.0450140229513232,0.282444444444444
"off",0,55,-146,0.00095751947081004,0.00111937912576648,2.546,0.0453866053361996,0.282888888888889
"off",0,56,-145,0.000924564055599152,0.00113911164881749,2.472,0.0461231324103573,0.274666666666667
"off",0,57,-144,0.000785768025035592,0.00114445584497696,2.455,0.0432879757998552,0.272777777777778
"off",0,58,-143,0.000731779915565523,0.00115236921199341,2.497,0.0444067896043271,0.277444444444444
"off",0,59,-142,0.00072414354665994,0.00115924126844077,2.54,0.0447929280847593,0.282222222222222
"off",0,60,-141,0.000845252850624571,0.00117152734386674,2.583,0.0444194111181596,0.287
"off",0,61,-140,0.000999938650628044,0.00118761803899825,2.577,0.0461974588609068,0.286333333333333
"off",0,62,-139,0.000813284577835363,0.0011871522880374,2.469,0.0459908051044351,0.274333333333333
"off",0,63,-138,0.000994867533032467,0.00118895982726473,2.485,0.0439511854983083,0.276111111111111
"off",0,64,-137,0.000623774296647258,0.00119589053747167,2.455,0.0453434783737533,0.272777777777778
"off",0,65,-136,0.000546264560950863,0.00119924206778355,2.514,0.0446295394979135,0.279333333333333
"off",0,66,-135,0.000410497822103706,0.00120860887250006,2.478,0.0450948949388903,0.275333333333333
"off",0,67,-134,0.000469476806675951,0.00121126355825754,2.521,0.045073169298271,0.280111111111111
"off",0,68,-133,0.000457969003067539,0.00120735762997483,2.522,0.0442659629453091,0.280222222222222
"off",0,69,-132,0.000264300123008837,0.00121215135627027,2.476,0.045027230110806,0.275111111111111
"off",0,70,-131,6.87332040268791e-05,0.00121122174371467,2.488,0.0451208587228999,0.276444444444444
"off",0,71,-130,2.60274368370755e-05,0.00121854861600946,2.478,0.0441073855659284,0.275333333333333
"off",0,72,-129,-3.8154567744148e-05,0.00122052692117391,2.457,0.0445660985182365,0.273
"off",0,73,-128,-0.000346499666772499,0.00122781333650002,2.508,0.0434721269990996,0.278666666666667
"off",0,74,-127,-0.000202573717342877,0.00123587348904502,2.569,0.0449806876588416,0.285444444444444
"off",0,75,-126,-0.000256342438301238,0.00124233613353533,2.456,0.0430571471177309,0.272888888888889
"off",0,76,-125,-8.22732092229716e-05,0.00124442973684504,2.418,0.0440365213795912,0.268666666666667
"off",0,77,-124,1.67552159322542e-06,0.00125042508496231,2.491,0.0451880621509812,0.276777777777778
"off",0,78,-123,-0.000390720738695711,0.00126332742650983,2.438,0.0450131334410543,0.270888888888889
"off",0,79,-122,-0.000671398584336508,0.00126986250569519,2.444,0.0442133330435381,0.271555555555556
"off",0,80,-121,-0.000871133889110277,0.00127223219520801,2.493,0.0427993315693456,0.277
"off",0,81,-120,-0.000922915601705309,0.00127367079164057,2.518,0.0446056685373692,0.279777777777778
"off",0,82,-119,-0.000874235133832486,0.0012834510790591,2.453,0.0450090748273813,0.272555555555556
"off",0,83,-118,-0.000815834873481069,0.00128444204004347,2.617,0.0461350131617998,0.290777777777778
"off",0,84,-117,-0.000715976019503735,0.00129000192347714,2.554,0.0452673517353637,0.283777777777778
"off",0,85,-116,-0.000764577149050581,0.00130159665596377,2.454,0.0446976719962224,0.272666666666667
"off",0,86,-115,-0.000745689406656654,0.00131323243576537,2.545,0.0458047276279761,0.282777777777778
"off",0,87,-114,-0.000651867934137049,0.0013119252646922,2.49,0.0434025780776185,0.276666666666667
"off",0,88,-113,-0.000516045842601338,0.00131541821020005,2.52,0.0450069508590133,0.28
"off",0,89,-112,-0.000582324649867291,0.00132227485932465,2.544,0.0441362890602734,0.282666666666667
"off",0,90,-111,-0.00044339758799147,0.00132320715304942,2.499,0.0451667913299034,0.277666666666667
"off",0,91,-110,-0.000528093857312219,0.00133375894053258,2.522,0.0429110400404996,0.280222222222222
"off",0,92,-109,-0.00064393180677614,0.00134602121473111,2.389,0.0446281376563116,0.265444444444444
"off",0,93,-108,-0.000358486344389664,0.00135279688434233,2.369,0.0432748392453594,0.263222222222222
"off",0,94,-107,-0.00021260296001597,0.00136496603762495,2.395,0.0436449296010417,0.266111111111111
"off",0,95,-106,3.75936738890225e-05,0.00137118743998416,2.454,0.044965608034429,0.272666666666667
"off",0,96,-105,6.07289448160321e-05,0.00137291529916729,2.452,0.0441547918763715,0.272444444444444
"off",0,97,-104,0.000255287081158107,0.00138333143931164,2.488,0.0439976339340173,0.276444444444444
"off",0,98,-103,0.00027415174151233,0.00137914366558304,2.52,0.0456035051249319,0.28
"off",0,99,-102,0.000105089824218727,0.00138623695063403,2.481,0.0448960427504993,0.275666666666667
"off",0,100,-101,-9.93346205137177e-06,0.00139163144023121,2.454,0.0440434311086662,0.272666666666667
"off",0,101,-100,-0.000172144775430551,0.00140183286671885,2.533,0.0453096453745111,0.281444444444444
"off",0,102,-99,-0.000168680539576046,0.00140744494697083,2.418,0.0432104517812892,0.268666666666667
"off",0,103,-98,-0.000258709109304298,0.00140919758844728,2.514,0.0428443653196037,0.279333333333333
"off",0,104,-97,-0.00045410598426544,0.00141069529643909,2.511,0.0436552950371978,0.279
"off",0,105,-96,-0.000305953554482992,0.00140846890452664,2.466,0.0440088716144911,0.274
"off",0,106,-95,-0.000508982033990455,0.00141281588649302,2.446,0.0434623167004819,0.271777777777778
"off",0,107,-94,-0.000534044383561456,0.00141045828263053,2.447,0.0450024023382773,0.271888888888889
"off",0,108,-93,-0.000791398046328983,0.00141099681529641,2.471,0.0460573585899181,0.274555555555555
"off",0,109,-92,-0.000527639312489255,0.00141928004730842,2.508,0.0453209663399844,0.278666666666667
"off",0,110,-91,-0.000540188814613754,0.0014190824458412,2.399,0.0434014133719475,0.266555555555556
"off",0,111,-90,-0.000698844257973956,0.00142308839638717,2.55,0.0455365081398824,0.283333333333333
"off",0,112,-89,-0.000704234748292762,0.00142664783645325,2.511,0.0433792664848169,0.279
"off",0,113,-88,-0.000628227925563209,0.00142961949589407,2.477,0.0448495538716105,0.275222222222222
"off",0,114,-87,-0.000797463423939893,0.00142382926886908,2.406,0.0451796990384531,0.267333333333333
"off",0,115,-86,-0.000835853314771697,0.00143222721040631,2.491,0.044473552780241,0.276777777777778
"off",0,116,-85,-0.000813823997327696,0.00143848622191426,2.488,0.0449207510386221,0.276444444444444
"off",0,117,-84,-0.00108603720455205,0.00143578894182539,2.472,0.044891326904328,0.274666666666667
"off",0,118,-83,-0.000963704599888151,0.00144070311714645,2.413,0.0446589904210274,0.268111111111111
"off",0,119,-82,-0.0008606693843315,0.0014438584416846,2.408,0.0447385464397039,0.267555555555555
"off",0,120,-81,-0.0010315691169805,0.00144717446072617,2.394,0.0448416633809987,0.266
"off",0,121,-80,-0.00101736643543699,0.00144584296160474,2.438,0.0445661546708051,0.270888888888889
"off",0,122,-79,-0.00118368363782768,0.00144688115855774,2.507,0.044720811161594,0.278555555555556
"off",0,123,-78,-0.00112976504522331,0.00144586886495037,2.467,0.0439185591730857,0.274111111111111
"off",0,124,-77,-0.00105207087286958,0.00145842027623373,2.526,0.0445118557836595,0.280666666666667
"off",0,125,-76,-0.000782805516963015,0.00146381205782535,2.566,0.0449629365774265,0.285111111111111
"off",0,126,-75,-0.000753776694100884,0.00147055493912822,2.483,0.045074857101745,0.275888888888889
"off",0,127,-74,-0.000827394931264443,0.00148125844329519,2.538,0.0441871984686572,0.282
"off",0,128,-73,-0.000642194100459874,0.00147558998863866,2.412,0.0444548336205663,0.268
"off",0,129,-72,-0.000857043581174337,0.00147562231336346,2.495,0.0445191751603389,0.277222222222222
"off",0,130,-71,-0.00108700969028777,0.00147776212800731,2.476,0.0440836405865871,0.275111111111111
"off",0,131,-70,-0.00102855511950989,0.00148438634772646,2.445,0.045266146555942,0.271666666666667
"off",0,132,-69,-0.00103594089206062,0.0015017903677738,2.538,0.0455700848433776,0.282
"off",0,133,-68,-0.00151757691994641,0.00151774624889371,2.508,0.044899353580558,0.278666666666667
"off",0,134,-67,-0.00127127065835739,0.00151388204259833,2.536,0.0454837638369207,0.281777777777778
"off",0,135,-66,-0.00135889834028886,0.00152385940156335,2.388,0.0444232982727468,0.265333333333333
"off",0,136,-65,-0.00130967903413431,0.00153775539686018,2.505,0.0446314571459071,0.278333333333333
"off",0,137,-64,-0.00135903581413946,0.00153263857320141,2.49,0.0436784593112874,0.276666666666667
"off",0,138,-63,-0.00158929242226526,0.00154331697805163,2.563,0.044676918280327,0.284777777777778
"off",0,139,-62,-0.00184609019449616,0.00155540660324669,2.533,0.0436671251380007,0.281444444444444
"off",0,140,-61,-0.00185150255083161,0.00156870793718356,2.535,0.0459661602473806,0.281666666666667
"off",0,141,-60,-0.00236973677572738,0.00157037053641121,2.52,0.0444924665486146,0.28
"off",0,142,-59,-0.00231800800420179,0.00158207550906667,2.58,0.0446720896712431,0.286666666666667
"off",0,143,-58,-0.00237917534581556,0.00157983012952135,2.472,0.043853610331866,0.274666666666667
"off",0,144,-57,-0.00236880803979312,0.00158564197527263,2.509,0.0457385068734321,0.278777777777778
"off",0,145,-56,-0.00242042830767496,0.0015811801008304,2.483,0.045074857101745,0.275888888888889
"off",0,146,-55,-0.00232245132115554,0.00158850186181423,2.485,0.0449866513401342,0.276111111111111
"off",0,147,-54,-0.00235463014908562,0.00159623197703267,2.437,0.0445422834508404,0.270777777777778
"off",0,148,-53,-0.00271082149361935,0.00159145806228832,2.484,0.0440418401487006,0.276
"off",0,149,-52,-0.00296072363866343,0.0015973443943985,2.471,0.0442845359027296,0.274555555555556
"off",0,150,-51,-0.00311604158205102,0.00160290860182508,2.37,0.0440799619219779,0.263333333333333
"off",0,151,-50,-0.00313117919027477,0.00161143680172762,2.529,0.0441487044895785,0.281
"off",0,152,-49,-0.00296313459080304,0.00161969734429199,2.585,0.0450866699569598,0.287222222222222
"off",0,153,-48,-0.00318578421061422,0.00161514892207193,2.574,0.0453495378210252,0.286
"off",0,154,-47,-0.00300726922819706,0.00161337963866543,2.518,0.0442451537869812,0.279777777777778
"off",0,155,-46,-0.00307175395629956,0.00161492974917341,2.485,0.0442688912751916,0.276111111111111
"off",0,156,-45,-0.00303063696828377,0.00161839815344431,2.494,0.0427994835926301,0.277111111111111
"off",0,157,-44,-0.00303009232217789,0.00162219519923363,2.472,0.0440131020623764,0.274666666666667
"off",0,158,-43,-0.00292198888509133,0.00161861720785521,2.462,0.0447275816086288,0.273555555555556
"off",0,159,-42,-0.00318327447401308,0.00162473254250574,2.504,0.0448552783515609,0.278222222222222
"off",0,160,-41,-0.00335426090580533,0.00162376775963655,2.547,0.0430772172574627,0.283
"off",0,161,-40,-0.0034039614205964,0.00162932935389193,2.558,0.0453507738929852,0.284222222222222
"off",0,162,-39,-0.00341176476690285,0.0016258380086465,2.536,0.0444373567922157,0.281777777777778
"off",0,163,-38,-0.00359400385881964,0.00164067197238685,2.574,0.0457888700518001,0.286
"off",0,164,-37,-0.00358443160314191,0.00164703041768213,2.499,0.0438168793836224,0.277666666666667
"off",0,165,-36,-0.00367106711560901,0.00165091840538356,2.472,0.0430007565638684,0.274666666666667
"off",0,166,-35,-0.00370996260859809,0.00164459361123114,2.485,0.0431698811515463,0.276111111111111
"off",0,167,-34,-0.00355861164983083,0.00165350640468042,2.543,0.0452791475317416,0.282555555555556
"off",0,168,-33,-0.0033822105847678,0.00165468301516913,2.562,0.0455876544059268,0.284666666666667
"off",0,169,-32,-0.00357556830639815,0.00166274101792342,2.493,0.0460007289840832,0.277
"off",0,170,-31,-0.00326714572956708,0.00165468407018898,2.476,0.044264922719727,0.275111111111111
"off",0,171,-30,-0.00311486574657848,0.0016637404472788,2.474,0.0459939065468398,0.274888888888889
"off",0,172,-29,-0.00301251754609323,0.0016627796785033,2.462,0.045150798382693,0.273555555555556
"off",0,173,-28,-0.00298283803321194,0.00167171704738276,2.53,0.043646363021505,0.281111111111111
"off",0,174,-27,-0.00301238851565485,0.00166924733371044,2.461,0.0428288841007245,0.273444444444444
"off",0,175,-26,-0.00313400042418368,0.00166650603690482,2.512,0.0437695301753602,0.279111111111111
"off",0,176,-25,-0.00326198517078705,0.00167891076763411,2.48,0.0452730565529836,0.275555555555556
"off",0,177,-24,-0.00320998673243852,0.00168713391262502,2.466,0.0445064582372581,0.274
"off",0,178,-23,-0.00304729374086689,0.00168592907275204,2.532,0.0468312840862725,0.281333333333333
"off",0,179,-22,-0.00311993642240943,0.00169986362185711,2.484,0.0442911470353357,0.276
"off",0,180,-21,-0.00327693588329558,0.00170301276994912,2.49,0.0445632795683382,0.276666666666667
"off",0,181,-20,-0.00308393934386716,0.00170309813002454,2.479,0.0450509554680985,0.275444444444444
"off",0,182,-19,-0.00313788364890396,0.00170267808463764,2.462,0.0449062642909936,0.273555555555556
"off",0,183,-18,-0.00334359433995508,0.00169625060620011,2.414,0.0435947761148568,0.268222222222222
"off",0,184,-17,-0.00342456566227014,0.00169845065900026,2.442,0.0439609891673123,0.271333333333333
"off",0,185,-16,-0.00347133081269551,0.00170636964593668,2.495,0.0442032683059624,0.277222222222222
"off",0,186,-15,-0.00355734839025117,0.00171124261186327,2.472,0.0440812790100193,0.274666666666667
"off",0,187,-14,-0.0034106260326508,0.0017205877173917,2.455,0.043793754039736,0.272777777777778
"off",0,188,-13,-0.00355692527534461,0.00171795606274021,2.537,0.043709741952356,0.281888888888889
"off",0,189,-12,-0.00354961562319817,0.00171916070716641,2.524,0.0446252777628939,0.280444444444444
"off",0,190,-11,-0.0033173071227311,0.00172933792799313,2.479,0.0454711625827472,0.275444444444444
"off",0,191,-10,-0.00331746465455486,0.0017275485305424,2.526,0.0428621180200088,0.280666666666667
"off",0,192,-9,-0.00335122078391143,0.00173748632949469,2.49,0.044809685425228,0.276666666666667
"off",0,193,-8,-0.00336553863707735,0.00174606627393406,2.525,0.0463845505155167,0.280555555555556
"off",0,194,-7,-0.0033084826961107,0.00175836164085182,2.481,0.0456258777528797,0.275666666666667
"off",0,195,-6,-0.00334977404918965,0.00175410826111374,2.478,0.0435822832744617,0.275333333333333
"off",0,196,-5,-0.00347032887928792,0.00174827775664956,2.405,0.0451110852231468,0.267222222222222
"off",0,197,-4,-0.00382241147269219,0.00174687174615398,2.418,0.0452473570866111,0.268666666666667
"off",0,198,-3,-0.00360207161079817,0.00174926961929672,2.512,0.0427279964622925,0.279111111111111
"off",0,199,-2,-0.00386189669624419,0.0017530424596171,2.477,0.0450721921200035,0.275222222222222
"off",0,200,-1,-0.0041732343429498,0.00175160563646584,2.495,0.0426355813000453,0.277222222222222
"off",0,201,0,0.99588546264869,0.00175089282270489,4.208,0.0485705167266634,0.467555555555556
"off",0,202,1,0.992128279860886,0.00174815325605615,4.276,0.0476455044478919,0.475111111111111
"off",0,203,2,0.988001823473663,0.00175418938073612,4.251,0.0477941762486109,0.472333333333333
"off",0,204,3,0.984182631265915,0.00175117466704964,4.337,0.049069734448424,0.481888888888889
"off",0,205,4,0.980144200778494,0.00176277161849032,4.288,0.0479933261960386,0.476444444444444
"off",0,206,5,0.976284249562847,0.00176896434040803,4.291,0.0486280133635303,0.476777777777778
"off",0,207,6,0.972698931608844,0.00177386467855448,4.246,0.0496583321301667,0.471777777777778
"off",0,208,7,0.968940832128778,0.00177880013965795,4.24,0.0476095228569527,0.471111111111111
"off",0,209,8,0.965144788793693,0.00177579578285207,4.312,0.0482388119980477,0.479111111111111
"off",0,210,9,0.961138628016163,0.00177789971155154,4.255,0.0479194247802629,0.472777777777778
"off",0,211,10,0.957394160616284,0.00177865976827045,4.275,0.0509113638293748,0.475
"off",0,212,11,0.953686579750752,0.00177735561321889,4.221,0.048852282910275,0.469
"off",0,213,12,0.949840698547903,0.00179177628982878,4.223,0.046813058674503,0.469222222222222
"off",0,214,13,0.945796220210814,0.0017797624073527,4.291,0.048048180273842,0.476777777777778
"off",0,215,14,0.942060090750089,0.00178802800281021,4.289,0.0493955354148423,0.476555555555556
"off",0,216,15,0.938521340543551,0.00179208151008751,4.179,0.0484283419528722,0.464333333333333
"off",0,217,16,0.934917625117637,0.00179047748875997,4.16,0.0495060688284866,0.462222222222222
"off",0,218,17,0.931353138172559,0.00179963223557423,4.205,0.0490038404247707,0.467222222222222
"off",0,219,18,0.927567426519801,0.00180082677793396,4.159,0.0465390683714754,0.462111111111111
"off",0,220,19,0.924141429667509,0.00179657681730229,4.179,0.0468951826753897,0.464333333333333
"off",0,221,20,0.920478684631677,0.00180347141634154,4.143,0.0477999564417778,0.460333333333333
"off",0,222,21,0.916982281983557,0.00180215587492316,4.128,0.0490103868380778,0.458666666666667
"off",0,223,22,0.913267487318976,0.00181598764123079,4.155,0.0490650831282533,0.461666666666667
"off",0,224,23,0.909759496724479,0.00180278651879401,4.097,0.0509527937132713,0.455222222222222
"off",0,225,24,0.906060548149838,0.00181197103474382,4.271,0.0492746079333666,0.474555555555556
"off",0,226,25,0.902385124910099,0.00180537923409574,4.212,0.0494317660973134,0.468
"off",0,227,26,0.899030996925965,0.00179991769479429,4.138,0.0494510000040585,0.459777777777778
"off",0,228,27,0.89528325045461,0.00180155583240934,4.16,0.0485464391769032,0.462222222222222
"off",0,229,28,0.891541558722766,0.00180584607538747,4.193,0.0501823601404843,0.465888888888889
"off",0,230,29,0.887932660999246,0.00180874819916068,4.075,0.0499787242021329,0.452777777777778
"off",0,231,30,0.884401062519197,0.00181567917949611,4.148,0.0483366572327093,0.460888888888889
"off",0,232,31,0.881041027446964,0.00181892887128886,4.08,0.0484349661499412,0.453333333333333
"off",0,233,32,0.877777614896295,0.0018187792451428,4.115,0.0472229288058778,0.457222222222222
"off",0,234,33,0.874134988304318,0.00181400064586446,4.136,0.0492537301118396,0.459555555555556
"off",0,235,34,0.870614886226269,0.00182092342207707,4.183,0.0486814223383093,0.464777777777778
"off",0,236,35,0.866953061139778,0.00182204843153553,4.033,0.0495011248494553,0.448111111111111
"off",0,237,36,0.863654264785057,0.00182372899119506,4.007,0.0485521195037696,0.445222222222222
"off",0,238,37,0.86009022144468,0.00183112763030999,4.091,0.048632130161901,0.454555555555556
"off",0,239,38,0.856536664165845,0.00183149200207397,3.978,0.0494364234139158,0.442
"off",0,240,39,0.852861015705522,0.0018289051246453,4.074,0.0506269403291081,0.452666666666667
"off",0,241,40,0.849409002662323,0.00183846602922133,4.047,0.0489815290715817,0.449666666666667
"off",0,242,41,0.846234717801418,0.00184381831500455,4.051,0.0469532065316481,0.450111111111111
"off",0,243,42,0.842809164672158,0.00184883287985721,4.033,0.0488702291717493,0.448111111111111
"off",0,244,43,0.839539079800146,0.00185653773549985,4.042,0.0478803563951704,0.449111111111111
"off",0,245,44,0.836405710090107,0.00185360209539401,4.028,0.0479323848093699,0.447555555555556
"off",0,246,45,0.833024738445185,0.00185253485967181,4.074,0.0481959214752332,0.452666666666667
"off",0,247,46,0.829602057817569,0.00185527580687321,4.037,0.0494578313017977,0.448555555555556
"off",0,248,47,0.826544480654963,0.00185170614073293,4.03,0.0467470350427199,0.447777777777778
"off",0,249,48,0.823370698664757,0.00184829477740176,3.965,0.0475608771684988,0.440555555555556
"off",0,250,49,0.819569548083616,0.00185399690423543,3.91,0.0482102087137593,0.434444444444444
"off",0,251,50,0.8165021815846,0.00184878288069141,4.017,0.0500121206530199,0.446333333333333
"off",0,252,51,0.813497870062935,0.00184468264966101,3.949,0.0485670439470816,0.438777777777778
"off",0,253,52,0.810322701932714,0.00184467590950451,3.947,0.0486678493418353,0.438555555555556
"off",0,254,53,0.806708677680799,0.0018453407257406,4.001,0.0471298230446521,0.444555555555556
"off",0,255,54,0.803351428322962,0.0018431395062235,4.033,0.0458477154612202,0.448111111111111
"off",0,256,55,0.800081312670045,0.00184150094139959,3.929,0.0494409081975988,0.436555555555556
"off",0,257,56,0.797189568775101,0.00184697662070142,3.883,0.0495354899517989,0.431444444444444
"off",0,258,57,0.794061202639729,0.00184980014143452,3.978,0.0487020316607828,0.442
"off",0,259,58,0.79102727249584,0.00185074149323533,3.97,0.0485948707320172,0.441111111111111
"off",0,260,59,0.787884494704988,0.00185962864834594,3.873,0.0470434276396192,0.430333333333333
"off",0,261,60,0.784796746664185,0.00186547785775298,3.827,0.0480143351133428,0.425222222222222
"off",0,262,61,0.781956950084576,0.00185839835659253,3.916,0.0498139079517499,0.435111111111111
"off",0,263,62,0.778753531457317,0.00185320658778804,3.897,0.0468677670429004,0.433
"off",0,264,63,0.775523168748756,0.00186502477762488,3.961,0.0483302681020374,0.440111111111111
"off",0,265,64,0.772528447876735,0.00186464693037438,3.936,0.0502237635629431,0.437333333333333
"off",0,266,65,0.76966130723663,0.00185933322489087,3.883,0.0497773923462127,0.431444444444444
"off",0,267,66,0.766554010055364,0.00185545395521788,3.937,0.0487586752117858,0.437444444444444
"off",0,268,67,0.763519645827754,0.00186173585718903,3.76,0.0481322835186194,0.417777777777778
"off",0,269,68,0.760645750698319,0.00186079646422954,3.905,0.0476050547866634,0.433888888888889
"off",0,270,69,0.757703860180192,0.00185294090215632,3.82,0.0493359304567577,0.424444444444444
"off",0,271,70,0.75474288156059,0.00185530018148101,3.889,0.049407692924484,0.432111111111111
"off",0,272,71,0.751770148870302,0.00185684410187756,3.784,0.0473030821573137,0.420444444444444
"off",0,273,72,0.748805426610493,0.00185555044553192,3.778,0.0483430765782759,0.419777777777778
"off",0,274,73,0.7459563079139,0.00186266881687012,3.809,0.0489173988669873,0.423222222222222
"off",0,275,74,0.743195788282716,0.00186413592026246,3.879,0.048152649747212,0.431
"off",0,276,75,0.740295406831191,0.0018683462303336,3.692,0.0480150126673046,0.410222222222222
"off",0,277,76,0.737109877184092,0.00186438552485653,3.852,0.0475221459359145,0.428
"off",0,278,77,0.734113294787391,0.0018674511520777,3.779,0.0485233295798373,0.419888888888889
"off",0,279,78,0.731251202598316,0.00187707910202773,3.802,0.0477396593523149,0.422444444444444
"off",0,280,79,0.728161807784422,0.00188374372989348,3.789,0.048361325641651,0.421
"off",0,281,80,0.725658928477601,0.00188374332843776,3.813,0.0486250490528843,0.423666666666667
"off",0,282,81,0.722844325351267,0.00188870572780295,3.805,0.0500947550596316,0.422777777777778
"off",0,283,82,0.719943230614814,0.00189315999860136,3.715,0.0494795232719882,0.412777777777778
"off",0,284,83,0.716868445055052,0.0018945401171392,3.754,0.0488453669232802,0.417111111111111
"off",0,285,84,0.714207966834029,0.00189142479658842,3.766,0.0490882231665972,0.418444444444444
"off",0,286,85,0.711326410989869,0.00190302513688801,3.881,0.0482199560779989,0.431222222222222
"off",0,287,86,0.708514737858734,0.00190703715341516,3.757,0.049864189930625,0.417444444444444
"off",0,288,87,0.705648111268157,0.00190706264190178,3.787,0.0486415151593471,0.420777777777778
"off",0,289,88,0.702840586479837,0.00190642739934443,3.766,0.0499573792320988,0.418444444444444
"off",0,290,89,0.699913488862855,0.00191452827221871,3.769,0.0479576786233335,0.418777777777778
"off",0,291,90,0.69694977388328,0.0019144340928103,3.755,0.0484904766560026,0.417222222222222
"off",0,292,91,0.693922548929033,0.00192355080964138,3.759,0.0480752559039495,0.417666666666667
"off",0,293,92,0.691191141667733,0.00192752796084466,3.811,0.0490069452290253,0.423444444444444
"off",0,294,93,0.688383954705587,0.0019291597260376,3.801,0.0503381856340982,0.422333333333333
"off",0,295,94,0.685575912688174,0.00192239494124342,3.704,0.0484843761920758,0.411555555555556
"off",0,296,95,0.682856935829763,0.00192383422296417,3.759,0.0491256789503447,0.417666666666667
"off",0,297,96,0.680115731969621,0.00191551682889502,3.714,0.0480469823455387,0.412666666666667
"off",0,298,97,0.677445381324977,0.00191465502786828,3.72,0.0498405867148861,0.413333333333333
"off",0,299,98,0.674607522757079,0.00191838823512595,3.647,0.0478192187062658,0.405222222222222
"off",0,300,99,0.671768340817412,0.00190989039829985,3.579,0.0470741433801506,0.397666666666667
"off",0,301,100,0.66915769048638,0.00190435313103234,3.638,0.0480548152141414,0.404222222222222
"off",0,302,101,0.666438209156629,0.00190192899052057,3.605,0.0453545150126428,0.400555555555556
"off",0,303,102,0.66379203090467,0.00190455756976749,3.619,0.0479597658369924,0.402111111111111
"off",0,304,103,0.660923716697149,0.00190817686091181,3.53,0.0493714243012852,0.392222222222222
"off",0,305,104,0.658396536363362,0.00190630786719257,3.632,0.0481133130317471,0.403555555555556
"off",0,306,105,0.65602612242335,0.00189973178441985,3.641,0.0463709959917757,0.404555555555556
"off",0,307,106,0.653356987025355,0.001903287451566,3.684,0.0475226514664577,0.409333333333333
"off",0,308,107,0.650523518911793,0.00191367794091225,3.663,0.049435562855852,0.407
"off",0,309,108,0.647758340228358,0.00190678512450041,3.571,0.0475101696083714,0.396777777777778
"off",0,310,109,0.644852717824307,0.00190984668263883,3.601,0.0470107329129104,0.400111111111111
"off",0,311,110,0.642170818959602,0.00190836166977332,3.616,0.0485891438996913,0.401777777777778
"off",0,312,111,0.639683285222606,0.00190672593930757,3.661,0.0477531083737946,0.406777777777778
"off",0,313,112,0.636956123859529,0.00191835745191471,3.658,0.0486559698639685,0.406444444444444
"off",0,314,113,0.634327634099983,0.0019092355814477,3.578,0.049176562856043,0.397555555555555
"off",0,315,114,0.631474269734298,0.00191464301853994,3.621,0.0484324757234719,0.402333333333333
"off",0,316,115,0.629201861312882,0.00191239312548716,3.694,0.0484015155414239,0.410444444444444
"off",0,317,116,0.626596156063015,0.00191099063620873,3.64,0.0480490240141119,0.404444444444444
"off",0,318,117,0.624047770661058,0.00191344277926317,3.562,0.0484407112097096,0.395777777777778
"off",0,319,118,0.621384286545813,0.00190446754692128,3.573,0.0485079789727836,0.397
"off",0,320,119,0.618908357501464,0.00190549109499577,3.567,0.0473260050157493,0.396333333333333
"off",0,321,120,0.616518423715649,0.00190042703893712,3.555,0.0467456967020511,0.395
"off",0,322,121,0.613801393505586,0.00190589519155445,3.646,0.0489190870425552,0.405111111111111
"off",0,323,122,0.61133037290167,0.00190406512180604,3.547,0.0455836469456851,0.394111111111111
"off",0,324,123,0.608861293276336,0.00191185948264812,3.571,0.0494712684940098,0.396777777777778
"off",0,325,124,0.606604308461983,0.0019170030363378,3.625,0.0486903044326665,0.402777777777778
"off",0,326,125,0.604660562911703,0.001918714903669,3.539,0.0482991905916837,0.393222222222222
"off",0,327,126,0.601988064973748,0.00191915647538275,3.538,0.0479046015623849,0.393111111111111
"off",0,328,127,0.599837037627706,0.0019149073755229,3.585,0.0467221356313896,0.398333333333333
"off",0,329,128,0.59743936934855,0.00191724893956438,3.627,0.0483964173592758,0.403
"off",0,330,129,0.595089461939515,0.00191422459709094,3.539,0.048029009835575,0.393222222222222
"off",0,331,130,0.592638220956334,0.00190631372013974,3.661,0.0500858022556053,0.406777777777778
"off",0,332,131,0.590451314300363,0.00192113856409856,3.612,0.0496378879478158,0.401333333333333
"off",0,333,132,0.588279627753293,0.0019202742604477,3.6,0.0498245168815763,0.4
"off",0,334,133,0.585610089877214,0.00192855030741548,3.542,0.0469940894628722,0.393555555555556
"off",0,335,134,0.583119328232016,0.00193065101296702,3.494,0.0479610702994031,0.388222222222222
"off",0,336,135,0.581039064532268,0.00193450942075692,3.52,0.04927502438384,0.391111111111111
"off",0,337,136,0.578709848929412,0.0019398446581736,3.463,0.048775096207081,0.384777777777778
"off",0,338,137,0.576319501399281,0.00194575164145919,3.492,0.0491156629635431,0.388
"off",0,339,138,0.57403393322162,0.00193730330432644,3.506,0.047730935903691,0.389555555555556
"off",0,340,139,0.571760777514583,0.00193093763435664,3.426,0.0477368076310389,0.380666666666667
"off",0,341,140,0.569661012917406,0.001935745911342,3.482,0.0478117345634098,0.386888888888889
"off",0,342,141,0.567438430727099,0.00192837554983233,3.574,0.0481127720968025,0.397111111111111
"off",0,343,142,0.564997791688783,0.00192780682785486,3.543,0.0473961749236941,0.393666666666667
"off",0,344,143,0.563172022006208,0.00192566365444268,3.526,0.0483493708507325,0.391777777777778
"off",0,345,144,0.561214634039768,0.00193621843753259,3.446,0.0461650865396701,0.382888888888889
"off",0,346,145,0.55913908938211,0.00194346337393449,3.454,0.0496220348871985,0.383777777777778
"off",0,347,146,0.557029616369721,0.00193900756894794,3.422,0.0492172565096668,0.380222222222222
"off",0,348,147,0.555063844092916,0.00194107671067418,3.466,0.0480744750897515,0.385111111111111
"off",0,349,148,0.552908774357052,0.0019328015825006,3.479,0.0480402629766623,0.386555555555556
"off",0,350,149,0.550809644102308,0.00192702166408899,3.589,0.0471837398401748,0.398777777777778
"off",0,351,150,0.548676710709293,0.00192015044076514,3.5,0.0474789875024126,0.388888888888889
"off",0,352,151,0.546287156207933,0.00192014765868686,3.451,0.0462356652027061,0.383444444444444
"off",0,353,152,0.544203870833377,0.00191587735550466,3.421,0.0485398301924834,0.380111111111111
"off",0,354,153,0.541901537003415,0.00191171146968274,3.51,0.0497430836838083,0.39
"off",0,355,154,0.539614744627116,0.00190968124270472,3.467,0.0483450953897937,0.385222222222222
"off",0,356,155,0.537610759107188,0.00191375258843727,3.46,0.0483605080488072,0.384444444444444
"off",0,357,156,0.535401355810569,0.00191917098265832,3.476,0.0468146944411221,0.386222222222222
"off",0,358,157,0.533087112903328,0.00192659487656312,3.422,0.0482518833232885,0.380222222222222
"off",0,359,158,0.530709095713391,0.0019210447154745,3.385,0.0481777551998437,0.376111111111111
"off",0,360,159,0.528428638780254,0.00192740816629216,3.435,0.048354039263676,0.381666666666667
"off",0,361,160,0.526513999700995,0.00192763402648106,3.425,0.0495664385631229,0.380555555555556
"off",0,362,161,0.524553404485923,0.00192411901810031,3.445,0.0475524577307654,0.382777777777778
"off",0,363,162,0.522400117478357,0.00192312650837384,3.45,0.0483925804420661,0.383333333333333
"off",0,364,163,0.520365003234367,0.00192315069201594,3.387,0.0492102901094139,0.376333333333333
"off",0,365,164,0.518276726414326,0.00191851457960954,3.41,0.045650673423116,0.378888888888889
"off",0,366,165,0.516313429508022,0.00191594326270368,3.438,0.0484407112097096,0.382
"off",0,367,166,0.514305378576924,0.00191580129950915,3.394,0.0486943029022407,0.377111111111111
"off",0,368,167,0.512134502418704,0.00191291034719639,3.401,0.04839980931307,0.377888888888889
"off",0,369,168,0.510063620332863,0.00191365996144428,3.308,0.0468970717138641,0.367555555555556
"off",0,370,169,0.507864609467237,0.00190685587502632,3.407,0.0474721455656327,0.378555555555556
"off",0,371,170,0.505868193371158,0.001904834342641,3.394,0.0474870405375935,0.377111111111111
"off",0,372,171,0.503874323535893,0.00190726541263485,3.431,0.046898170949819,0.381222222222222
"off",0,373,172,0.502036114680437,0.00190484460171007,3.46,0.048236155803782,0.384444444444444
"off",0,374,173,0.500164007407163,0.00190354668993945,3.348,0.0476147368276163,0.372
"off",0,375,174,0.498236446371083,0.00190784212228484,3.394,0.0492868460463157,0.377111111111111
"off",0,376,175,0.49617946074597,0.00191058241405603,3.37,0.0480146374078301,0.374444444444444
"off",0,377,176,0.494109633489486,0.00191177114162679,3.401,0.0462638016092424,0.377888888888889
"off",0,378,177,0.492345594346346,0.00192133074469596,3.379,0.0481006514786719,0.375444444444444
"off",0,379,178,0.490106562107266,0.00192805664473161,3.354,0.0479268294484519,0.372666666666667
"off",0,380,179,0.488033304141448,0.00192467706650017,3.269,0.0486930180827807,0.363222222222222
"off",0,381,180,0.486055100281409,0.00192811486178015,3.407,0.048576853651824,0.378555555555556
"off",0,382,181,0.484358868262148,0.00191885124987448,3.315,0.0454735400298113,0.368333333333333
"off",0,383,182,0.482285434091824,0.00192120867422272,3.25,0.0473681722651797,0.361111111111111
"off",0,384,183,0.480626565476791,0.00192581746118169,3.306,0.0496470424983083,0.367333333333333
"off",0,385,184,0.478888175637148,0.00192789695654764,3.34,0.0499288783460323,0.371111111111111
"off",0,386,185,0.476921392242709,0.00193124575189465,3.39,0.0480229758158136,0.376666666666667
"off",0,387,186,0.475387475960159,0.001920529325176,3.265,0.0482607926178601,0.362777777777778
"off",0,388,187,0.473316669702113,0.00192038544947198,3.264,0.0476505464247219,0.362666666666667
"off",0,389,188,0.471645638443222,0.00192161919970485,3.298,0.047890390366852,0.366444444444444
"off",0,390,189,0.47028518241876,0.00192816848865474,3.35,0.0482060558832997,0.372222222222222
"off",0,391,190,0.468420004374368,0.00192813067763236,3.264,0.0471861264624522,0.362666666666667
"off",0,392,191,0.466553450032599,0.00192338654139274,3.29,0.0478140793719401,0.365555555555556
"off",0,393,192,0.464577258947557,0.00192436185460731,3.276,0.0472658233616855,0.364
"off",0,394,193,0.46270324550161,0.00193075020738191,3.339,0.0491171201465589,0.371
"off",0,395,194,0.460817744839825,0.00193064471691603,3.341,0.049306694780224,0.371222222222222
"off",0,396,195,0.459186418035233,0.00192915814635739,3.313,0.0475740926796747,0.368111111111111
"off",0,397,196,0.457120380853541,0.00192363728379109,3.21,0.0466484305853485,0.356666666666667
"off",0,398,197,0.455223502397731,0.00192448276229227,3.26,0.0471659265214268,0.362222222222222
"off",0,399,198,0.45317417680789,0.00192244413620096,3.271,0.0456250001714043,0.363444444444444
"off",0,400,199,0.451623184220124,0.0019203726947355,3.313,0.0483877295641401,0.368111111111111
"off",0,401,200,0.450032427281429,0.00193347152263932,3.207,0.0496650542898888,0.356333333333333
"off",0,402,201,0.448236673561095,0.00192781560208066,3.289,0.0504978121212102,0.365444444444444
"off",0,403,202,0.446400122470052,0.00193152611148931,3.277,0.0462862119147095,0.364111111111111
"off",0,404,203,0.444662665394666,0.00192142813389072,3.302,0.0456166293896961,0.366888888888889
"off",0,405,204,0.44269361007749,0.00192461236693544,3.344,0.0466458984246186,0.371555555555556
"off",0,406,205,0.441033859532128,0.00192704346528049,3.252,0.0475895026319962,0.361333333333333
"off",0,407,206,0.439418430043918,0.00192393521247877,3.283,0.0481583869147445,0.364777777777778
"off",0,408,207,0.437723011925967,0.00191524391217539,3.231,0.0482697521121558,0.359
"off",0,409,208,0.436016336400919,0.00191271724888554,3.314,0.0482465722277937,0.368222222222222
"off",0,410,209,0.433939410763437,0.00191275084285073,3.222,0.0478226202021909,0.358
"off",0,411,210,0.432056545603828,0.00191041682289093,3.207,0.0482957915711448,0.356333333333333
"off",0,412,211,0.430244581668562,0.0019162205378092,3.189,0.0463619286530276,0.354333333333333
"off",0,413,212,0.428791743624341,0.0019199750931137,3.228,0.0467140043048998,0.358666666666667
"off",0,414,213,0.427169436174227,0.00192714397748955,3.171,0.0470741433801506,0.352333333333333
"off",0,415,214,0.425794216034499,0.00192370587146248,3.16,0.046760951514983,0.351111111111111
"off",0,416,215,0.423981990847316,0.0019207413488284,3.242,0.0475362566436999,0.360222222222222
"off",0,417,216,0.422612555065342,0.00191820542726514,3.264,0.0480063392544007,0.362666666666667
"off",0,418,217,0.420933613054505,0.00192175029144965,3.246,0.0471986409943307,0.360666666666667
"off",0,419,218,0.41920118215226,0.0019217190793972,3.186,0.0462118982464422,0.354
"off",0,420,219,0.417302941514041,0.00191989035794022,3.247,0.0464558839023557,0.360777777777778
"off",0,421,220,0.415916918652565,0.00192236984019967,3.153,0.049719845766686,0.350333333333333
"off",0,422,221,0.414521110986433,0.00191815074609554,3.189,0.0476607862980727,0.354333333333333
"off",0,423,222,0.412519025557821,0.00193008757260446,3.156,0.0485388506252468,0.350666666666667
"off",0,424,223,0.41116973555674,0.00192904311132756,3.231,0.0469664225255112,0.359
"off",0,425,224,0.409474455625166,0.00193137960857546,3.207,0.0484819708912652,0.356333333333333
"off",0,426,225,0.407843042315753,0.00192799482151945,3.154,0.0466525504175328,0.350444444444444
"off",0,427,226,0.406301096410064,0.00192186972218699,3.098,0.0457218381792168,0.344222222222222
"off",0,428,227,0.404616983287693,0.00192777890067057,3.131,0.0467549465300201,0.347888888888889
"off",0,429,228,0.403395207155674,0.00193436906630377,3.13,0.0484711197461898,0.347777777777778
"off",0,430,229,0.401770306047624,0.00193997241652329,3.207,0.046349749722078,0.356333333333333
"off",0,431,230,0.399865402783899,0.00194954099397628,3.197,0.0481093078884478,0.355222222222222
"off",0,432,231,0.398193952430726,0.00194728395318681,3.22,0.0473480922724647,0.357777777777778
"off",0,433,232,0.396672097132452,0.0019471814385244,3.225,0.0473562838239829,0.358333333333333
"off",0,434,233,0.395182414439192,0.00194940090904335,3.117,0.0465346803628916,0.346333333333333
"off",0,435,234,0.393562192802949,0.00195198321285779,3.125,0.0475566676359544,0.347222222222222
"off",0,436,235,0.392312131105047,0.00194322702864242,3.318,0.0491456131439144,0.368666666666667
"off",0,437,236,0.390681231614991,0.00193994854982684,3.06,0.0475464053390016,0.34
"off",0,438,237,0.389540102387292,0.00195227627032813,3.078,0.0468626942472595,0.342
"off",0,439,238,0.387846284678662,0.00194879403374605,3.162,0.047833503363689,0.351333333333333
"off",0,440,239,0.385950229604322,0.0019516831492529,3.13,0.0477847609953572,0.347777777777778
"off",0,441,240,0.384349597982407,0.00194287571415974,3.124,0.0482799643222212,0.347111111111111
"off",0,442,241,0.382953900522417,0.00195212078114915,3.098,0.0467394970082112,0.344222222222222
"off",0,443,242,0.381342885616349,0.0019526074641539,3.178,0.0484630236847092,0.353111111111111
"off",0,444,243,0.380141525161299,0.00194899970310486,3.216,0.0469419593492596,0.357333333333333
"off",0,445,244,0.37878248710267,0.00195476597429719,3.185,0.0486944159647301,0.353888888888889
"off",0,446,245,0.377394627975908,0.00194275089944071,3.132,0.0473372666808806,0.348
"off",0,447,246,0.37586675940371,0.00194864627426774,3.125,0.0454250860036438,0.347222222222222
"off",0,448,247,0.374397489399167,0.00194435176805635,3.122,0.0478895542828435,0.346888888888889
"off",0,449,248,0.373041395185616,0.00194512799399641,3.111,0.0471901038980196,0.345666666666667
"off",0,450,249,0.371446719628154,0.00195377828132583,3.033,0.0481687785939319,0.337
"off",0,451,250,0.369880729579882,0.00194703460076712,3.056,0.0468941687533008,0.339555555555556
"off",0,452,251,0.368414546241017,0.00195141304534268,3.104,0.0478484427486775,0.344888888888889
"off",0,453,252,0.366833304788663,0.00195175216060893,3.191,0.0498698907759584,0.354555555555556
"off",0,454,253,0.365423970970886,0.00195627688474264,3.159,0.0468819465990577,0.351
"off",0,455,254,0.364035162707759,0.00195425071601396,3.121,0.0479443183042335,0.346777777777778
"off",0,456,255,0.36285785591604,0.00194550906048849,3.15,0.0473681722651798,0.35
"off",0,457,256,0.361418190335675,0.00194212092871419,3.119,0.0479075582151096,0.346555555555556
"off",0,458,257,0.360073213246443,0.00194510045690433,3.153,0.0463437022554169,0.350333333333333
"off",0,459,258,0.358624137345647,0.00194579656097221,3.109,0.0471310973810322,0.345444444444444
"off",0,460,259,0.357380998447411,0.0019382083025009,3.1,0.0475211348586948,0.344444444444444
"off",0,461,260,0.356341793748144,0.0019263201955806,3.089,0.046510668047688,0.343222222222222
"off",0,462,261,0.354778390920171,0.00192021216635356,3.044,0.0460237132593858,0.338222222222222
"off",0,463,262,0.353377910964144,0.00193054466445439,3.092,0.0472203956544814,0.343555555555556
"off",0,464,263,0.35199990973795,0.00193119508775959,3.064,0.0466913705526414,0.340444444444444
"off",0,465,264,0.350923644147054,0.00193107266045377,3.081,0.0494052616618907,0.342333333333333
"off",0,466,265,0.349790437109424,0.00192840204802659,3.036,0.0465496602659016,0.337333333333333
"off",0,467,266,0.348233977552007,0.00192269763847975,3.043,0.0456863025231659,0.338111111111111
"off",0,468,267,0.346541739352265,0.00192265192545942,3.112,0.0474943334694963,0.345777777777778
"off",0,469,268,0.345180889126055,0.00191972387531841,3.077,0.0445090109084893,0.341888888888889
"off",0,470,269,0.343648632497753,0.00192078162953205,3.01,0.046087135124935,0.334444444444444
"off",0,471,270,0.342190168680338,0.00192591412728316,3.127,0.0483032525220011,0.347444444444444
"off",0,472,271,0.340961685045638,0.00193273468821206,3.094,0.0476805771508425,0.343777777777778
"off",0,473,272,0.339624396191454,0.00192400100268826,3.016,0.0466467567995882,0.335111111111111
"off",0,474,273,0.338279896229624,0.00191861820032323,3.118,0.0481497081444364,0.346444444444444
"off",0,475,274,0.336759250772847,0.00191299923330562,3.043,0.0456863025231659,0.338111111111111
"off",0,476,275,0.3353187808352,0.00191505472987414,3.049,0.0479885601149056,0.338777777777778
"off",0,477,276,0.3344199958562,0.00192208276165646,3.094,0.0488830599855774,0.343777777777778
"off",0,478,277,0.333058140064929,0.00191898420251638,3.07,0.0468112303971097,0.341111111111111
"off",0,479,278,0.331825613844596,0.00192323122659839,3.145,0.0466706883723945,0.349444444444444
"off",0,480,279,0.330623947032572,0.0019283379133881,3.119,0.0473188976845198,0.346555555555556
"off",0,481,280,0.329298224892789,0.00192805939603243,3.069,0.0466520676435184,0.341
"off",0,482,281,0.327903027650238,0.00192030251091379,2.971,0.0458504226944669,0.330111111111111
"off",0,483,282,0.326559927990752,0.00191936592186729,3.121,0.0463519957230269,0.346777777777778
"off",0,484,283,0.325152723022893,0.00193569737100205,2.987,0.0444838151444973,0.331888888888889
"off",0,485,284,0.32405739157268,0.00194016680278507,3.034,0.0488593003555233,0.337111111111111
"off",0,486,285,0.322716935380666,0.00195078972015821,2.986,0.0484577357307597,0.331777777777778
"off",0,487,286,0.321574435463429,0.00194431834813797,3.039,0.0463640877040478,0.337666666666667
"off",0,488,287,0.320492523983393,0.00193641350802608,2.944,0.0478450953928733,0.327111111111111
"off",0,489,288,0.31909051906248,0.00193359644110645,3.001,0.0471934977112974,0.333444444444444
"off",0,490,289,0.317807115254179,0.00193393472634634,3.045,0.0475524577307654,0.338333333333333
"off",0,491,290,0.31670401917795,0.0019370528726541,2.987,0.0479492453551683,0.331888888888889
"off",0,492,291,0.315386597507442,0.00193524708405297,3.12,0.0490306435201906,0.346666666666667
"off",0,493,292,0.313980811797459,0.0019313948932015,3.11,0.0477302648031431,0.345555555555556
"off",0,494,293,0.312797612775938,0.00192487207098724,3.099,0.0478067409941786,0.344333333333333
"off",0,495,294,0.311393736747266,0.0019245585365548,3.02,0.0470937131453637,0.335555555555555
"off",0,496,295,0.309948197713375,0.00192184755690103,3.003,0.0474050444387329,0.333666666666667
"off",0,497,296,0.308899559447238,0.0019191969851641,3.037,0.0457791079721604,0.337444444444444
"off",0,498,297,0.307814305611766,0.00192505493057666,2.977,0.0459192724199718,0.330777777777778
"off",0,499,298,0.306874890431394,0.00192420778801756,2.973,0.047439661903533,0.330333333333333
"off",0,500,299,0.305537336849629,0.00191709925847571,3.052,0.0470053774105209,0.339111111111111
"off",0,501,300,0.304151529693667,0.00190744895922865,3.056,0.048613035568942,0.339555555555556
"off",0,502,301,0.302991282289027,0.00190375468383644,3.004,0.0475420260847626,0.333777777777778
"off",0,503,302,0.301489547378944,0.00190480891450306,2.995,0.0467242780378486,0.332777777777778
"off",0,504,303,0.300224435418334,0.00190548824333584,2.925,0.046513853189545,0.325
"off",0,505,304,0.299262131010071,0.00190845449021192,2.981,0.0458119824689758,0.331222222222222
"off",0,506,305,0.298320162911157,0.00191343349042771,2.97,0.0468326092940944,0.33
"off",0,507,306,0.297009217177774,0.00191883276362208,2.993,0.0459680765756419,0.332555555555556
"off",0,508,307,0.295857688572566,0.00191606790607942,2.933,0.0471671043815041,0.325888888888889
"off",0,509,308,0.294489137669868,0.00191381371831728,2.972,0.046940594578887,0.330222222222222
"off",0,510,309,0.29339379946623,0.00191537500813522,3.016,0.0468822134923465,0.335111111111111
"off",0,511,310,0.292123379233446,0.00191418573802165,3.049,0.0467630814402322,0.338777777777778
"off",0,512,311,0.291247727220984,0.00191494702342258,3.025,0.0480904115982353,0.336111111111111
"off",0,513,312,0.289816253338624,0.0019230570869658,3.022,0.0457997119381074,0.335777777777778
"off",0,514,313,0.288530759681794,0.00192792390932634,2.927,0.0452074630422313,0.325222222222222
"off",0,515,314,0.287372154789284,0.00193743809764303,2.995,0.0470232515484223,0.332777777777778
"off",0,516,315,0.286516147280435,0.00194124476522718,3.024,0.0470493107031082,0.336
"off",0,517,316,0.285412691509573,0.00193517655748254,2.922,0.0474570138985608,0.324666666666667
"off",0,518,317,0.284261059177919,0.00193691312186568,2.977,0.0485471711619516,0.330777777777778
"off",0,519,318,0.283129141139806,0.00194478464854879,3.018,0.0478326662853324,0.335333333333333
"off",0,520,319,0.281936213317543,0.00194898090006559,2.92,0.0449847043296231,0.324444444444444
"off",0,521,320,0.280710299914246,0.00195252425922533,2.966,0.0458360659846039,0.329555555555556
"off",0,522,321,0.279643977366242,0.00194968502797769,2.945,0.0463694417167722,0.327222222222222
"off",0,523,322,0.278295967553994,0.00194347540863512,2.981,0.0475910065443452,0.331222222222222
"off",0,524,323,0.277022004556587,0.00194592903108887,2.893,0.0479149960539167,0.321444444444444
"off",0,525,324,0.275777312963121,0.00195228189418981,2.94,0.0462010230896948,0.326666666666667
"off",0,526,325,0.274649533465042,0.00195114191100363,2.912,0.0471431700087986,0.323555555555556
"off",0,527,326,0.2732274832536,0.00195446583899542,2.946,0.0454879451410278,0.327333333333333
"off",0,528,327,0.272031174985233,0.00195880356218124,2.944,0.0473614516997432,0.327111111111111
"off",0,529,328,0.271275017183688,0.00195553239915779,2.885,0.0461942519033364,0.320555555555556
"off",0,530,329,0.270148735375232,0.00196034372383195,2.954,0.0474355787793732,0.328222222222222
"off",0,531,330,0.268948529744022,0.00196698461340872,3.042,0.04731251921505,0.338
"off",0,532,331,0.267574036004326,0.00197489298043187,2.986,0.0484783885267873,0.331777777777778
"off",0,533,332,0.266187687849034,0.00197392109169792,2.932,0.0448038322399252,0.325777777777778
"off",0,534,333,0.264909842535966,0.00197507835057994,2.948,0.0471966473758838,0.327555555555556
"off",0,535,334,0.264091381849544,0.00196910316947698,2.921,0.0468075843208123,0.324555555555556
"off",0,536,335,0.263297263876044,0.00196223591121982,2.909,0.0460525769077023,0.323222222222222
"off",0,537,336,0.262453493320116,0.00195951825432763,2.929,0.0463908515885524,0.325444444444444
"off",0,538,337,0.261286201846761,0.00196162429955974,2.988,0.0464328764132917,0.332
"off",0,539,338,0.260385596045396,0.00196585374717914,2.952,0.0473702431906359,0.328
"off",0,540,339,0.259187706467688,0.00196503042262002,2.937,0.0472997702771194,0.326333333333333
"off",0,541,340,0.258308795801546,0.00197643804233543,2.915,0.044494435098726,0.323888888888889
"off",0,542,341,0.257375072813099,0.00197766691825105,2.98,0.0472634513533853,0.331111111111111
"off",0,543,342,0.256190999806702,0.00198307021716046,2.958,0.0462642018884621,0.328666666666667
"off",0,544,343,0.255259296345585,0.00198660703520953,2.858,0.0470111268323366,0.317555555555556
"off",0,545,344,0.254171495778442,0.00199497610876086,2.878,0.0459263021070196,0.319777777777778
"off",0,546,345,0.252920872271935,0.00197963268032095,2.927,0.0471581901147074,0.325222222222222
"off",0,547,346,0.251907188912107,0.00197956048758176,2.891,0.0449348209981762,0.321222222222222
"off",0,548,347,0.250862084991704,0.00198126420607895,2.883,0.0439686734419434,0.320333333333333
"off",0,549,348,0.249916748920015,0.0019850879093401,2.857,0.0459854940787384,0.317444444444444
"off",0,550,349,0.248950458345931,0.00198638446227737,2.898,0.0472210316048457,0.322
"off",0,551,350,0.248008190503256,0.00198035634452191,2.935,0.0454405087982059,0.326111111111111
"off",0,552,351,0.247329979377827,0.0019778059162754,2.929,0.0457608244358975,0.325444444444444
"off",0,553,352,0.246208400737857,0.00197676764987217,2.951,0.0452398678782956,0.327888888888889
"off",0,554,353,0.2450723365196,0.0019811134023893,2.869,0.0460647474861306,0.318777777777778
"off",0,555,354,0.243887879736249,0.00197991025107578,2.915,0.044606779358801,0.323888888888889
"off",0,556,355,0.243035087851015,0.00197856467212268,2.932,0.0462981589214895,0.325777777777778
"off",0,557,356,0.241969161514571,0.00197296260659793,2.88,0.0480823451166009,0.32
"off",0,558,357,0.241242870628083,0.00197456965483199,2.854,0.0465494452260266,0.317111111111111
"off",0,559,358,0.240140928611322,0.00198824064956253,2.93,0.0472157741578948,0.325555555555556
"off",0,560,359,0.239114831592275,0.002003474120123,2.946,0.0458386865560651,0.327333333333333
"off",0,561,360,0.238029663156441,0.00199823703554777,2.84,0.0469318932347994,0.315555555555556
"off",0,562,361,0.237050552847616,0.00199943917304505,2.876,0.0453506414583156,0.319555555555556
"off",0,563,362,0.236318998995223,0.0020030755410783,2.807,0.0472226744369797,0.311888888888889
"off",0,564,363,0.234975108464718,0.00200741773048536,2.883,0.0470268276893364,0.320333333333333
"off",0,565,364,0.233894344550267,0.00201017061964927,2.946,0.0479727566998748,0.327333333333333
"off",0,566,365,0.233061675804915,0.00200593810121252,2.879,0.0458307697890779,0.319888888888889
"off",0,567,366,0.231904025205749,0.00200676858302995,2.878,0.0468114014670285,0.319777777777778
"off",0,568,367,0.231173787528077,0.00199375905290408,2.796,0.0466965155505694,0.310666666666667
"off",0,569,368,0.230203498581838,0.00199690738912292,2.871,0.0465459506888141,0.319
"off",0,570,369,0.229681660625202,0.00200340021882928,2.855,0.0472885949380103,0.317222222222222
"off",0,571,370,0.229032810115365,0.00199232660326658,2.878,0.0453560709626968,0.319777777777778
"off",0,572,371,0.227751163126651,0.00198984555265082,2.856,0.0462536852953727,0.317333333333333
"off",0,573,372,0.226898864014622,0.00199868044249076,2.917,0.0454331946397694,0.324111111111111
"off",0,574,373,0.225817675165116,0.00200357432480548,2.891,0.0445769683368676,0.321222222222222
"off",0,575,374,0.224802171630923,0.00200500106077721,2.841,0.0461719704025162,0.315666666666667
"off",0,576,375,0.223569900918363,0.00200296880772927,2.868,0.0471253307340838,0.318666666666667
"off",0,577,376,0.222644274730534,0.0020032854698038,2.765,0.0460205703234207,0.307222222222222
"off",0,578,377,0.221961019396911,0.00199993573848568,2.893,0.0450508665907836,0.321444444444444
"off",0,579,378,0.220947029458325,0.00199418973413812,2.841,0.0472858853671467,0.315666666666667
"off",0,580,379,0.220043982964211,0.0020006640328054,2.983,0.0461610424691844,0.331444444444444
"off",0,581,380,0.218942184590476,0.00200613753042474,2.835,0.0461508927855669,0.315
"off",0,582,381,0.218282273082089,0.00200441027322146,2.848,0.0464009595703479,0.316444444444444
"off",0,583,382,0.217405355766455,0.00199538149287017,2.87,0.0469819891799755,0.318888888888889
"off",0,584,383,0.216604148348832,0.00199392933538866,2.864,0.0448945377470302,0.318222222222222
"off",0,585,384,0.215752738792045,0.00199538157145265,2.788,0.0460996874304065,0.309777777777778
"off",0,586,385,0.214935602457594,0.0019951689698087,2.891,0.0468114335425685,0.321222222222222
"off",0,587,386,0.214351295703307,0.00200443845530746,2.832,0.0466041623457383,0.314666666666667
"off",0,588,387,0.213170118229886,0.00200497037756608,2.835,0.0460205703234204,0.315
"off",0,589,388,0.212435535234733,0.00200311426163841,2.864,0.045470557194426,0.318222222222222
"off",0,590,389,0.211428766626246,0.002005977051111,2.784,0.0453806500989507,0.309333333333333
"off",0,591,390,0.210460206262781,0.00200137225786654,2.833,0.0455981380123156,0.314777777777778
"off",0,592,391,0.209464261674127,0.00200811519119373,2.805,0.0451110852231468,0.311666666666667
"off",0,593,392,0.208499855420135,0.00201045657203263,2.859,0.0468541813962674,0.317666666666667
"off",0,594,393,0.207493554842972,0.00201575304296305,2.83,0.0454220559107927,0.314444444444444
"off",0,595,394,0.20659853300766,0.00201693596027529,2.87,0.0468326092940946,0.318888888888889
"off",0,596,395,0.205534769983616,0.00202112040740516,2.91,0.0463254362747514,0.323333333333333
"off",0,597,396,0.20463771009761,0.00202371376116603,2.795,0.0459901086114189,0.310555555555556
"off",0,598,397,0.203812006639306,0.00202499830804126,2.886,0.0470022681709427,0.320666666666667
"off",0,599,398,0.203174929203511,0.0020309476902172,2.835,0.0455615062399262,0.315
"off",0,600,399,0.202301810818674,0.00204143550607553,2.886,0.0465098609669731,0.320666666666667
"off",0,601,400,0.201689466200712,0.00204127759383961,2.826,0.0456487437703143,0.314
"off",0,602,401,0.200720986973697,0.00203938719751827,2.758,0.045995125302053,0.306444444444444
"off",0,603,402,0.199893549774766,0.00204261366985926,2.718,0.0459193269178086,0.302
"off",0,604,403,0.199212266954793,0.00204576234114366,2.864,0.0459087313221746,0.318222222222222
"off",0,605,404,0.198179725994792,0.00204299682950628,2.862,0.0460116623593743,0.318
"off",0,606,405,0.197274320741982,0.00203042093150811,2.825,0.0462657056091823,0.313888888888889
"off",0,607,406,0.196351142869451,0.00203827871187991,2.866,0.0470771734523248,0.318444444444444
"off",0,608,407,0.195337579679546,0.00204224403343078,2.832,0.046150903630437,0.314666666666667
"off",0,609,408,0.194739906274707,0.00204888325219223,2.845,0.0467885046156017,0.316111111111111
"off",0,610,409,0.193618135381012,0.00205729584531196,2.789,0.0460934225633507,0.309888888888889
"off",0,611,410,0.192630821131107,0.00206089394530194,2.8,0.046109935221448,0.311111111111111
"off",0,612,411,0.191842435210779,0.0020586679770594,2.791,0.0454905307551847,0.310111111111111
"off",0,613,412,0.191378723004878,0.00206123468347998,2.84,0.0463524384315276,0.315555555555556
"off",0,614,413,0.190479527753178,0.00206841012238699,2.79,0.0476042662601386,0.31
"off",0,615,414,0.189887466287726,0.00206393532992225,2.902,0.047902929875851,0.322444444444444
"off",0,616,415,0.189562616862377,0.00207100781335588,2.901,0.0441944810146261,0.322333333333333
"off",0,617,416,0.188461312314172,0.00206550336535696,2.795,0.0472568323971066,0.310555555555556
"off",0,618,417,0.187676494142916,0.00205063054987122,2.81,0.0457601791298285,0.312222222222222
"off",0,619,418,0.186705425237827,0.00204625384334798,2.797,0.0470532146086217,0.310777777777778
"off",0,620,419,0.185845050524552,0.00204558246104752,2.827,0.0467038783427273,0.314111111111111
"off",0,621,420,0.185013526685558,0.00205390092453378,2.799,0.047506377001997,0.311
"off",0,622,421,0.184153155461161,0.00205117980151331,2.737,0.0458250033380352,0.304111111111111
"off",0,623,422,0.183460284850521,0.0020647375232216,2.772,0.0452555418049995,0.308
"off",0,624,423,0.182616926803018,0.00206367271867612,2.763,0.0451981622842552,0.307
"off",0,625,424,0.181720169642102,0.00206280147385122,2.799,0.0445935823587609,0.311
"off",0,626,425,0.181157806042012,0.0020636816432658,2.835,0.0446292142745843,0.315
"off",0,627,426,0.180160465078712,0.00205532147480269,2.768,0.0472483693730102,0.307555555555556
"off",0,628,427,0.179383972458105,0.00205621320613325,2.863,0.0477547014597672,0.318111111111111
"off",0,629,428,0.178322884054129,0.00205674855740594,2.908,0.046986633671117,0.323111111111111
"off",0,630,429,0.17745044378789,0.00204562693145598,2.773,0.0448048934657641,0.308111111111111
"off",0,631,430,0.176928099897031,0.00204654633056452,2.79,0.0463902150464088,0.31
"off",0,632,431,0.176208712918634,0.00204452101480028,2.81,0.0451656942816109,0.312222222222222
"off",0,633,432,0.175212265570563,0.00204392843231806,2.819,0.0455885656422455,0.313222222222222
"off",0,634,433,0.174334716172692,0.00204208253804928,2.713,0.0443914586559351,0.301444444444444
"off",0,635,434,0.173588924389462,0.0020253664296833,2.759,0.048365879070459,0.306555555555556
"off",0,636,435,0.172497845829902,0.00202480588549685,2.797,0.0456933132840997,0.310777777777778
"off",0,637,436,0.17182848991882,0.00202619899999127,2.828,0.0479866514639095,0.314222222222222
"off",0,638,437,0.171305148654418,0.00202570519083769,2.754,0.0448050386841871,0.306
"off",0,639,438,0.170015295861206,0.00202295283787094,2.761,0.0460434468627078,0.306777777777778
"off",0,640,439,0.169133872832883,0.00202378860317415,2.884,0.0455699530460655,0.320444444444444
"off",0,641,440,0.168676115913438,0.00202486533334662,2.762,0.0454248766582739,0.306888888888889
"off",0,642,441,0.167796753965484,0.00202647976206498,2.739,0.0467018207360276,0.304333333333333
"off",0,643,442,0.166963468272358,0.00203632845029489,2.76,0.0461359786774765,0.306666666666667
"off",0,644,443,0.166105299955098,0.00204946650766847,2.746,0.0465795411490244,0.305111111111111
"off",0,645,444,0.165474053240665,0.00204533323712428,2.663,0.045447733678331,0.295888888888889
"off",0,646,445,0.164698859641564,0.00204652508185042,2.764,0.0463514018391293,0.307111111111111
"off",0,647,446,0.163801380043802,0.00204762402538544,2.772,0.0470556078510333,0.308
"off",0,648,447,0.16318521312818,0.00204659284218509,2.775,0.0462007522612945,0.308333333333333
"off",0,649,448,0.16264821211529,0.00205129281826598,2.783,0.0476043819115129,0.309222222222222
"off",0,650,449,0.162191934513826,0.00205996907892751,2.789,0.0455912004399706,0.309888888888889
"off",0,651,450,0.161402751412231,0.00205046482661136,2.724,0.0468830675406593,0.302666666666667
"off",0,652,451,0.160804078537725,0.00205028735538181,2.823,0.0461714500833881,0.313666666666667
"off",0,653,452,0.159931902255704,0.00205095623463016,2.729,0.0463649512963048,0.303222222222222
"off",0,654,453,0.159242113137988,0.00205272214507765,2.658,0.0439199836630773,0.295333333333333
"off",0,655,454,0.158587548513073,0.00204223357244853,2.848,0.0472559956950346,0.316444444444444
"off",0,656,455,0.158041250517009,0.00205044958130979,2.782,0.044254202449422,0.309111111111111
"off",0,657,456,0.157028853530925,0.00205275611902745,2.737,0.0442695244021302,0.304111111111111
"off",0,658,457,0.156582774762837,0.00205315160760667,2.757,0.0443612321618654,0.306333333333333
"off",0,659,458,0.155825076293522,0.00204743463141237,2.75,0.0458868783597839,0.305555555555556
"off",0,660,459,0.155416717347808,0.00205121751817029,2.693,0.0449975085507605,0.299222222222222
"off",0,661,460,0.15508324760484,0.00206159184295661,2.744,0.0455251198409902,0.304888888888889
"off",0,662,461,0.154035368103199,0.00207455063112792,2.804,0.0451621924138281,0.311555555555556
"off",0,663,462,0.153551082622508,0.00206543920099993,2.749,0.0452110942473531,0.305444444444444
"off",0,664,463,0.153067059600871,0.00207192545722192,2.821,0.0467241066489468,0.313444444444444
"off",0,665,464,0.152368493172483,0.00207830163149937,2.696,0.0469018526689914,0.299555555555556
"off",0,666,465,0.151729757038928,0.00207179755991266,2.709,0.0446801445310478,0.301
"off",0,667,466,0.151005982556504,0.00206536603191575,2.75,0.0467299013874808,0.305555555555556
"off",0,668,467,0.150318167096804,0.00207254143923672,2.617,0.0447695802450204,0.290777777777778
"off",0,669,468,0.149751772327511,0.00207440564646195,2.747,0.046315614387981,0.305222222222222
"off",0,670,469,0.149111330366331,0.00206955486844374,2.774,0.0466379577072054,0.308222222222222
"off",0,671,470,0.148266641839057,0.00206216920931012,2.739,0.0453092918939585,0.304333333333333
"off",0,672,471,0.147584264775539,0.00205993550796609,2.779,0.0468225517390003,0.308777777777778
"off",0,673,472,0.146892730437013,0.00205729637473961,2.76,0.0484225644172712,0.306666666666667
"off",0,674,473,0.146359802080846,0.00206595111256667,2.771,0.0472312374365715,0.307888888888889
"off",0,675,474,0.145722297695144,0.00205895242241685,2.788,0.046077968479298,0.309777777777778
"off",0,676,475,0.145338288473116,0.00204774244798107,2.664,0.0453338632719425,0.296
"off",0,677,476,0.144596820407758,0.00204861490856825,2.811,0.046383514640769,0.312333333333333
"off",0,678,477,0.143702682561728,0.00204725855605116,2.659,0.0462044787207245,0.295444444444444
"off",0,679,478,0.143256564082077,0.00205126339003902,2.66,0.045656154946343,0.295555555555556
"off",0,680,479,0.142736329103152,0.00205071537150491,2.817,0.0464937917648436,0.313
"off",0,681,480,0.14229135716852,0.00204383936245417,2.847,0.0467736975102329,0.316333333333333
"off",0,682,481,0.141773234837234,0.00205383181846159,2.694,0.0455460035397007,0.299333333333333
"off",0,683,482,0.140852774156778,0.00205434513397795,2.713,0.0446612317970029,0.301444444444444
"off",0,684,483,0.140418104325571,0.00204845814142006,2.832,0.045977058299655,0.314666666666667
"off",0,685,484,0.140051993217417,0.00205943204174613,2.729,0.0472418330591733,0.303222222222222
"off",0,686,485,0.139154213649426,0.00205562662359296,2.736,0.0469948136767507,0.304
"off",0,687,486,0.138739059470509,0.00204658596131277,2.652,0.0469585040338925,0.294666666666667
"off",0,688,487,0.138323708393403,0.0020543122097195,2.667,0.0460242243740103,0.296333333333333
"off",0,689,488,0.137552673256234,0.00205787284581431,2.714,0.0453460060011933,0.301555555555556
"off",0,690,489,0.136957315102789,0.00206041826293775,2.632,0.0460292808405117,0.292444444444444
"off",0,691,490,0.136524029966731,0.00205498286847653,2.724,0.0451648520850435,0.302666666666667
"off",0,692,491,0.136067196163599,0.00205556184352427,2.669,0.0438333247696356,0.296555555555556
"off",0,693,492,0.13531249349504,0.00205426692890338,2.664,0.0450014347452294,0.296
"off",0,694,493,0.13480409556538,0.00205195167433721,2.726,0.0434835004894367,0.302888888888889
"off",0,695,494,0.134032881245169,0.00205440868941313,2.703,0.0465720942191776,0.300333333333333
"off",0,696,495,0.13361834995457,0.00204628493767746,2.649,0.046324345056838,0.294333333333333
"off",0,697,496,0.132861553011744,0.00204922437987571,2.719,0.0464348489304659,0.302111111111111
"off",0,698,497,0.132006790697066,0.00205307729642158,2.722,0.0445275049682631,0.302444444444444
"off",0,699,498,0.131252130251797,0.00205726369021254,2.706,0.0460834860626635,0.300666666666667
"off",0,700,499,0.130988873656002,0.00205952406701675,2.747,0.0445305959310448,0.305222222222222
"off",0,701,500,0.130302174364643,0.00206257101746195,2.661,0.044475353366298,0.295666666666667
"off",0,702,501,0.12980970064729,0.00206379898142607,2.716,0.0474720717643291,0.301777777777778
"off",0,703,502,0.129196028018657,0.00206374187354361,2.685,0.0461725774340886,0.298333333333333
"off",0,704,503,0.128547979193523,0.00205269318435243,2.663,0.0446701961762697,0.295888888888889
"off",0,705,504,0.128263012237164,0.0020432029673498,2.727,0.0442767594956025,0.303
"off",0,706,505,0.127748322935225,0.00203606310545632,2.717,0.0453317324394952,0.301888888888889
"off",0,707,506,0.127024534066581,0.002024359108655,2.74,0.0469318932347994,0.304444444444444
"off",0,708,507,0.126570354050499,0.00203073864456902,2.665,0.0461183466952351,0.296111111111111
"off",0,709,508,0.12611896236835,0.00203160301640318,2.696,0.0438121387688788,0.299555555555556
"off",0,710,509,0.125695640303706,0.00202623085590442,2.7,0.0442714350338902,0.3
"off",0,711,510,0.125379724369812,0.00202665562151337,2.643,0.0450064059504485,0.293666666666667
"off",0,712,511,0.124476471290704,0.00202981295821332,2.607,0.0448169561612516,0.289666666666667
"off",0,713,512,0.123965877315024,0.00202292416191121,2.691,0.0456464960605148,0.299
"off",0,714,513,0.12365711355112,0.00202603987456392,2.709,0.0460264862599508,0.301
"off",0,715,514,0.123293262006926,0.00202674631236002,2.642,0.0474139650744809,0.293555555555556
"off",0,716,515,0.122621112099641,0.00202706033537232,2.652,0.0462497030805068,0.294666666666667
"off",0,717,516,0.122165797480073,0.00202641165601769,2.764,0.0467385118343372,0.307111111111111
"off",0,718,517,0.121664682470966,0.00202543143453248,2.671,0.04598775786961,0.296777777777778
"off",0,719,518,0.120612860951397,0.00202732804066076,2.742,0.0454698087031768,0.304666666666667
"off",0,720,519,0.120158012026206,0.0020199660239436,2.61,0.0461522483745921,0.29
"off",0,721,520,0.119874459751937,0.00201886956076518,2.668,0.0455395416078145,0.296444444444444
"off",0,722,521,0.119458147681296,0.00201706390087981,2.738,0.0465781657595651,0.304222222222222
"off",0,723,522,0.119193379219762,0.00202051477247462,2.672,0.045590508820307,0.296888888888889
"off",0,724,523,0.118815850055113,0.00202112203203956,2.743,0.045354250164764,0.304777777777778
"off",0,725,524,0.1182681391321,0.00202654557546045,2.651,0.0457525113222465,0.294555555555556
"off",0,726,525,0.117893736967999,0.00202761356780751,2.699,0.0454143310141355,0.299888888888889
"off",0,727,526,0.117377667629095,0.00203092643653912,2.714,0.0437963711067724,0.301555555555556
"off",0,728,527,0.116845251843524,0.00203145877067266,2.661,0.0458713765128451,0.295666666666667
"off",0,729,528,0.116594920093838,0.002021186793626,2.706,0.0455372115707324,0.300666666666667
"off",0,730,529,0.116209053824127,0.00202321592992837,2.697,0.0454230586184403,0.299666666666667
"off",0,731,530,0.115576214457274,0.00202140627674462,2.708,0.0461179234448264,0.300888888888889
"off",0,732,531,0.114958382792661,0.00201572616761832,2.716,0.0444220363931837,0.301777777777778
"off",0,733,532,0.114770167374356,0.00201784029363842,2.678,0.0453030723943569,0.297555555555556
"off",0,734,533,0.114176239590401,0.00202417160057821,2.639,0.0466782375187608,0.293222222222222
"off",0,735,534,0.113808583499382,0.00203147314296943,2.726,0.0446869211394224,0.302888888888889
"off",0,736,535,0.11312845289729,0.00204327841025668,2.62,0.0463869782563138,0.291111111111111
"off",0,737,536,0.112740998418546,0.00203383469377317,2.599,0.0448576772828376,0.288777777777778
"off",0,738,537,0.11247309010633,0.00203811847379742,2.625,0.04569970966498,0.291666666666667
"off",0,739,538,0.112173269064631,0.00203260172918839,2.694,0.0453477719454927,0.299333333333333
"off",0,740,539,0.111585733882257,0.00202256712761238,2.715,0.0458025422097166,0.301666666666667
"off",0,741,540,0.111049852129033,0.00201902866151399,2.742,0.0461038128744419,0.304666666666667
"off",0,742,541,0.110821883547637,0.00201314098183608,2.708,0.0445277297727913,0.300888888888889
"off",0,743,542,0.110400242948675,0.00202022387983131,2.674,0.0463883161569362,0.297111111111111
"off",0,744,543,0.109817881806405,0.00202279265950116,2.661,0.0447893411994985,0.295666666666667
"off",0,745,544,0.109427591831874,0.00201766287493524,2.657,0.0464920693507239,0.295222222222222
"off",0,746,545,0.10864815211165,0.00201372049492027,2.699,0.0469958254274528,0.299888888888889
"off",0,747,546,0.107971369000055,0.00201120582144172,2.673,0.0458057765917051,0.297
"off",0,748,547,0.107553060424458,0.00200973970321547,2.691,0.0456903338421443,0.299
"off",0,749,548,0.107100142893847,0.00200038311127401,2.739,0.0464223441247212,0.304333333333333
"off",0,750,549,0.106367668295086,0.00199585510063332,2.622,0.0465110662023489,0.291333333333333
"off",0,751,550,0.105947039620793,0.00199567293629819,2.745,0.0462830111068534,0.305
"off",0,752,551,0.105429825344795,0.00200573687163792,2.541,0.0459176156548596,0.282333333333333
"off",0,753,552,0.104903343686059,0.00200997657809823,2.645,0.0453324390478831,0.293888888888889
"off",0,754,553,0.104308012002906,0.00202274836771961,2.723,0.0464804413859359,0.302555555555556
"off",0,755,554,0.103789904700218,0.00202407167914133,2.715,0.0446964514561589,0.301666666666667
"off",0,756,555,0.10337456390769,0.00202717398877936,2.663,0.0458206343313854,0.295888888888889
"off",0,757,556,0.102887122928183,0.00202935138530707,2.681,0.0440588263595408,0.297888888888889
"off",0,758,557,0.102359876767362,0.0020181162377979,2.606,0.0439168839137378,0.289555555555556
"off",0,759,558,0.102060158173091,0.00200885766399564,2.652,0.0453977637880651,0.294666666666667
"off",0,760,559,0.101771035591785,0.00200536670235173,2.66,0.0449268117989516,0.295555555555556
"off",0,761,560,0.101373532224576,0.00200952594853415,2.562,0.0431974770330629,0.284666666666667
"off",0,762,561,0.101062644164092,0.00201477119465241,2.645,0.0447546419712859,0.293888888888889
"off",0,763,562,0.100722075583951,0.00201543213018608,2.61,0.0439298284748512,0.29
"off",0,764,563,0.100401616091705,0.00201995980030072,2.681,0.0457091711621236,0.297888888888889
"off",0,765,564,0.0999010230051432,0.00203098214008805,2.679,0.0451663480812761,0.297666666666667
"off",0,766,565,0.0996788730506842,0.00202446646764689,2.586,0.0449958734622256,0.287333333333333
"off",0,767,566,0.0991863800076175,0.00202168315420329,2.565,0.0465396706148738,0.285
"off",0,768,567,0.0984694453085535,0.00202426254175057,2.636,0.0442884348951899,0.292888888888889
"off",0,769,568,0.0980615151959418,0.00201684228137709,2.662,0.0469463519345216,0.295777777777778
"off",0,770,569,0.0977544754961326,0.00202126127297152,2.674,0.0459982590957509,0.297111111111111
"off",0,771,570,0.0974316342124068,0.00202363908055621,2.63,0.0461435719166734,0.292222222222222
"off",0,772,571,0.0970875951723587,0.00202698458701901,2.618,0.0437720457825766,0.290888888888889
"off",0,773,572,0.0966862714152434,0.00202321934932807,2.596,0.0451089660579667,0.288444444444444
"off",0,774,573,0.096443021350568,0.00202396111744505,2.654,0.0440706957765157,0.294888888888889
"off",0,775,574,0.0959719917263769,0.00201918198221283,2.553,0.0449133410938017,0.283666666666667
"off",0,776,575,0.0957846512806532,0.00201050440202339,2.663,0.0464067299492712,0.295888888888889
"off",0,777,576,0.095383786017023,0.00200515466834094,2.625,0.0461573992498007,0.291666666666667
"off",0,778,577,0.095165044100823,0.00200238354500439,2.624,0.0463548570569771,0.291555555555556
"off",0,779,578,0.0947053388783325,0.00199997588774969,2.65,0.0442883896914467,0.294444444444444
"off",0,780,579,0.0941783706311375,0.00200355750317408,2.636,0.0445363614082639,0.292888888888889
"off",0,781,580,0.0942789828086946,0.00200483869868363,2.663,0.0446477818533511,0.295888888888889
"off",0,782,581,0.0938537225488658,0.00200323455197952,2.713,0.0458118950680904,0.301444444444444
"off",0,783,582,0.0932699026469363,0.00201582497513432,2.64,0.0461142768188607,0.293333333333333
"off",0,784,583,0.0928455122669953,0.00200869436940605,2.678,0.0449258759996319,0.297555555555556
"off",0,785,584,0.0921708607403519,0.0020041241370173,2.647,0.0442984576859438,0.294111111111111
"off",0,786,585,0.0916346447326832,0.00199895103831319,2.624,0.043960852545834,0.291555555555556
"off",0,787,586,0.091076748057296,0.00200174225685804,2.614,0.0449112571747999,0.290444444444444
"off",0,788,587,0.0903413895896773,0.00200189925003536,2.654,0.0461564124950628,0.294888888888889
"off",0,789,588,0.0897291069159194,0.00200149196739524,2.597,0.0457239727241813,0.288555555555556
"off",0,790,589,0.089199962930403,0.00199970949430658,2.595,0.0471083240435723,0.288333333333333
"off",0,791,590,0.088878228244473,0.00200609573415823,2.601,0.0464538153110908,0.289
"off",0,792,591,0.0884881735432089,0.00200439522369414,2.651,0.0440583719642492,0.294555555555556
"off",0,793,592,0.0882315450631412,0.00200767042311271,2.721,0.0469613070981247,0.302333333333333
"off",0,794,593,0.087775543894191,0.00200720997497428,2.582,0.0471115218974666,0.286888888888889
"off",0,795,594,0.0871615183165952,0.00201159017690417,2.59,0.0441797674490468,0.287777777777778
"off",0,796,595,0.086700586730034,0.00201854225361119,2.622,0.0446442505717042,0.291333333333333
"off",0,797,596,0.0864483779654825,0.00202082180905203,2.601,0.0443369458213434,0.289
"off",0,798,597,0.0860800444407568,0.00201102922721918,2.618,0.0457402248373154,0.290888888888889
"off",0,799,598,0.0859132732846475,0.00200663939717497,2.666,0.0441179146196915,0.296222222222222
"off",0,800,599,0.0858440120377455,0.00200791900788453,2.633,0.0458083988959382,0.292555555555556
"off",0,801,600,0.0855534090752679,0.00200953736054882,2.637,0.0446006751094669,0.293
"off",0,802,601,0.0851325706895262,0.00201278503499208,2.597,0.0460729173562269,0.288555555555556
"off",0,803,602,0.0846217821297659,0.0020230853631811,2.573,0.0450855154534546,0.285888888888889
"off",0,804,603,0.0840998467677489,0.00202332695586726,2.682,0.0446415598839117,0.298
"off",0,805,604,0.083595924010005,0.00201998532666478,2.598,0.0448821836635697,0.288666666666667
"off",0,806,605,0.0835774847307262,0.00202225086853333,2.672,0.0450382553441454,0.296888888888889
"off",0,807,606,0.0831489463835819,0.00202407359260041,2.626,0.0452788490818193,0.291777777777778
"off",0,808,607,0.083071028419313,0.00202335663288923,2.65,0.0443335704118837,0.294444444444444
"off",0,809,608,0.0829197207150042,0.0020255687509113,2.632,0.046332739210225,0.292444444444444
"off",0,810,609,0.0826784827112031,0.0020178991869102,2.552,0.0449145111663626,0.283555555555556
"off",0,811,610,0.0821287760879145,0.00201291758925656,2.559,0.04567937834084,0.284333333333333
"off",0,812,611,0.0818416473318544,0.00201152479253083,2.644,0.0462753217752766,0.293777777777778
"off",0,813,612,0.0816101627415964,0.00201127945947635,2.665,0.0448194576471401,0.296111111111111
"off",0,814,613,0.0814414391535961,0.0020144407429652,2.556,0.0451763755175745,0.284
"off",0,815,614,0.0812530050775103,0.00201821265477299,2.634,0.0449673889175928,0.292666666666667
"off",0,816,615,0.0811308154466432,0.00201033224359161,2.676,0.0459688713929017,0.297333333333333
"off",0,817,616,0.0806734894462365,0.0020114260535563,2.609,0.0456969058822061,0.289888888888889
"off",0,818,617,0.0804562572068971,0.00201081352129678,2.625,0.0457216082991999,0.291666666666667
"off",0,819,618,0.0802310655475797,0.00200292639532958,2.577,0.0458494620816116,0.286333333333333
"off",0,820,619,0.0800030330646648,0.0019931703994143,2.587,0.0457441091674493,0.287444444444444
"off",0,821,620,0.0795521317165184,0.00199598113596452,2.586,0.0449513584291355,0.287333333333333
"off",0,822,621,0.0793404944233891,0.00200093500236421,2.592,0.0445142394916224,0.288
"off",0,823,622,0.0790101424637341,0.00200646110699975,2.586,0.0442782628900971,0.287333333333333
"off",0,824,623,0.0789831620704947,0.0020148458592424,2.626,0.0459372858823225,0.291777777777778
"off",0,825,624,0.0786730552564947,0.0020146189804202,2.663,0.0462987534883455,0.295888888888889
"off",0,826,625,0.0780806984158164,0.00200869133922613,2.627,0.0459998585539889,0.291888888888889
"off",0,827,626,0.0780029630634037,0.00201059610576032,2.605,0.0460988080117058,0.289444444444444
"off",0,828,627,0.0777624322030789,0.00199365003035799,2.613,0.0446679552501147,0.290333333333333
"off",0,829,628,0.0774224284158637,0.00199881512681727,2.644,0.0455998173608548,0.293777777777778
"off",0,830,629,0.0769864492296224,0.00199702165651301,2.594,0.0461225681341714,0.288222222222222
"off",0,831,630,0.0768978362305955,0.00199758016459607,2.619,0.0459123833725385,0.291
"off",0,832,631,0.0764365498437707,0.00198934120124054,2.623,0.0467659925379336,0.291444444444444
"off",0,833,632,0.0761533237113317,0.0020061988622395,2.579,0.0453410941069447,0.286555555555556
"off",0,834,633,0.0760041378545065,0.0020027978614777,2.66,0.0455683714485879,0.295555555555556
"off",0,835,634,0.0758307617089413,0.00199931430294681,2.561,0.0456328977971085,0.284555555555556
"off",0,836,635,0.0755629918676643,0.00199858694086452,2.569,0.0446007648838923,0.285444444444444
"off",0,837,636,0.0750600077081983,0.00199418617919205,2.633,0.0464808721031724,0.292555555555556
"off",0,838,637,0.074730331793839,0.00200178508713175,2.592,0.0453827676061696,0.288
"off",0,839,638,0.0741153760655276,0.00199456318813579,2.602,0.043697889028024,0.289111111111111
"off",0,840,639,0.073773741835943,0.00198678388978127,2.633,0.0448589269078443,0.292555555555556
"off",0,841,640,0.0734132194585271,0.0019939322290702,2.639,0.043641535073638,0.293222222222222
"off",0,842,641,0.0729860995566508,0.00199677985290756,2.627,0.0461519338814854,0.291888888888889
"off",0,843,642,0.0724288054188497,0.0019916664242261,2.561,0.042943254687123,0.284555555555556
"off",0,844,643,0.0721831619966442,0.00198702782048853,2.676,0.0469172167250491,0.297333333333333
"off",0,845,644,0.0719084067400992,0.00198067948645118,2.574,0.0456355848719683,0.286
"off",0,846,645,0.0715884926407022,0.00198089704288193,2.583,0.0463169111260267,0.287
"off",0,847,646,0.0714352582324443,0.00198134045302644,2.634,0.0445199508762758,0.292666666666667
"off",0,848,647,0.0709109688468717,0.00198633095445511,2.674,0.0459764922306805,0.297111111111111
"off",0,849,648,0.0707509359212793,0.00198763535480718,2.588,0.0447913190502609,0.287555555555556
"off",0,850,649,0.0708175701978185,0.00198732622110355,2.593,0.0451817705761118,0.288111111111111
"off",0,851,650,0.0703458809490607,0.00198401855382595,2.569,0.0449806876588417,0.285444444444444
"off",0,852,651,0.0698293143635751,0.00199114857430485,2.63,0.0454220559107923,0.292222222222222
"off",0,853,652,0.069770975350068,0.00199953358778654,2.598,0.0453922510617886,0.288666666666667
"off",0,854,653,0.0693590781713344,0.0019887228019887,2.566,0.0436984387999567,0.285111111111111
"off",0,855,654,0.0691397321544198,0.00198968760353118,2.573,0.046892108823019,0.285888888888889
"off",0,856,655,0.0687216743561419,0.00199353662105425,2.705,0.0458484141173615,0.300555555555556
"off",0,857,656,0.0683051444700411,0.0020043565574719,2.587,0.0456564947791167,0.287444444444444
"off",0,858,657,0.0678682253673029,0.00200858562829347,2.554,0.0452452332420901,0.283777777777778
"off",0,859,658,0.06765249018406,0.00201780511651695,2.548,0.0446058929479696,0.283111111111111
"off",0,860,659,0.067354006497347,0.0020221917735924,2.633,0.0472074097948567,0.292555555555556
"off",0,861,660,0.067125326036167,0.00201257154037634,2.523,0.0447378192637111,0.280333333333333
"off",0,862,661,0.0667186966421711,0.0020182116776239,2.56,0.0449936042613216,0.284444444444444
"off",0,863,662,0.0665676028865477,0.00200920505368877,2.61,0.044089044487762,0.29
"off",0,864,663,0.0661575103949555,0.00201045503669446,2.586,0.0451513304637043,0.287333333333333
"off",0,865,664,0.0657892443000712,0.00201295061946774,2.584,0.0469163632983755,0.287111111111111
"off",0,866,665,0.0653428526778841,0.00201293684515265,2.626,0.0469076147797383,0.291777777777778
"off",0,867,666,0.0651474245805809,0.00200325619722997,2.611,0.0460630090289467,0.290111111111111
"off",0,868,667,0.0645898508287037,0.0020109569353472,2.592,0.045602802716671,0.288
"off",0,869,668,0.0643876526022643,0.00202274332408684,2.62,0.0444023824988203,0.291111111111111
"off",0,870,669,0.0639773345633764,0.00202391836181394,2.595,0.0451110852231468,0.288333333333333
"off",0,871,670,0.063853124148554,0.00202355497089275,2.588,0.0461777910730731,0.287555555555556
"off",0,872,671,0.0639235352056852,0.00202303598983685,2.616,0.0450618971479736,0.290666666666667
"off",0,873,672,0.0634053757292038,0.0020246114499144,2.565,0.0454294930506476,0.285
"off",0,874,673,0.0632184875924315,0.00202567123801031,2.557,0.0436882096183819,0.284111111111111
"off",0,875,674,0.0630176196341722,0.00203123535194996,2.594,0.0437387365738549,0.288222222222222
"off",0,876,675,0.0626502949660873,0.00203035307583585,2.63,0.0453117330627855,0.292222222222222
"off",0,877,676,0.0624005788507315,0.00203930417427395,2.568,0.0448931107341804,0.285333333333333
"off",0,878,677,0.0619823238710091,0.00203815378070361,2.619,0.0455841739742744,0.291
"off",0,879,678,0.0615875745766514,0.00202649969041468,2.532,0.0462072625364358,0.281333333333333
"off",0,880,679,0.0614210525719976,0.00202603981489939,2.565,0.0423977897132925,0.285
"off",0,881,680,0.061167522921466,0.00202282667832652,2.686,0.0455134647711582,0.298444444444444
"off",0,882,681,0.0611481367884322,0.0020263523510097,2.573,0.0444369851097668,0.285888888888889
"off",0,883,682,0.0607831533387286,0.00202651123170054,2.616,0.0467196610296641,0.290666666666667
"off",0,884,683,0.0603502072583747,0.00202130148678623,2.59,0.0445857363726101,0.287777777777778
"off",0,885,684,0.0603134317810039,0.0020188899863671,2.613,0.0468553777748771,0.290333333333333
"off",0,886,685,0.0599947646959068,0.00202204848118959,2.571,0.0454865697544675,0.285666666666667
"off",0,887,686,0.0595624117663694,0.00201647612292109,2.584,0.0451107412816392,0.287111111111111
"off",0,888,687,0.0594857568772624,0.00201182474763726,2.577,0.0465858480790166,0.286333333333333
"off",0,889,688,0.0591911385558399,0.00199977501133616,2.591,0.0447853181826894,0.287888888888889
"off",0,890,689,0.0588697385777849,0.00200026234031632,2.593,0.0456446539524011,0.288111111111111
"off",0,891,690,0.05881078035294,0.00200283752112609,2.62,0.0438351630716882,0.291111111111111
"off",0,892,691,0.0584022613394032,0.00200569901813933,2.557,0.0434354421830566,0.284111111111111
"off",0,893,692,0.0578103246207795,0.00200569007689628,2.668,0.0452307618974281,0.296444444444444
"off",0,894,693,0.0575700423906226,0.00199515853253063,2.677,0.0469987221090094,0.297444444444444
"off",0,895,694,0.0577405447738374,0.00200571348810044,2.589,0.0463705642539448,0.287666666666667
"off",0,896,695,0.0572599997498828,0.00200177952642207,2.658,0.0451561189106757,0.295333333333333
"off",0,897,696,0.0571332373083668,0.00199688213880554,2.546,0.045628565241151,0.282888888888889
"off",0,898,697,0.0567405539991562,0.00199671031787288,2.544,0.0453223798814462,0.282666666666667
"off",0,899,698,0.0565492669547128,0.00200183404704645,2.584,0.0435757139108799,0.287111111111111
"off",0,900,699,0.0563806148245396,0.00199941854580603,2.637,0.0458621230901311,0.293
"off",0,901,700,0.0561871308067233,0.00199791975377761,2.612,0.045558001838662,0.290222222222222
"off",0,902,701,0.0558862234847131,0.00199815371524547,2.58,0.0435602743046631,0.286666666666667
"off",0,903,702,0.0552991738239916,0.00199398611908128,2.563,0.0458708527840406,0.284777777777778
"off",0,904,703,0.0553453604470129,0.00199364986298023,2.64,0.0465248811343409,0.293333333333333
"off",0,905,704,0.0550888520509843,0.00200101078919688,2.59,0.0455628793644122,0.287777777777778
"off",0,906,705,0.0548663426685848,0.00200404565689369,2.584,0.0457278365444402,0.287111111111111
"off",0,907,706,0.0545474174934161,0.00200091642918457,2.641,0.0469502217601081,0.293444444444444
"off",0,908,707,0.0542882251937213,0.00200506666462223,2.562,0.0444987206123514,0.284666666666667
"off",0,909,708,0.0540624532278826,0.00200087659554827,2.549,0.0434221658198261,0.283222222222222
"off",0,910,709,0.05410778526823,0.00200178844522875,2.604,0.044756979200871,0.289333333333333
"off",0,911,710,0.0537852088998711,0.00200694720308473,2.558,0.0461385388234689,0.284222222222222
"off",0,912,711,0.0531612709293614,0.00199970931173436,2.537,0.0460733518832064,0.281888888888889
"off",0,913,712,0.0530878691093346,0.00199848441210274,2.574,0.0456575142622616,0.286
"off",0,914,713,0.0527419182046104,0.00199922419809951,2.603,0.044490115423208,0.289222222222222
"off",0,915,714,0.0525704262439407,0.00200173949847334,2.547,0.0440196402612371,0.283
"off",0,916,715,0.0524182701298834,0.0020074586530931,2.551,0.0429329971262459,0.283444444444444
"off",0,917,716,0.0520135192296722,0.00200702003215163,2.539,0.0454152126664791,0.282111111111111
"off",0,918,717,0.0517523709550729,0.0020077349876823,2.508,0.0444962460879109,0.278666666666667
"off",0,919,718,0.0517358252799297,0.00199753710040984,2.626,0.0449905339838076,0.291777777777778
"off",0,920,719,0.0517444937890265,0.00200017977985837,2.566,0.0449629365774265,0.285111111111111
"off",0,921,720,0.0513644829267038,0.00199829252330723,2.592,0.0440849121523394,0.288
"off",0,922,721,0.0508041018409424,0.00199355661251983,2.601,0.0460425772401904,0.289
"off",0,923,722,0.0505064512816617,0.00199294975542172,2.612,0.0465147247613013,0.290222222222222
"off",0,924,723,0.0501929297327598,0.00199332825842621,2.63,0.0453779589576166,0.292222222222222
"off",0,925,724,0.0497746758676673,0.00199766566150298,2.621,0.0464275189355894,0.291222222222222
"off",0,926,725,0.0497746219086872,0.00197792367057326,2.536,0.0432038258788568,0.281777777777778
"off",0,927,726,0.0492141796951433,0.00197078036723782,2.585,0.0451088661995602,0.287222222222222
"off",0,928,727,0.0490189144431357,0.00196689801345293,2.542,0.0440701506484624,0.282444444444444
"off",0,929,728,0.0485614762753303,0.00196738066581935,2.569,0.0444433821194362,0.285444444444444
"off",0,930,729,0.048677106932967,0.0019798897219597,2.599,0.0443865877171152,0.288777777777778
"off",0,931,730,0.0485516586196102,0.00198213469714817,2.539,0.0452827729885164,0.282111111111111
"off",0,932,731,0.0483095255940168,0.00199173652615065,2.488,0.0447197479404329,0.276444444444444
"off",0,933,732,0.0479005133328342,0.00199036427702699,2.539,0.0446371086818071,0.282111111111111
"off",0,934,733,0.0479733929071302,0.00199454615051547,2.571,0.0456403554109961,0.285666666666667
"off",0,935,734,0.0476442720578307,0.00198799822683129,2.54,0.0458748787955294,0.282222222222222
"off",0,936,735,0.0475088490976541,0.00198833927441911,2.521,0.0447611724886934,0.280111111111111
"off",0,937,736,0.0470257325240926,0.00199605409323928,2.584,0.0445525412174091,0.287111111111111
"off",0,938,737,0.0467962984904454,0.00198528889930557,2.515,0.0463888664113161,0.279444444444444
"off",0,939,738,0.0466685313214869,0.00199365589345369,2.574,0.0441641763703852,0.286
"off",0,940,739,0.0466333035035809,0.00199337476170102,2.512,0.0444728437794777,0.279111111111111
"off",0,941,740,0.0465323724556779,0.00199755263847023,2.582,0.0449810993562772,0.286888888888889
"off",0,942,741,0.0467903270009356,0.00199829326862357,2.548,0.0446955668237213,0.283111111111111
"off",0,943,742,0.0464937790592067,0.00199591399625481,2.532,0.0449109451358239,0.281333333333333
"off",0,944,743,0.0459510940831335,0.00199521747120895,2.557,0.0445503730145524,0.284111111111111
"off",0,945,744,0.0456753710800132,0.00199177098410812,2.578,0.0461307277640841,0.286444444444444
"off",0,946,745,0.0456873415653371,0.00199506900135284,2.539,0.0460282260965766,0.282111111111111
"off",0,947,746,0.0451536334687746,0.00199743222512,2.597,0.0448843581396192,0.288555555555556
"off",0,948,747,0.0447912113030095,0.00200326827838283,2.611,0.0461498516661628,0.290111111111111
"off",0,949,748,0.0447904374120815,0.00200509366395996,2.564,0.0466484735021424,0.284888888888889
"off",0,950,749,0.0444903672597369,0.00201122822111103,2.553,0.0449133410938017,0.283666666666667
"on",0.5,1,-200,0,0,2.596,0.0451089660579667,0.288444444444444
"on",0.5,2,-199,-6.15049963213291e-05,0.000176420751198343,2.461,0.043890835095785,0.273444444444444
"on",0.5,3,-198,-0.000450039194379592,0.000249561198718368,2.398,0.0434221312406644,0.266444444444444
"on",0.5,4,-197,-0.000432269256295573,0.000309200807142768,2.433,0.0439709500061622,0.270333333333333
"on",0.5,5,-196,-0.000333797335075869,0.000355832693324212,2.463,0.0447731575347958,0.273666666666667
"on",0.5,6,-195,-0.00013073521600139,0.000397538022956817,2.495,0.0449443544285038,0.277222222222222
"on",0.5,7,-194,-4.16798164607194e-05,0.00043932360443838,2.549,0.0441536923546439,0.283222222222222
"on",0.5,8,-193,0.000239116555865045,0.000477311187502858,2.403,0.043663457232536,0.267
"on",0.5,9,-192,0.000145766403788778,0.000508648289167449,2.576,0.0442965708174592,0.286222222222222
"on",0.5,10,-191,5.77481605728887e-05,0.000540861553036502,2.397,0.0444450938390996,0.266333333333333
"on",0.5,11,-190,-0.000162652435015513,0.000567059801047561,2.48,0.0452509408482039,0.275555555555555
"on",0.5,12,-189,-0.000416757140576871,0.000599343251184824,2.5,0.045431971826722,0.277777777777778
"on",0.5,13,-188,-0.000345680988981652,0.000622694565977,2.507,0.0450775219259332,0.278555555555556
"on",0.5,14,-187,-0.00062394443566965,0.000635534737043559,2.537,0.0434110068475211,0.281888888888889
"on",0.5,15,-186,-0.000726683680395011,0.00065159349480445,2.453,0.0424687484462939,0.272555555555556
"on",0.5,16,-185,-0.000972308905224024,0.000667991476686159,2.496,0.0448775890394973,0.277333333333333
"on",0.5,17,-184,-0.00102704796629891,0.000693116007912178,2.487,0.0457156529092707,0.276333333333333
"on",0.5,18,-183,-0.00118649284152135,0.000715112695815419,2.397,0.0452707459673512,0.266333333333333
"on",0.5,19,-182,-0.00129690150572972,0.000735527763475906,2.538,0.0459201988744023,0.282
"on",0.5,20,-181,-0.0016895030937869,0.000748696802273122,2.459,0.0458739950671774,0.273222222222222
"on",0.5,21,-180,-0.0018085696297709,0.000773846095399165,2.449,0.0432350351944839,0.272111111111111
"on",0.5,22,-179,-0.00134366219554021,0.000790653462974388,2.429,0.0435069172873906,0.269888888888889
"on",0.5,23,-178,-0.00119169005605156,0.000809666717197323,2.518,0.0449855498988251,0.279777777777778
"on",0.5,24,-177,-0.00112759051309467,0.000827380057880696,2.498,0.0450780215629305,0.277555555555556
"on",0.5,25,-176,-0.00132900041193237,0.000846763928118533,2.481,0.0439724069454081,0.275666666666667
"on",0.5,26,-175,-0.00123707686576287,0.00086004429638568,2.439,0.0431525334266846,0.271
"on",0.5,27,-174,-0.0011207683718039,0.000868699716753666,2.495,0.0450111208591941,0.277222222222222
"on",0.5,28,-173,-0.00120065516538704,0.000877706987251497,2.447,0.0435785508030047,0.271888888888889
"on",0.5,29,-172,-0.00148758023364661,0.000884710655222947,2.533,0.0444847152389434,0.281444444444444
"on",0.5,30,-171,-0.00133275896077154,0.000898169569475629,2.455,0.0439078911233836,0.272777777777778
"on",0.5,31,-170,-0.0013457809977154,0.000915126505958421,2.434,0.0457573790523206,0.270444444444444
"on",0.5,32,-169,-0.00130856393792648,0.000922443155622389,2.477,0.0441522413974696,0.275222222222222
"on",0.5,33,-168,-0.00124058712636783,0.000931773562625478,2.518,0.0444032391571565,0.279777777777778
"on",0.5,34,-167,-0.00142811177537377,0.000957993192886014,2.579,0.0432392024513476,0.286555555555556
"on",0.5,35,-166,-0.00169960871088569,0.000969827892362551,2.461,0.043363110582145,0.273444444444444
"on",0.5,36,-165,-0.001620193762065,0.000991418712530967,2.495,0.0434034429378458,0.277222222222222
"on",0.5,37,-164,-0.00161128327848443,0.00100730353039641,2.498,0.0452110610364327,0.277555555555556
"on",0.5,38,-163,-0.00171233458297857,0.00101195114542373,2.511,0.045143293155428,0.279
"on",0.5,39,-162,-0.00159364299366469,0.00101492085468059,2.425,0.0437525918008213,0.269444444444444
"on",0.5,40,-161,-0.001644837844545,0.0010240358577185,2.37,0.0447560398505395,0.263333333333333
"on",0.5,41,-160,-0.00145865663176319,0.00103075350545371,2.516,0.0450307869326285,0.279555555555556
"on",0.5,42,-159,-0.00110316296417246,0.00104254926381949,2.5,0.0449668991817539,0.277777777777778
"on",0.5,43,-158,-0.00124023431922385,0.00105458759149177,2.506,0.0459137460034801,0.278444444444444
"on",0.5,44,-157,-0.001662693204495,0.00106354000471305,2.534,0.0451318167247991,0.281555555555556
"on",0.5,45,-156,-0.00145732183392981,0.00108005314946677,2.405,0.0435071013498702,0.267222222222222
"on",0.5,46,-155,-0.00138084292056745,0.00109164856326084,2.462,0.045460121234139,0.273555555555556
"on",0.5,47,-154,-0.0015675274855092,0.00111331541947472,2.438,0.0453454762044924,0.270888888888889
"on",0.5,48,-153,-0.00151285292068916,0.00111873893422873,2.446,0.0439205306549571,0.271777777777778
"on",0.5,49,-152,-0.00159791779661119,0.00112992960762246,2.473,0.0444437424869491,0.274777777777778
"on",0.5,50,-151,-0.00169736192886293,0.00113609624028242,2.492,0.0441801752813171,0.276888888888889
"on",0.5,51,-150,-0.00155627076467651,0.00115033635830284,2.535,0.0452196839862886,0.281666666666667
"on",0.5,52,-149,-0.00149248286126097,0.00115026945539802,2.465,0.0432740990391208,0.273888888888889
"on",0.5,53,-148,-0.0012239319962149,0.0011645421379943,2.566,0.0453839586605633,0.285111111111111
"on",0.5,54,-147,-0.00122653124854469,0.00118008927047174,2.496,0.0444292466508039,0.277333333333333
"on",0.5,55,-146,-0.0012796310816066,0.00118722681902592,2.485,0.0433780665389394,0.276111111111111
"on",0.5,56,-145,-0.00126072878449699,0.00119487839127879,2.582,0.0472600202021698,0.286888888888889
"on",0.5,57,-144,-0.00110602113082456,0.0012072716072846,2.419,0.0456456188754466,0.268777777777778
"on",0.5,58,-143,-0.00119605507579908,0.00121256021206412,2.458,0.0433141098501643,0.273111111111111
"on",0.5,59,-142,-0.00129034548425246,0.00122988748044137,2.56,0.0459184985437079,0.284444444444444
"on",0.5,60,-141,-0.00129925378773918,0.00123935938227674,2.516,0.0453850614608355,0.279555555555556
"on",0.5,61,-140,-0.00114069108991547,0.00125506223785126,2.436,0.0450325652381911,0.270666666666667
"on",0.5,62,-139,-0.00127249282251924,0.00127297807805175,2.507,0.0445189053429319,0.278555555555556
"on",0.5,63,-138,-0.00126693148715777,0.00128250303801501,2.442,0.0438013076808733,0.271333333333333
"on",0.5,64,-137,-0.00134671856214839,0.00129446099858032,2.447,0.0437619253016372,0.271888888888889
"on",0.5,65,-136,-0.0013000420152569,0.0013027107944238,2.393,0.0435941676311343,0.265888888888889
"on",0.5,66,-135,-0.00134239813842518,0.00131294199871862,2.518,0.0442677719750567,0.279777777777778
"on",0.5,67,-134,-0.00125229780054464,0.00132599483261938,2.532,0.0435301145285751,0.281333333333333
"on",0.5,68,-133,-0.00105550081666301,0.00133559786443411,2.5,0.0441582376227805,0.277777777777778
"on",0.5,69,-132,-0.00111009639142087,0.00133501009527737,2.48,0.0445374402450745,0.275555555555556
"on",0.5,70,-131,-0.000963184832837639,0.0013504669815325,2.514,0.0436773592575346,0.279333333333333
"on",0.5,71,-130,-0.001065088086678,0.0013676603181849,2.434,0.0452514275099881,0.270444444444444
"on",0.5,72,-129,-0.00135517158843174,0.00137173510301624,2.45,0.0448944931535653,0.272222222222222
"on",0.5,73,-128,-0.00128131615342161,0.00138775266137804,2.504,0.0463695388604863,0.278222222222222
"on",0.5,74,-127,-0.0012335747337477,0.00140587557682128,2.526,0.0444443393392151,0.280666666666667
"on",0.5,75,-126,-0.00140017353900824,0.00140724422523396,2.46,0.043223468952275,0.273333333333333
"on",0.5,76,-125,-0.00159559950049738,0.00141585876783974,2.463,0.0430637374769711,0.273666666666667
"on",0.5,77,-124,-0.00160099112298688,0.00142275383399869,2.445,0.0446202416618955,0.271666666666667
"on",0.5,78,-123,-0.00159434727754568,0.00143196530045263,2.457,0.0440237332479779,0.273
"on",0.5,79,-122,-0.0015138033705809,0.00144867948119827,2.471,0.0433709584865272,0.274555555555556
"on",0.5,80,-121,-0.0014823115660189,0.00144838557765425,2.505,0.0461313678867545,0.278333333333333
"on",0.5,81,-120,-0.00158142551472575,0.00145773897487581,2.52,0.0451623697301154,0.28
"on",0.5,82,-119,-0.00164433776283442,0.00146161389712461,2.5,0.0456298376293636,0.277777777777778
"on",0.5,83,-118,-0.00158044890586504,0.00145658756535107,2.476,0.0458642292808627,0.275111111111111
"on",0.5,84,-117,-0.00176216233071589,0.00147102176008409,2.48,0.0439264103874825,0.275555555555556
"on",0.5,85,-116,-0.00140666681168853,0.00147669922225846,2.462,0.0458110756766816,0.273555555555556
"on",0.5,86,-115,-0.00129927334530384,0.0014840761477127,2.449,0.0442646400455075,0.272111111111111
"on",0.5,87,-114,-0.00149753946651264,0.00148509883953843,2.465,0.044280195750874,0.273888888888889
"on",0.5,88,-113,-0.00150017386628629,0.00149423540008204,2.524,0.0434892551708504,0.280444444444444
"on",0.5,89,-112,-0.00159970444406391,0.00150197138067779,2.489,0.0453424187150943,0.276555555555556
"on",0.5,90,-111,-0.0019002955627533,0.00151155369644474,2.457,0.045124130874591,0.273
"on",0.5,91,-110,-0.00212541800026147,0.00151870556049258,2.51,0.0446530390219286,0.278888888888889
"on",0.5,92,-109,-0.00232705388373102,0.00153302330800983,2.477,0.0447825465608699,0.275222222222222
"on",0.5,93,-108,-0.00216830529094693,0.00154319144124925,2.443,0.0450864035356981,0.271444444444444
"on",0.5,94,-107,-0.00223324810232554,0.00154344553312311,2.508,0.0446085857871098,0.278666666666667
"on",0.5,95,-106,-0.00194900035710911,0.00154724718745931,2.496,0.0452109281925072,0.277333333333333
"on",0.5,96,-105,-0.00154094874420613,0.00155230331742923,2.408,0.0452059684066118,0.267555555555556
"on",0.5,97,-104,-0.00160137911994248,0.00156876535930879,2.411,0.0442497122819689,0.267888888888889
"on",0.5,98,-103,-0.00156938879351029,0.00157403501979642,2.497,0.0470978684147087,0.277444444444444
"on",0.5,99,-102,-0.00149392600045715,0.00157639562572483,2.548,0.0448074067951242,0.283111111111111
"on",0.5,100,-101,-0.00168095094429251,0.00158031861813685,2.541,0.0442524267953438,0.282333333333333
"on",0.5,101,-100,-0.00178666275302973,0.00157846420626496,2.496,0.0458921571740761,0.277333333333333
"on",0.5,102,-99,-0.00128666297811441,0.00157272549062283,2.497,0.0440900775111015,0.277444444444444
"on",0.5,103,-98,-0.00127995789354907,0.00157637955747289,2.486,0.0445622013570898,0.276222222222222
"on",0.5,104,-97,-0.00127025372387463,0.00157240714249556,2.524,0.0445354623576249,0.280444444444444
"on",0.5,105,-96,-0.00141900939093919,0.00157643204550045,2.544,0.0429640536950357,0.282666666666667
"on",0.5,106,-95,-0.00128593112594113,0.0015845994196655,2.521,0.0449174417857538,0.280111111111111
"on",0.5,107,-94,-0.00116413733514455,0.00159341791213373,2.439,0.0446124340209012,0.271
"on",0.5,108,-93,-0.000928658280040926,0.00159838508316308,2.484,0.0454952064927046,0.276
"on",0.5,109,-92,-0.000979603198773774,0.0016147007244931,2.488,0.0462384471408155,0.276444444444444
"on",0.5,110,-91,-0.000953657514022222,0.00162258548396903,2.474,0.0437634463821034,0.274888888888889
"on",0.5,111,-90,-0.00116138554773974,0.00163131714525275,2.414,0.043960624842426,0.268222222222222
"on",0.5,112,-89,-0.00124310130767691,0.00164229113764628,2.505,0.0436793187090053,0.278333333333333
"on",0.5,113,-88,-0.00130579201433169,0.00165921196751329,2.552,0.0434417216876033,0.283555555555556
"on",0.5,114,-87,-0.00128613788001747,0.00165765749572363,2.546,0.0448987739242387,0.282888888888889
"on",0.5,115,-86,-0.0014268022388544,0.00166395103746781,2.434,0.0430987412983432,0.270444444444444
"on",0.5,116,-85,-0.00157000491638579,0.0016695019847581,2.475,0.0445124292344999,0.275
"on",0.5,117,-84,-0.00154951520559234,0.00167469761017187,2.437,0.0453220154570058,0.270777777777778
"on",0.5,118,-83,-0.00186339368655063,0.00169319432766769,2.561,0.0449922582596528,0.284555555555556
"on",0.5,119,-82,-0.00182716740829273,0.00169197984263757,2.563,0.0446545073315675,0.284777777777778
"on",0.5,120,-81,-0.00212017336158281,0.00168790868549857,2.528,0.0446229448513566,0.280888888888889
"on",0.5,121,-80,-0.00223216979482984,0.00169219872459793,2.491,0.0448991640783536,0.276777777777778
"on",0.5,122,-79,-0.002215772718827,0.00169670947764974,2.407,0.0441735475403812,0.267444444444444
"on",0.5,123,-78,-0.00222915279773174,0.00170738776766247,2.528,0.044285180107765,0.280888888888889
"on",0.5,124,-77,-0.00268854719998629,0.00171516057830511,2.504,0.0457392181401922,0.278222222222222
"on",0.5,125,-76,-0.00247855885148089,0.00172459460950364,2.477,0.0447154388379503,0.275222222222222
"on",0.5,126,-75,-0.00261856091313206,0.00172887023137073,2.425,0.0465461227337095,0.269444444444444
"on",0.5,127,-74,-0.00273444472097862,0.00173705599798191,2.518,0.0443129737169559,0.279777777777778
"on",0.5,128,-73,-0.00262287338399096,0.00174125135363272,2.552,0.0452696956621683,0.283555555555556
"on",0.5,129,-72,-0.00245910432984098,0.0017548374240678,2.536,0.0462259758235653,0.281777777777778
"on",0.5,130,-71,-0.00252515894215456,0.00176427739814961,2.503,0.04549792370055,0.278111111111111
"on",0.5,131,-70,-0.00260854975018105,0.0017760077659878,2.483,0.0430762877528525,0.275888888888889
"on",0.5,132,-69,-0.00267237440550373,0.00177977881822534,2.458,0.0440928586074907,0.273111111111111
"on",0.5,133,-68,-0.00290350112569577,0.00178313472457021,2.451,0.0438123101253348,0.272333333333333
"on",0.5,134,-67,-0.00287023686159359,0.00178955286979872,2.517,0.0434695364663644,0.279666666666667
"on",0.5,135,-66,-0.00287340382355487,0.00179497645101945,2.508,0.0456729900709602,0.278666666666667
"on",0.5,136,-65,-0.00251655469699267,0.00179847791515236,2.539,0.0442994519316145,0.282111111111111
"on",0.5,137,-64,-0.00259601463850413,0.0017984900315195,2.419,0.0430033520587442,0.268777777777778
"on",0.5,138,-63,-0.00267724350139844,0.00181095326027687,2.459,0.0445904396402109,0.273222222222222
"on",0.5,139,-62,-0.00259013028255167,0.00180688812822629,2.509,0.0445410249422135,0.278777777777778
"on",0.5,140,-61,-0.00268392527384881,0.00181531153822376,2.507,0.0436561204970947,0.278555555555556
"on",0.5,141,-60,-0.00279373472064719,0.00181473525763304,2.567,0.0450948394447138,0.285222222222222
"on",0.5,142,-59,-0.00283593028867861,0.00182503077191792,2.512,0.0454303854256148,0.279111111111111
"on",0.5,143,-58,-0.00258912215648296,0.00183769571820001,2.443,0.0443025249135276,0.271444444444444
"on",0.5,144,-57,-0.00277551319641324,0.00184451521790117,2.452,0.043973055723132,0.272444444444444
"on",0.5,145,-56,-0.00259378194668965,0.00184965343509673,2.496,0.0442486377410871,0.277333333333333
"on",0.5,146,-55,-0.00255786101572494,0.00185864653075375,2.446,0.0453336424649415,0.271777777777778
"on",0.5,147,-54,-0.0023825800573984,0.00186279935555769,2.533,0.0445521704959016,0.281444444444444
"on",0.5,148,-53,-0.00247982752067969,0.00186297583243994,2.515,0.0444944350987262,0.279444444444444
"on",0.5,149,-52,-0.00224975824998608,0.00186979044747889,2.499,0.0438397185314974,0.277666666666667
"on",0.5,150,-51,-0.00211993908127494,0.00187681102687667,2.455,0.0438166052415622,0.272777777777778
"on",0.5,151,-50,-0.00209301146665313,0.0018730352514982,2.486,0.0439059418727324,0.276222222222222
"on",0.5,152,-49,-0.00197805923016537,0.001886095574578,2.488,0.0455843606287719,0.276444444444444
"on",0.5,153,-48,-0.00218785942490136,0.00189027333996093,2.406,0.043989761298501,0.267333333333333
"on",0.5,154,-47,-0.00196626765856236,0.00189095197420082,2.45,0.0436738755711857,0.272222222222222
"on",0.5,155,-46,-0.00193583724132706,0.00189765757822984,2.545,0.0441806170953613,0.282777777777778
"on",0.5,156,-45,-0.00211531145606399,0.00190501221240264,2.528,0.045202425369213,0.280888888888889
"on",0.5,157,-44,-0.00202639706795496,0.00190903874067866,2.494,0.0455635823881316,0.277111111111111
"on",0.5,158,-43,-0.0021951531813363,0.00192011927644502,2.521,0.0435368172292653,0.280111111111111
"on",0.5,159,-42,-0.00236196893414767,0.00192351016949026,2.53,0.0447336685406093,0.281111111111111
"on",0.5,160,-41,-0.00237929410657039,0.00193282961730929,2.544,0.0462839735351904,0.282666666666667
"on",0.5,161,-40,-0.00219886493046469,0.00193862011244858,2.467,0.0440096335800224,0.274111111111111
"on",0.5,162,-39,-0.00198421804595472,0.00193728164870794,2.53,0.0443516298129737,0.281111111111111
"on",0.5,163,-38,-0.00170867902303336,0.00193990042749825,2.431,0.044308037670407,0.270111111111111
"on",0.5,164,-37,-0.00198365405187292,0.00194743616953046,2.524,0.0442423030750141,0.280444444444444
"on",0.5,165,-36,-0.00212825226668405,0.00195270809073875,2.453,0.0425394005670108,0.272555555555555
"on",0.5,166,-35,-0.00220313722917346,0.00195602448982407,2.576,0.0445893733103775,0.286222222222222
"on",0.5,167,-34,-0.00211600680384595,0.00197196988888258,2.466,0.0424811563949079,0.274
"on",0.5,168,-33,-0.00232789527211742,0.0019725764263126,2.484,0.04435889664669,0.276
"on",0.5,169,-32,-0.00214114290765751,0.00197004575882776,2.463,0.0461167839051875,0.273666666666667
"on",0.5,170,-31,-0.00219270233367428,0.00197432255735489,2.419,0.04516058545323,0.268777777777778
"on",0.5,171,-30,-0.00241810951108908,0.00198319618626838,2.462,0.044051066916665,0.273555555555555
"on",0.5,172,-29,-0.00235417798014265,0.00198246937260245,2.565,0.0460205703234206,0.285
"on",0.5,173,-28,-0.00246789959657436,0.0019852968862519,2.461,0.0443220424105594,0.273444444444444
"on",0.5,174,-27,-0.00254717412384912,0.00199185322303158,2.444,0.0433213658688267,0.271555555555556
"on",0.5,175,-26,-0.00242754529781835,0.0019899998138606,2.507,0.0451662594310287,0.278555555555556
"on",0.5,176,-25,-0.00229927916668193,0.00198982460319562,2.535,0.046074916146401,0.281666666666667
"on",0.5,177,-24,-0.0024991983903522,0.00198699275496138,2.506,0.043148879774866,0.278444444444444
"on",0.5,178,-23,-0.00249323932458676,0.00199009117736261,2.481,0.0446501134671865,0.275666666666667
"on",0.5,179,-22,-0.00251351881256188,0.00200504068645125,2.513,0.0427277036202117,0.279222222222222
"on",0.5,180,-21,-0.00242477001289762,0.00200526307627543,2.527,0.0450032920606515,0.280777777777778
"on",0.5,181,-20,-0.00239778143179637,0.0020187518077779,2.534,0.0456829391669462,0.281555555555556
"on",0.5,182,-19,-0.00237031572791272,0.00202936480348896,2.497,0.0435877378501213,0.277444444444444
"on",0.5,183,-18,-0.00191333147633845,0.0020371173154228,2.552,0.0440594738647347,0.283555555555556
"on",0.5,184,-17,-0.0017030964315933,0.00204693442578194,2.455,0.0450777883996876,0.272777777777778
"on",0.5,185,-16,-0.00187009540990727,0.00205152618467524,2.58,0.0478318710473245,0.286666666666667
"on",0.5,186,-15,-0.00173128551629552,0.00205227802653274,2.486,0.046281161890622,0.276222222222222
"on",0.5,187,-14,-0.00164188405233338,0.00206096097067085,2.496,0.0430562171798435,0.277333333333333
"on",0.5,188,-13,-0.00159183201773903,0.00206842569968259,2.48,0.0433529639065137,0.275555555555556
"on",0.5,189,-12,-0.00170179424624323,0.00206713692790289,2.425,0.0431536468590691,0.269444444444444
"on",0.5,190,-11,-0.00147059015021634,0.00207471383265807,2.518,0.0437674718437286,0.279777777777778
"on",0.5,191,-10,-0.00162273001131093,0.00208067507212352,2.488,0.0447421262107407,0.276444444444444
"on",0.5,192,-9,-0.00143859272090414,0.00208388228964628,2.56,0.0451933893666147,0.284444444444444
"on",0.5,193,-8,-0.00111500284427009,0.0021008183226217,2.546,0.0465838389793505,0.282888888888889
"on",0.5,194,-7,-0.00095701303055653,0.0021105047934406,2.455,0.0435875541281554,0.272777777777778
"on",0.5,195,-6,-0.000466537112128923,0.00210948552080396,2.44,0.0442985593711845,0.271111111111111
"on",0.5,196,-5,-0.000356899601419262,0.00211600746531254,2.486,0.0449201716584192,0.276222222222222
"on",0.5,197,-4,-0.000369592839629515,0.00212110399163391,2.517,0.0448522320818341,0.279666666666667
"on",0.5,198,-3,-0.00029175211532633,0.00212255664620194,2.484,0.0455172035148891,0.276
"on",0.5,199,-2,-0.000273213058677044,0.002127138342277,2.437,0.0431496569267113,0.270777777777778
"on",0.5,200,-1,-0.000391210355662745,0.00212993494238801,2.449,0.0466001134180011,0.272111111111111
"on",0.5,201,0,1.00007604847212,0.00213057112575981,4.114,0.0485114147119763,0.457111111111111
"on",0.5,202,1,0.995917486654113,0.00213645889782335,4.384,0.046848038792875,0.487111111111111
"on",0.5,203,2,0.99212074990358,0.00213498131338606,4.295,0.0478776280455419,0.477222222222222
"on",0.5,204,3,0.988389587466343,0.00214222229758566,4.381,0.0476456620177442,0.486777777777778
"on",0.5,205,4,0.984648768289798,0.00214636257535615,4.316,0.0490566055750962,0.479555555555556
"on",0.5,206,5,0.981129256468102,0.00214407677855848,4.329,0.048177588981601,0.481
"on",0.5,207,6,0.977467530571343,0.00214513100153574,4.257,0.0504727500588038,0.473
"on",0.5,208,7,0.97404846874978,0.00214917876336282,4.257,0.0492277805144043,0.473
"on",0.5,209,8,0.970628485451745,0.0021499591242014,4.361,0.0481143844810883,0.484555555555556
"on",0.5,210,9,0.967504750044887,0.00216118257349877,4.273,0.04756820086711,0.474777777777778
"on",0.5,211,10,0.96446092035591,0.00215406872070123,4.217,0.0474991280674411,0.468555555555556
"on",0.5,212,11,0.96173538837858,0.00214601481432081,4.243,0.0507989323857455,0.471444444444444
"on",0.5,213,12,0.958817582838101,0.00215196856691686,4.237,0.0484270190717554,0.470777777777778
"on",0.5,214,13,0.95595750519737,0.00215624442936453,4.284,0.0498982347767318,0.476
"on",0.5,215,14,0.953130038602952,0.00215400604317317,4.214,0.0487091015784174,0.468222222222222
"on",0.5,216,15,0.950515788079399,0.00216319030771171,4.21,0.0492577539715965,0.467777777777778
"on",0.5,217,16,0.947848221978544,0.00216739508114176,4.295,0.048002909071006,0.477222222222222
"on",0.5,218,17,0.945302171602613,0.00217309459957488,4.269,0.0491839207267787,0.474333333333333
"on",0.5,219,18,0.942740234803782,0.00216921567165305,4.2,0.0502645653171947,0.466666666666667
"on",0.5,220,19,0.940207962176871,0.00216832363017872,4.2,0.0494615653456949,0.466666666666667
"on",0.5,221,20,0.937380996082454,0.00217077424289932,4.239,0.0495008012998711,0.471
"on",0.5,222,21,0.934938465645823,0.00217362357811517,4.165,0.0492361574373872,0.462777777777778
"on",0.5,223,22,0.932376615351903,0.00217875609532663,4.239,0.0487879007465914,0.471
"on",0.5,224,23,0.929987991131236,0.00218666377127739,4.13,0.0486566281966547,0.458888888888889
"on",0.5,225,24,0.927582761985106,0.00218826227168103,4.202,0.0489038606613793,0.466888888888889
"on",0.5,226,25,0.925514881710997,0.00219407975699808,4.213,0.0486209316549467,0.468111111111111
"on",0.5,227,26,0.923020054210877,0.00218630580120945,4.139,0.0485183783017635,0.459888888888889
"on",0.5,228,27,0.920938912084172,0.00219819861210875,4.143,0.048712666976095,0.460333333333333
"on",0.5,229,28,0.91900476031746,0.00220405827163373,4.118,0.0493204674400853,0.457555555555556
"on",0.5,230,29,0.916792644951767,0.00221046235795631,4.101,0.0490836857642968,0.455666666666667
"on",0.5,231,30,0.914561956208432,0.0022079566163384,4.136,0.0483305269973321,0.459555555555556
"on",0.5,232,31,0.912222652457669,0.00221242500116318,4.165,0.0479590979385045,0.462777777777778
"on",0.5,233,32,0.910202497863844,0.00220818823081365,4.217,0.0499239762379101,0.468555555555556
"on",0.5,234,33,0.908201350761951,0.0022111464400364,4.193,0.0506588325696251,0.465888888888889
"on",0.5,235,34,0.906171064839999,0.00220963341508125,4.183,0.0471777144077233,0.464777777777778
"on",0.5,236,35,0.904126641635249,0.00221549267529118,4.148,0.0472687034974551,0.460888888888889
"on",0.5,237,36,0.901789029396538,0.00221537747558534,4.22,0.0489079951745315,0.468888888888889
"on",0.5,238,37,0.899766744885566,0.0022246718767776,4.143,0.04842412514332,0.460333333333333
"on",0.5,239,38,0.897869932172923,0.00223445874962358,4.175,0.0500287705013613,0.463888888888889
"on",0.5,240,39,0.895895853787535,0.00223325396179157,4.064,0.0478350519200322,0.451555555555556
"on",0.5,241,40,0.894223672033794,0.00223506704029856,4.195,0.0508090204250835,0.466111111111111
"on",0.5,242,41,0.892328540079685,0.00223882760564939,4.119,0.0503326173805054,0.457666666666667
"on",0.5,243,42,0.890361336612418,0.00225134571520896,4.188,0.0481557366777309,0.465333333333333
"on",0.5,244,43,0.888009527189137,0.00225137717378533,4.126,0.0493818039622141,0.458444444444444
"on",0.5,245,44,0.886338597213183,0.00225862458854273,4.091,0.0504704494359448,0.454555555555556
"on",0.5,246,45,0.884435931435079,0.00225885867937872,4.043,0.0483061536916829,0.449222222222222
"on",0.5,247,46,0.882966560531734,0.00225531668969045,4.089,0.0490049026167837,0.454333333333333
"on",0.5,248,47,0.881121973370313,0.00225911547976671,4.133,0.0493938331247004,0.459222222222222
"on",0.5,249,48,0.879389951017531,0.00225753245717613,4.062,0.0486469168860939,0.451333333333333
"on",0.5,250,49,0.877657808977517,0.0022694027950944,4.12,0.049051055095747,0.457777777777778
"on",0.5,251,50,0.875843938943454,0.00228185526589694,4.044,0.047627012632878,0.449333333333333
"on",0.5,252,51,0.874094719448,0.00227715357324754,4.063,0.0490656543667608,0.451444444444444
"on",0.5,253,52,0.872246016071938,0.00228151378913132,4.012,0.0484582728149097,0.445777777777778
"on",0.5,254,53,0.870475341048049,0.00228903312658438,4.125,0.0500187652474237,0.458333333333333
"on",0.5,255,54,0.868400273835038,0.00229350947818222,4.073,0.0504798892552193,0.452555555555556
"on",0.5,256,55,0.866537105135156,0.00231044831123996,4.123,0.0507784348857803,0.458111111111111
"on",0.5,257,56,0.865092275189934,0.00230214980216366,4.141,0.048429995503453,0.460111111111111
"on",0.5,258,57,0.863404515720057,0.00230560395468605,4.093,0.048504677132249,0.454777777777778
"on",0.5,259,58,0.861678687708113,0.00229850136321943,4.066,0.0485386443980463,0.451777777777778
"on",0.5,260,59,0.859927788842169,0.0023098218560162,4.092,0.0494163735818198,0.454666666666667
"on",0.5,261,60,0.858369947479363,0.00230957386022305,4.034,0.0478658034000804,0.448222222222222
"on",0.5,262,61,0.856752387752591,0.00232032174499102,3.967,0.0481063948475171,0.440777777777778
"on",0.5,263,62,0.855155633034576,0.00232235395235351,4.069,0.0490779751787668,0.452111111111111
"on",0.5,264,63,0.853683684441373,0.0023218469684025,3.99,0.0476042662601385,0.443333333333333
"on",0.5,265,64,0.851916244188552,0.00232928561878603,4.021,0.0480715078801349,0.446777777777778
"on",0.5,266,65,0.850295011813635,0.00233285795532512,4.017,0.048135517323781,0.446333333333333
"on",0.5,267,66,0.848870575718125,0.00233127919792303,4.09,0.0503232792297207,0.454444444444444
"on",0.5,268,67,0.847298370122005,0.00233014339512697,4.058,0.049649784502061,0.450888888888889
"on",0.5,269,68,0.845753003614768,0.00234362307439799,3.907,0.0504469612156759,0.434111111111111
"on",0.5,270,69,0.843970811603446,0.00235741273765685,4.004,0.0504036161849973,0.444888888888889
"on",0.5,271,70,0.842244255691645,0.00235957090223244,4.053,0.048337640897416,0.450333333333333
"on",0.5,272,71,0.840880149266725,0.00235557990328559,4.014,0.047708281043023,0.446
"on",0.5,273,72,0.839031499187252,0.00235140465200087,3.948,0.0482869301946978,0.438666666666667
"on",0.5,274,73,0.837788166799157,0.0023644245235038,3.839,0.0487591679221093,0.426555555555556
"on",0.5,275,74,0.836242844608506,0.0023736512324184,3.97,0.0488619226748958,0.441111111111111
"on",0.5,276,75,0.834348763297202,0.00237627725005418,3.932,0.0494350060161807,0.436888888888889
"on",0.5,277,76,0.83289447380115,0.00237781018276678,4.038,0.0482170185814187,0.448666666666667
"on",0.5,278,77,0.831259557330559,0.00238526426870983,3.965,0.0499626987989166,0.440555555555556
"on",0.5,279,78,0.829921302152168,0.00239383735302503,4.032,0.0491262596722911,0.448
"on",0.5,280,79,0.828288311500489,0.00239200240792705,3.988,0.0480641879798897,0.443111111111111
"on",0.5,281,80,0.826576692962772,0.00237805162523437,3.936,0.0508378647121265,0.437333333333333
"on",0.5,282,81,0.824719961632982,0.00237001441139156,4.032,0.0488606525065247,0.448
"on",0.5,283,82,0.82302679729279,0.00237283000777807,4.043,0.0489647684416923,0.449222222222222
"on",0.5,284,83,0.821439496550401,0.0023746514998172,3.921,0.048467598538695,0.435666666666667
"on",0.5,285,84,0.81942402435467,0.00237773731068008,3.975,0.0493032027946035,0.441666666666667
"on",0.5,286,85,0.818098552139754,0.00238326305804623,3.937,0.0497946835566862,0.437444444444444
"on",0.5,287,86,0.816940117808277,0.00238865636237799,3.972,0.0483689523925788,0.441333333333333
"on",0.5,288,87,0.815270713429771,0.00238285772510888,3.942,0.0483215373407237,0.438
"on",0.5,289,88,0.813646763129733,0.00238776277152392,3.931,0.0491391254872699,0.436777777777778
"on",0.5,290,89,0.811960428185256,0.0023954880402214,3.983,0.0495294272545541,0.442555555555556
"on",0.5,291,90,0.810575045688398,0.00239425267229779,3.944,0.0491047378088436,0.438222222222222
"on",0.5,292,91,0.809065283495294,0.00239818131868504,3.955,0.0483871503223357,0.439444444444444
"on",0.5,293,92,0.807484339856192,0.00239979341618452,3.948,0.0488434405184737,0.438666666666667
"on",0.5,294,93,0.806176286499251,0.00239201597574158,3.922,0.0471183205997004,0.435777777777778
"on",0.5,295,94,0.804413353255439,0.00239488508823371,3.953,0.0486328711485983,0.439222222222222
"on",0.5,296,95,0.802752392004953,0.00239121819773715,3.985,0.0484057653396588,0.442777777777778
"on",0.5,297,96,0.801495689435558,0.00239375006287809,3.965,0.0473922042220133,0.440555555555556
"on",0.5,298,97,0.799769228294829,0.00239180008965608,3.903,0.0477689530225739,0.433666666666667
"on",0.5,299,98,0.798278620268245,0.00238724210328264,3.951,0.0486514744480162,0.439
"on",0.5,300,99,0.796792074164295,0.00238711455990459,3.882,0.0462841032992779,0.431333333333333
"on",0.5,301,100,0.795651906681215,0.00239350290075024,3.971,0.0488317882484716,0.441222222222222
"on",0.5,302,101,0.793789360690496,0.00239738185616107,4.029,0.050305960776927,0.447666666666667
"on",0.5,303,102,0.792190316744273,0.00239938721172791,3.909,0.0499921815709038,0.434333333333333
"on",0.5,304,103,0.79062256325238,0.00239743689803216,3.812,0.0495288714701749,0.423555555555556
"on",0.5,305,104,0.789410194891888,0.00240437925110555,3.965,0.0498624233392367,0.440555555555556
"on",0.5,306,105,0.787857754917386,0.00240790160067892,3.998,0.0493602312842274,0.444222222222222
"on",0.5,307,106,0.786245878129205,0.00240929504007624,3.916,0.0496327251660374,0.435111111111111
"on",0.5,308,107,0.784775439758575,0.00242174419806297,3.882,0.0496844497256894,0.431333333333333
"on",0.5,309,108,0.783231386931263,0.00242949943440348,3.889,0.0494076929244841,0.432111111111111
"on",0.5,310,109,0.781756041356284,0.00243235430973976,3.918,0.0482659880827652,0.435333333333333
"on",0.5,311,110,0.780309624338104,0.00243453287149373,3.873,0.0488185851316305,0.430333333333333
"on",0.5,312,111,0.778746279276288,0.00244008781384706,3.93,0.0464893671849946,0.436666666666667
"on",0.5,313,112,0.776938282419152,0.00244188327088345,3.993,0.0505123994926249,0.443666666666667
"on",0.5,314,113,0.775397849613172,0.00243971962869594,3.855,0.0466062994363117,0.428333333333333
"on",0.5,315,114,0.773826234649066,0.00244276859188602,3.818,0.0495310945702732,0.424222222222222
"on",0.5,316,115,0.772335749387305,0.00244673569457844,3.858,0.0499232243382608,0.428666666666667
"on",0.5,317,116,0.770965109291307,0.00244735175639555,3.858,0.0487874596204415,0.428666666666667
"on",0.5,318,117,0.769629923361688,0.00244823090568085,3.804,0.0489078314380835,0.422666666666667
"on",0.5,319,118,0.768110872994265,0.00244530047015994,3.748,0.049628207291408,0.416444444444444
"on",0.5,320,119,0.766941113388344,0.00244367094881386,3.777,0.0486789548022617,0.419666666666667
"on",0.5,321,120,0.765544346188965,0.00245484983971801,3.838,0.0488276575327974,0.426444444444444
"on",0.5,322,121,0.764143235706614,0.00245557897054863,3.843,0.0480068292605923,0.427
"on",0.5,323,122,0.762908595952257,0.00245508132986147,3.899,0.0484266883458302,0.433222222222222
"on",0.5,324,123,0.761479021427659,0.00244498438006315,3.878,0.0479730905552001,0.430888888888889
"on",0.5,325,124,0.759750270010183,0.00244423311874486,3.798,0.0478276435075312,0.422
"on",0.5,326,125,0.758161833375556,0.00244257298893889,3.879,0.0489157617926139,0.431
"on",0.5,327,126,0.756648620216565,0.00244222831158498,3.805,0.0491669847803624,0.422777777777778
"on",0.5,328,127,0.755628654771878,0.00244740117561124,3.813,0.0484394196639203,0.423666666666667
"on",0.5,329,128,0.75436848035037,0.00244478063351739,3.895,0.0504630708689188,0.432777777777778
"on",0.5,330,129,0.753041538641103,0.00244883761385179,3.938,0.0490567280050613,0.437555555555556
"on",0.5,331,130,0.751568185279789,0.00244801846889106,3.886,0.0489632658367617,0.431777777777778
"on",0.5,332,131,0.75008853964936,0.00244730822056602,3.848,0.0486750990267639,0.427555555555556
"on",0.5,333,132,0.748589552844472,0.00245136415435588,3.884,0.0493657875555632,0.431555555555556
"on",0.5,334,133,0.747144553294045,0.0024549205064799,3.856,0.0475344456528473,0.428444444444444
"on",0.5,335,134,0.745595923281097,0.00245187883498523,3.813,0.0488509715094534,0.423666666666667
"on",0.5,336,135,0.744265370898852,0.00244732760181891,3.898,0.0498806985123915,0.433111111111111
"on",0.5,337,136,0.74324339786808,0.0024598813206388,3.841,0.0484568577919272,0.426777777777778
"on",0.5,338,137,0.74182318819133,0.0024674149533133,3.764,0.0496867464498609,0.418222222222222
"on",0.5,339,138,0.74045685885098,0.00247434979683971,3.825,0.0472504773267701,0.425
"on",0.5,340,139,0.739346092093959,0.00247652751451914,3.854,0.0501517616759292,0.428222222222222
"on",0.5,341,140,0.738129144296492,0.00247988927001,3.744,0.0490802696903028,0.416
"on",0.5,342,141,0.736560878296743,0.00248361623050125,3.788,0.0490659093818047,0.420888888888889
"on",0.5,343,142,0.73508374436057,0.00249913987754018,3.792,0.0504507807796993,0.421333333333333
"on",0.5,344,143,0.733786842252197,0.00250682033224069,3.84,0.0495060688284866,0.426666666666667
"on",0.5,345,144,0.732439382035236,0.00251430229418572,3.773,0.0466867288493276,0.419222222222222
"on",0.5,346,145,0.730925328287502,0.00252530409386783,3.828,0.0495466534780188,0.425333333333333
"on",0.5,347,146,0.729689772155718,0.00251727747575427,3.805,0.0487375661102435,0.422777777777778
"on",0.5,348,147,0.728177174836667,0.00251531759965277,3.84,0.0504077468345981,0.426666666666667
"on",0.5,349,148,0.726754497638588,0.00251359588691726,3.834,0.048998416758553,0.426
"on",0.5,350,149,0.725399535268377,0.00251837650762899,3.784,0.0487002640210061,0.420444444444444
"on",0.5,351,150,0.723902079061976,0.00251685422552897,3.871,0.0492420936169836,0.430111111111111
"on",0.5,352,151,0.722175287636634,0.00251247124539639,3.797,0.0484162693227714,0.421888888888889
"on",0.5,353,152,0.720662713146179,0.00251335194767964,3.814,0.0477250634539303,0.423777777777778
"on",0.5,354,153,0.719320194635614,0.00251651142183958,3.761,0.0477929195923743,0.417888888888889
"on",0.5,355,154,0.717808970764872,0.00252035060560985,3.828,0.0486084229200946,0.425333333333333
"on",0.5,356,155,0.716529006601788,0.00251999797638584,3.772,0.0485218545644163,0.419111111111111
"on",0.5,357,156,0.715016317904533,0.00252552452689481,3.788,0.049127074709059,0.420888888888889
"on",0.5,358,157,0.713848182831364,0.00252452047254534,3.824,0.0483255559653416,0.424888888888889
"on",0.5,359,158,0.712277174990452,0.00252528059852333,3.73,0.0482434184881982,0.414444444444444
"on",0.5,360,159,0.710856533892509,0.00253043007347666,3.836,0.0488004660375849,0.426222222222222
"on",0.5,361,160,0.709744751375187,0.00253464202783052,3.727,0.048629577787966,0.414111111111111
"on",0.5,362,161,0.708630975326113,0.00253591848345098,3.764,0.048730674925335,0.418222222222222
"on",0.5,363,162,0.707354606157334,0.00254485308247105,3.71,0.0481894409826699,0.412222222222222
"on",0.5,364,163,0.706003091755899,0.00253877681358873,3.815,0.0491445845459111,0.423888888888889
"on",0.5,365,164,0.704430193183553,0.00255357566909062,3.809,0.0486300718062795,0.423222222222222
"on",0.5,366,165,0.702892000060138,0.00255792765601211,3.786,0.0481510386442757,0.420666666666667
"on",0.5,367,166,0.701503136463168,0.00256708653206479,3.717,0.047740864992061,0.413
"on",0.5,368,167,0.700215773188102,0.00256870384494251,3.756,0.0478827396538331,0.417333333333333
"on",0.5,369,168,0.698644874602857,0.00257184250302793,3.812,0.0496096474198024,0.423555555555556
"on",0.5,370,169,0.697225333011515,0.00257697830753699,3.716,0.0481836659633291,0.412888888888889
"on",0.5,371,170,0.696046534871045,0.00257704571295709,3.721,0.0477224940299273,0.413444444444444
"on",0.5,372,171,0.694711672497153,0.0025740691740155,3.653,0.0461380506709997,0.405888888888889
"on",0.5,373,172,0.693481142949559,0.00256661498467336,3.693,0.0493070196035228,0.410333333333333
"on",0.5,374,173,0.691822282462811,0.00256976948707681,3.71,0.0481478786471245,0.412222222222222
"on",0.5,375,174,0.690754871602137,0.00256935038342424,3.639,0.0492250150035741,0.404333333333333
"on",0.5,376,175,0.689665531565366,0.00256695515004672,3.666,0.0498892065775046,0.407333333333333
"on",0.5,377,176,0.688349561657,0.0025674152553071,3.812,0.0480308542810031,0.423555555555556
"on",0.5,378,177,0.686833386352747,0.00257960178956389,3.722,0.0483637783372541,0.413555555555556
"on",0.5,379,178,0.685252407748341,0.00258374858751945,3.681,0.0495953495672597,0.409
"on",0.5,380,179,0.683722771763341,0.0025845118799784,3.726,0.0469161499392816,0.414
"on",0.5,381,180,0.682155418635738,0.00258078260920698,3.768,0.0492402335555043,0.418666666666667
"on",0.5,382,181,0.68071906343117,0.00258210138627949,3.752,0.0489580728061562,0.416888888888889
"on",0.5,383,182,0.679081458357363,0.00258278526689889,3.678,0.0497070094331451,0.408666666666667
"on",0.5,384,183,0.67811250376135,0.00258375174190961,3.67,0.0492699454792426,0.407777777777778
"on",0.5,385,184,0.676855938381469,0.0025794009219946,3.649,0.0470320211240284,0.405444444444444
"on",0.5,386,185,0.675681412443668,0.00258280848215086,3.63,0.0480979564369776,0.403333333333333
"on",0.5,387,186,0.674165680386867,0.00257862708341453,3.662,0.0477706817832658,0.406888888888889
"on",0.5,388,187,0.672868814778943,0.00257265945935397,3.728,0.0482529205783893,0.414222222222222
"on",0.5,389,188,0.671575878704613,0.00257638718559888,3.73,0.0465754148587993,0.414444444444444
"on",0.5,390,189,0.67022850286298,0.00258398674792388,3.613,0.0492509558958675,0.401444444444444
"on",0.5,391,190,0.668816097356406,0.00258788628310174,3.637,0.0494740202397045,0.404111111111111
"on",0.5,392,191,0.667859650584104,0.00257429925052162,3.772,0.0498447640229192,0.419111111111111
"on",0.5,393,192,0.666367123152026,0.00258439928515811,3.794,0.0490710910004247,0.421555555555556
"on",0.5,394,193,0.665455350840907,0.00257789724629119,3.698,0.0494696193965878,0.410888888888889
"on",0.5,395,194,0.664179206830001,0.00257890897645574,3.682,0.0486131591160175,0.409111111111111
"on",0.5,396,195,0.662936273296751,0.002575966447176,3.725,0.0486800240832391,0.413888888888889
"on",0.5,397,196,0.661907208357247,0.00257094504573209,3.733,0.0490929844389311,0.414777777777778
"on",0.5,398,197,0.660695675326119,0.00257168881528873,3.708,0.0484467035316448,0.412
"on",0.5,399,198,0.659355881744264,0.00257797408818609,3.635,0.0487868338299912,0.403888888888889
"on",0.5,400,199,0.658073088594471,0.00258307038963503,3.651,0.0501169702866275,0.405666666666667
"on",0.5,401,200,0.656841322895534,0.00259444013563077,3.569,0.047723333040731,0.396555555555556
"on",0.5,402,201,0.655701179899778,0.00259342643655787,3.626,0.0468862700832805,0.402888888888889
"on",0.5,403,202,0.654548646049497,0.00259566133294522,3.727,0.0489169077504278,0.414111111111111
"on",0.5,404,203,0.653302440926934,0.00259344849503801,3.734,0.0485551398062204,0.414888888888889
"on",0.5,405,204,0.652199679239284,0.00259487316397951,3.666,0.0471663934244358,0.407333333333333
"on",0.5,406,205,0.651107530521983,0.00259381934377955,3.588,0.0489351678310257,0.398666666666667
"on",0.5,407,206,0.649705107154195,0.00259802136779724,3.643,0.0464080241413562,0.404777777777778
"on",0.5,408,207,0.648362164431781,0.00260188064841885,3.638,0.0510643081179367,0.404222222222222
"on",0.5,409,208,0.647355549886878,0.00260491259877156,3.644,0.0498974323362811,0.404888888888889
"on",0.5,410,209,0.646153714047198,0.00260140314250818,3.613,0.0464907774982567,0.401444444444444
"on",0.5,411,210,0.645027634677091,0.00259427845671559,3.659,0.0489194451329135,0.406555555555556
"on",0.5,412,211,0.643537237305559,0.0026035976748891,3.612,0.0497989551691191,0.401333333333333
"on",0.5,413,212,0.642171013231698,0.00260664650166602,3.691,0.0484134574561955,0.410111111111111
"on",0.5,414,213,0.640830374538323,0.00261055544130084,3.601,0.0483749846422624,0.400111111111111
"on",0.5,415,214,0.639262343941901,0.00261345413193644,3.609,0.0484816405402031,0.401
"on",0.5,416,215,0.638019960193842,0.00261752984452866,3.65,0.04943626142766,0.405555555555556
"on",0.5,417,216,0.636734045020529,0.00261335625573771,3.606,0.0486531718506734,0.400666666666667
"on",0.5,418,217,0.635303583872058,0.00261427796130853,3.642,0.0468190989664265,0.404666666666667
"on",0.5,419,218,0.63429594004546,0.0026160428820223,3.661,0.0479413952381175,0.406777777777778
"on",0.5,420,219,0.633103424318996,0.00261474250363213,3.724,0.0486846402286614,0.413777777777778
"on",0.5,421,220,0.63192774889145,0.00261082871273497,3.552,0.0503967839830662,0.394666666666667
"on",0.5,422,221,0.630912306672057,0.00261188827919722,3.57,0.0476378984566844,0.396666666666667
"on",0.5,423,222,0.6299622557715,0.00261566980614963,3.614,0.0489837054886969,0.401555555555555
"on",0.5,424,223,0.628900532325645,0.00261129307635393,3.521,0.0499204472240689,0.391222222222222
"on",0.5,425,224,0.62753277557918,0.0026098806519045,3.564,0.0498235525267557,0.396
"on",0.5,426,225,0.6264135039932,0.0026191912252886,3.62,0.0494170217844217,0.402222222222222
"on",0.5,427,226,0.62503148693539,0.00262568889277477,3.588,0.048709635890947,0.398666666666667
"on",0.5,428,227,0.623645847325593,0.00262830291375407,3.597,0.0470404485927144,0.399666666666667
"on",0.5,429,228,0.622483493546838,0.00263624218289102,3.58,0.0493562157791298,0.397777777777778
"on",0.5,430,229,0.620871732463378,0.00263412651373925,3.59,0.0473089646699031,0.398888888888889
"on",0.5,431,230,0.61948351675743,0.0026381207234288,3.533,0.0487369088708577,0.392555555555556
"on",0.5,432,231,0.618374011504989,0.00264178879713464,3.716,0.0478082590106526,0.412888888888889
"on",0.5,433,232,0.617146784773227,0.00264619214180201,3.686,0.0500190554279655,0.409555555555556
"on",0.5,434,233,0.615986572034586,0.00264802756896274,3.528,0.0480366893480758,0.392
"on",0.5,435,234,0.615100246772038,0.00264463786013169,3.633,0.0475454684651605,0.403666666666667
"on",0.5,436,235,0.613605773958032,0.00264545754855881,3.579,0.0478544569402794,0.397666666666667
"on",0.5,437,236,0.61250883638916,0.00265115198896187,3.574,0.0482996569020617,0.397111111111111
"on",0.5,438,237,0.611390305242313,0.0026584994207119,3.698,0.0493886144291905,0.410888888888889
"on",0.5,439,238,0.610330873615384,0.00265837516760782,3.583,0.0499760803645965,0.398111111111111
"on",0.5,440,239,0.609234759085563,0.00266056045988871,3.596,0.0474450738753245,0.399555555555556
"on",0.5,441,240,0.607959772052147,0.00266583595065832,3.605,0.0498744670393826,0.400555555555556
"on",0.5,442,241,0.606553251042702,0.00266030839269059,3.567,0.0474316430324813,0.396333333333333
"on",0.5,443,242,0.60541748112396,0.00265202293057421,3.532,0.0483457683082326,0.392444444444444
"on",0.5,444,243,0.604448013753547,0.00264157719730752,3.582,0.047870320320294,0.398
"on",0.5,445,244,0.603247097980341,0.00263597646835985,3.68,0.0500610238219926,0.408888888888889
"on",0.5,446,245,0.602138386412365,0.00263357774436064,3.597,0.0496291653572177,0.399666666666667
"on",0.5,447,246,0.600906840495756,0.00264612900754101,3.621,0.0492319284893733,0.402333333333333
"on",0.5,448,247,0.599703592676296,0.00264952889687238,3.615,0.0480112495159213,0.401666666666667
"on",0.5,449,248,0.598429926141631,0.00265122474961407,3.539,0.0486708110457163,0.393222222222222
"on",0.5,450,249,0.597375278066101,0.0026481363168375,3.567,0.0471564919680706,0.396333333333333
"on",0.5,451,250,0.596139930984992,0.00265296877634604,3.574,0.0494870990559458,0.397111111111111
"on",0.5,452,251,0.595002942912599,0.00265584124747526,3.55,0.047113901554846,0.394444444444444
"on",0.5,453,252,0.593662184749768,0.00265347246292222,3.571,0.0498341493600768,0.396777777777778
"on",0.5,454,253,0.592567071775914,0.00265547558496955,3.576,0.0467590676811504,0.397333333333333
"on",0.5,455,254,0.591555563209086,0.00265624135527212,3.574,0.0482789276481455,0.397111111111111
"on",0.5,456,255,0.590910613298955,0.00265616595395225,3.581,0.0466220185385899,0.397888888888889
"on",0.5,457,256,0.590104946812899,0.00265399869408988,3.506,0.0467134471661658,0.389555555555556
"on",0.5,458,257,0.588766640011166,0.00265574343933605,3.474,0.0499180910674258,0.386
"on",0.5,459,258,0.587327816829715,0.00266251789649266,3.568,0.0481632193244563,0.396444444444444
"on",0.5,460,259,0.58646019950646,0.00266422035315365,3.525,0.0474723985978024,0.391666666666667
"on",0.5,461,260,0.584847920756431,0.00266067822380437,3.51,0.0495010136295241,0.39
"on",0.5,462,261,0.583750882822536,0.00266584303250119,3.513,0.0461948586421147,0.390333333333333
"on",0.5,463,262,0.58287904989268,0.00267074401292819,3.541,0.0489562632940434,0.393444444444444
"on",0.5,464,263,0.581791484363072,0.00267583523372626,3.542,0.0482759419024275,0.393555555555556
"on",0.5,465,264,0.580451932274678,0.00266655920363578,3.564,0.0480646878093909,0.396
"on",0.5,466,265,0.579028989979833,0.00266962062417235,3.47,0.0473428066483319,0.385555555555556
"on",0.5,467,266,0.578017050239454,0.00267092264136321,3.47,0.0489437993569716,0.385555555555556
"on",0.5,468,267,0.577041644840037,0.00267340270583089,3.429,0.0487784618283351,0.381
"on",0.5,469,268,0.576129810243526,0.00266637849991547,3.614,0.0485526658522614,0.401555555555556
"on",0.5,470,269,0.574965039093557,0.00266885664959715,3.474,0.0492315726718916,0.386
"on",0.5,471,270,0.573946885565819,0.00266731092013252,3.594,0.0483270059024919,0.399333333333333
"on",0.5,472,271,0.573101808388786,0.00266888594726327,3.497,0.0476052230039653,0.388555555555556
"on",0.5,473,272,0.571951274745192,0.00266491727544079,3.463,0.0484869258871088,0.384777777777778
"on",0.5,474,273,0.570930837656048,0.0026793376927002,3.472,0.0467696846622191,0.385777777777778
"on",0.5,475,274,0.56953084219889,0.0026817751185735,3.562,0.0480256438006035,0.395777777777778
"on",0.5,476,275,0.56836486522101,0.00267695371752092,3.544,0.0492187615293851,0.393777777777778
"on",0.5,477,276,0.567215907606769,0.00268039120124513,3.539,0.0494664120987757,0.393222222222222
"on",0.5,478,277,0.566256573882861,0.00269264170839084,3.51,0.0474990121597927,0.39
"on",0.5,479,278,0.565053185977533,0.00269662993863013,3.421,0.0480840001567161,0.380111111111111
"on",0.5,480,279,0.564101153703667,0.00269462376397733,3.443,0.047969282379999,0.382555555555556
"on",0.5,481,280,0.56299394379017,0.0026946461590349,3.374,0.0473113343963406,0.374888888888889
"on",0.5,482,281,0.562126808180422,0.00270815938637223,3.389,0.0478745336371122,0.376555555555556
"on",0.5,483,282,0.56102386323838,0.00271659473606523,3.467,0.0478665039688737,0.385222222222222
"on",0.5,484,283,0.559715415319417,0.00271942732651639,3.549,0.0496191602212398,0.394333333333333
"on",0.5,485,284,0.558779518759575,0.00272467934924463,3.536,0.0487347830515238,0.392888888888889
"on",0.5,486,285,0.557714455875659,0.00272147655956069,3.526,0.0478499071432079,0.391777777777778
"on",0.5,487,286,0.556598950025906,0.00272483539442379,3.441,0.0490196075251722,0.382333333333333
"on",0.5,488,287,0.555347116646361,0.00273606710472148,3.441,0.0482788758138572,0.382333333333333
"on",0.5,489,288,0.554230370169056,0.00273927390689852,3.508,0.0461526387768465,0.389777777777778
"on",0.5,490,289,0.552935707619062,0.00274436504038597,3.486,0.048146880710199,0.387333333333333
"on",0.5,491,290,0.551565963549877,0.00274372673988972,3.433,0.0467514352367568,0.381444444444444
"on",0.5,492,291,0.550569119510618,0.0027445913510646,3.51,0.0474146406518929,0.39
"on",0.5,493,292,0.549636348771251,0.00274339656504401,3.485,0.0476449897160766,0.387222222222222
"on",0.5,494,293,0.548394334209696,0.00274224112714034,3.539,0.0498694893293078,0.393222222222222
"on",0.5,495,294,0.547084617971483,0.00273457125416222,3.49,0.04785593160926,0.387777777777778
"on",0.5,496,295,0.546265544160001,0.0027267671779131,3.54,0.0482361558037821,0.393333333333333
"on",0.5,497,296,0.545327695910258,0.00273587343626279,3.5,0.0475211348586948,0.388888888888889
"on",0.5,498,297,0.544218042884062,0.0027400206913823,3.549,0.0490510448920817,0.394333333333333
"on",0.5,499,298,0.543548353733651,0.00274725847411312,3.508,0.0475625714001904,0.389777777777778
"on",0.5,500,299,0.542447436742414,0.00275183117128908,3.454,0.0494198980808979,0.383777777777778
"on",0.5,501,300,0.541015234818383,0.0027574043892663,3.552,0.0492719364722326,0.394666666666667
"on",0.5,502,301,0.540044472517863,0.0027519211137078,3.429,0.0479923146166369,0.381
"on",0.5,503,302,0.538839033994875,0.00275737768970364,3.47,0.0487388497553591,0.385555555555556
"on",0.5,504,303,0.537786103740726,0.00276190494481795,3.376,0.0481554040886686,0.375111111111111
"on",0.5,505,304,0.536821905743472,0.00276477362082101,3.449,0.0479342956211593,0.383222222222222
"on",0.5,506,305,0.535810188259049,0.00276318722023107,3.47,0.0502356807819265,0.385555555555556
"on",0.5,507,306,0.534811500362373,0.00276716268911806,3.489,0.0484378490978411,0.387666666666667
"on",0.5,508,307,0.533758103975223,0.00276770963902404,3.438,0.0469506161872274,0.382
"on",0.5,509,308,0.532601364564367,0.00277519265432081,3.426,0.047357858553431,0.380666666666667
"on",0.5,510,309,0.531597640234145,0.00278492396279886,3.434,0.0469877840704567,0.381555555555556
"on",0.5,511,310,0.53040208891365,0.00277819916601154,3.389,0.0488883326476684,0.376555555555556
"on",0.5,512,311,0.529404813584115,0.00277236509564523,3.428,0.045616848826907,0.380888888888889
"on",0.5,513,312,0.528278732323287,0.00277165710493046,3.424,0.0483379825867872,0.380444444444444
"on",0.5,514,313,0.527097121045434,0.00277084305405224,3.408,0.0477474168496665,0.378666666666667
"on",0.5,515,314,0.52599452583124,0.0027658857298962,3.416,0.0488603247157788,0.379555555555556
"on",0.5,516,315,0.525126967113394,0.00276547777590007,3.407,0.048473711439302,0.378555555555556
"on",0.5,517,316,0.524169221168729,0.00277516256790448,3.407,0.0479337944319941,0.378555555555556
"on",0.5,518,317,0.523209058728309,0.00277749766557679,3.428,0.048879496777332,0.380888888888889
"on",0.5,519,318,0.522073703457238,0.00277045026867206,3.421,0.0485192035498638,0.380111111111111
"on",0.5,520,319,0.521499160975016,0.00276556704960483,3.441,0.0488149762050736,0.382333333333333
"on",0.5,521,320,0.520439342847625,0.00277003555820019,3.365,0.0449198485392906,0.373888888888889
"on",0.5,522,321,0.519310378927555,0.00276612249522098,3.426,0.0480503156371823,0.380666666666667
"on",0.5,523,322,0.518432091493819,0.00275460138637408,3.383,0.0480480969406659,0.375888888888889
"on",0.5,524,323,0.517378261109003,0.00275782365725414,3.391,0.0462412938536245,0.376777777777778
"on",0.5,525,324,0.516421814191206,0.00275840844035213,3.47,0.0490051170950698,0.385555555555556
"on",0.5,526,325,0.515109115553249,0.00275256852030591,3.458,0.0485241238003385,0.384222222222222
"on",0.5,527,326,0.513895497269109,0.00275287617458398,3.3,0.0468635913710868,0.366666666666667
"on",0.5,528,327,0.513032267907132,0.00275642083546656,3.355,0.0470870703292549,0.372777777777778
"on",0.5,529,328,0.512291292125314,0.00275350470904015,3.444,0.047991323873875,0.382666666666667
"on",0.5,530,329,0.510914095825277,0.00274732459452098,3.451,0.0479572611697009,0.383444444444444
"on",0.5,531,330,0.509678180729863,0.0027439763637315,3.376,0.0470195154678867,0.375111111111111
"on",0.5,532,331,0.50894564217918,0.0027334182488186,3.38,0.0479155078851917,0.375555555555556
"on",0.5,533,332,0.507609464403421,0.00273216470335179,3.362,0.0475312025433317,0.373555555555556
"on",0.5,534,333,0.50662639666778,0.00273001923151503,3.441,0.0468050179971091,0.382333333333333
"on",0.5,535,334,0.505436056258398,0.00273068552427688,3.357,0.0460833448729003,0.373
"on",0.5,536,335,0.50460462133859,0.00273524552887525,3.463,0.0481970326260233,0.384777777777778
"on",0.5,537,336,0.503527736743264,0.00274356939973781,3.398,0.0469872727853384,0.377555555555556
"on",0.5,538,337,0.502613063267995,0.00274034068138049,3.32,0.0480406901273067,0.368888888888889
"on",0.5,539,338,0.501379600919871,0.00274985960686918,3.374,0.0477326136137799,0.374888888888889
"on",0.5,540,339,0.500464377697297,0.00275547488959438,3.436,0.0485000644974443,0.381777777777778
"on",0.5,541,340,0.499298867787188,0.00276459685277491,3.436,0.046712804305523,0.381777777777778
"on",0.5,542,341,0.498296534543518,0.00277399302773593,3.424,0.0464583941003385,0.380444444444444
"on",0.5,543,342,0.497273618788735,0.00277382339858112,3.348,0.0483656410609354,0.372
"on",0.5,544,343,0.496364421104664,0.00277888423929476,3.371,0.0480173371259243,0.374555555555556
"on",0.5,545,344,0.495465140060904,0.00277720732517744,3.334,0.0487526493723246,0.370444444444444
"on",0.5,546,345,0.494521967903691,0.00277315986114427,3.3,0.0470341600564123,0.366666666666667
"on",0.5,547,346,0.493638961713847,0.00277927820660988,3.374,0.0477116379974572,0.374888888888889
"on",0.5,548,347,0.492918251289043,0.00277918812945155,3.447,0.0473226207054344,0.383
"on",0.5,549,348,0.492142911384669,0.00278470146785402,3.417,0.0480564295429906,0.379666666666667
"on",0.5,550,349,0.491382406584545,0.00277132905086403,3.352,0.0469925983991555,0.372444444444444
"on",0.5,551,350,0.49057054714469,0.00277346423638691,3.406,0.0473434832411537,0.378444444444444
"on",0.5,552,351,0.489739651138146,0.00277967419159404,3.378,0.0473641146793579,0.375333333333333
"on",0.5,553,352,0.48874531790235,0.0027844313364215,3.344,0.0455822524864858,0.371555555555556
"on",0.5,554,353,0.488037767751831,0.0027801602515798,3.293,0.0474911192372471,0.365888888888889
"on",0.5,555,354,0.486881925348922,0.00277052322114995,3.334,0.0483609634186787,0.370444444444444
"on",0.5,556,355,0.48583213186372,0.00277013123276823,3.303,0.0470255505273719,0.367
"on",0.5,557,356,0.484832013794383,0.00276899337147169,3.306,0.0471230791076366,0.367333333333333
"on",0.5,558,357,0.48342499218579,0.0027684831571234,3.35,0.047767999558091,0.372222222222222
"on",0.5,559,358,0.482883310009147,0.0027853933734702,3.391,0.0499861742646665,0.376777777777778
"on",0.5,560,359,0.481856518154695,0.00279265994525589,3.432,0.0477667003011265,0.381333333333333
"on",0.5,561,360,0.480774687681229,0.00279472613039984,3.341,0.0513357025310297,0.371222222222222
"on",0.5,562,361,0.47979181367895,0.00279401943362621,3.32,0.0496191703080781,0.368888888888889
"on",0.5,563,362,0.479021650134431,0.00279900131017965,3.301,0.0462659652394668,0.366777777777778
"on",0.5,564,363,0.478035334598136,0.00279944460921596,3.341,0.0467215357399768,0.371222222222222
"on",0.5,565,364,0.477353309538452,0.00280552418577336,3.371,0.0476826240116107,0.374555555555556
"on",0.5,566,365,0.476544533500069,0.00281761055262921,3.406,0.0499164868120308,0.378444444444444
"on",0.5,567,366,0.475552595951779,0.00281193028686403,3.318,0.048220340119095,0.368666666666667
"on",0.5,568,367,0.47458725156191,0.00282217201573571,3.335,0.046893218848507,0.370555555555556
"on",0.5,569,368,0.473983052518361,0.00281159361347204,3.346,0.0482971698613553,0.371777777777778
"on",0.5,570,369,0.473263928708171,0.00281702036119137,3.28,0.048661771114171,0.364444444444444
"on",0.5,571,370,0.471952914146909,0.00282410145404307,3.35,0.0501000000999003,0.372222222222222
"on",0.5,572,371,0.471190714593883,0.00281941714407853,3.403,0.0474641321825634,0.378111111111111
"on",0.5,573,372,0.470190246633817,0.00281594952857746,3.372,0.0483109713207047,0.374666666666667
"on",0.5,574,373,0.469208306252649,0.00281365636333177,3.294,0.0471358227443395,0.366
"on",0.5,575,374,0.468551464907195,0.00281186002236024,3.272,0.048850817827365,0.363555555555556
"on",0.5,576,375,0.467529022079342,0.00281509212884266,3.333,0.0460024697948625,0.370333333333333
"on",0.5,577,376,0.466363161256031,0.00281717440086748,3.359,0.0483161821075864,0.373222222222222
"on",0.5,578,377,0.465722392560034,0.00282125925107466,3.406,0.0472164525710412,0.378444444444444
"on",0.5,579,378,0.464953717842869,0.00282629529467411,3.258,0.0466434519692915,0.362
"on",0.5,580,379,0.463751450595703,0.002830080704924,3.276,0.0480013346494462,0.364
"on",0.5,581,380,0.462844056166803,0.00282553638076056,3.297,0.0471700754294078,0.366333333333333
"on",0.5,582,381,0.461759053319181,0.00282061376683052,3.305,0.0495825920402859,0.367222222222222
"on",0.5,583,382,0.461002402718672,0.00281982157209663,3.334,0.0463960838497884,0.370444444444444
"on",0.5,584,383,0.460441124669077,0.00281705111593283,3.294,0.0469656232767093,0.366
"on",0.5,585,384,0.459892980541203,0.00281723698344892,3.295,0.0475419313368234,0.366111111111111
"on",0.5,586,385,0.458673255018327,0.00281958664806174,3.377,0.0489619062973274,0.375222222222222
"on",0.5,587,386,0.45763485475034,0.00281948059542159,3.317,0.0457668614349463,0.368555555555556
"on",0.5,588,387,0.456561638957207,0.00281952793606431,3.364,0.0460393703651954,0.373777777777778
"on",0.5,589,388,0.455507152167906,0.00282257518514346,3.356,0.0485965598126618,0.372888888888889
"on",0.5,590,389,0.454696165033998,0.0028213084162296,3.302,0.0494088781216215,0.366888888888889
"on",0.5,591,390,0.45377189554451,0.00282543672697887,3.303,0.047764761827863,0.367
"on",0.5,592,391,0.452805260719415,0.00282322159126839,3.253,0.0478673404554953,0.361444444444444
"on",0.5,593,392,0.451866950269634,0.002821095252901,3.303,0.0470468320336705,0.367
"on",0.5,594,393,0.451220589986301,0.00281835356511085,3.225,0.0457653741323008,0.358333333333333
"on",0.5,595,394,0.450404128287673,0.00282289287933318,3.262,0.0467711828324187,0.362444444444444
"on",0.5,596,395,0.4494332642785,0.00282744196020312,3.297,0.0475926050564166,0.366333333333333
"on",0.5,597,396,0.448622709042515,0.00282992811798518,3.366,0.0479619051367264,0.374
"on",0.5,598,397,0.44794502541731,0.00283499512405868,3.292,0.0496507925536059,0.365777777777778
"on",0.5,599,398,0.446954301867312,0.00283830711892178,3.311,0.0491191580922525,0.367888888888889
"on",0.5,600,399,0.445863197120788,0.00283757242046086,3.368,0.0478002182093435,0.374222222222222
"on",0.5,601,400,0.444865383076722,0.00283727168121672,3.315,0.0483540392636759,0.368333333333333
"on",0.5,602,401,0.444044595042797,0.00283103194658176,3.261,0.0506897272477219,0.362333333333333
"on",0.5,603,402,0.443213713796169,0.00283161750563402,3.27,0.0481395618739662,0.363333333333333
"on",0.5,604,403,0.442370571055319,0.00283621018861055,3.179,0.0465738996448455,0.353222222222222
"on",0.5,605,404,0.441319998409871,0.00283921674745236,3.259,0.0479814674767374,0.362111111111111
"on",0.5,606,405,0.440223693643377,0.00284363325849047,3.274,0.0468093485867422,0.363777777777778
"on",0.5,607,406,0.439699254066392,0.00284900108675663,3.252,0.0462020630560004,0.361333333333333
"on",0.5,608,407,0.4388415181413,0.00285696366943748,3.265,0.0484264402999034,0.362777777777778
"on",0.5,609,408,0.43781932875877,0.00285844489621882,3.265,0.0481985279660914,0.362777777777778
"on",0.5,610,409,0.437000149203618,0.00286727960851285,3.247,0.0481696098314209,0.360777777777778
"on",0.5,611,410,0.436204680291986,0.0028676186641845,3.232,0.0481923074618606,0.359111111111111
"on",0.5,612,411,0.435468597563714,0.00287187127253171,3.186,0.0480178061734363,0.354
"on",0.5,613,412,0.434821089791352,0.00288172926794119,3.281,0.0473738670923462,0.364555555555556
"on",0.5,614,413,0.433986807166445,0.00287854569191824,3.211,0.0470605322291801,0.356777777777778
"on",0.5,615,414,0.432979553592836,0.00286917799082836,3.295,0.0467349885969725,0.366111111111111
"on",0.5,616,415,0.431944026210985,0.00286868497290653,3.226,0.0467237317335323,0.358444444444444
"on",0.5,617,416,0.431068254190734,0.00286953161521597,3.222,0.0466357254783378,0.358
"on",0.5,618,417,0.430131760534003,0.00287310397429826,3.256,0.0478199827556508,0.361777777777778
"on",0.5,619,418,0.429213977707027,0.00286990053997069,3.301,0.0479238530973429,0.366777777777778
"on",0.5,620,419,0.428258043397542,0.00286823175005524,3.284,0.0483909669844043,0.364888888888889
"on",0.5,621,420,0.427338199422614,0.00286230506888542,3.242,0.0446926552515448,0.360222222222222
"on",0.5,622,421,0.426492889824199,0.00286409206558293,3.22,0.0480823451166008,0.357777777777778
"on",0.5,623,422,0.425795306621982,0.00286432296340238,3.221,0.0470358519787979,0.357888888888889
"on",0.5,624,423,0.424837822718007,0.0028727077827404,3.143,0.0497898587066689,0.349222222222222
"on",0.5,625,424,0.423925099534737,0.00286943234013186,3.236,0.0473555334311265,0.359555555555556
"on",0.5,626,425,0.423064891237526,0.00286475027834841,3.183,0.0467514352367567,0.353666666666667
"on",0.5,627,426,0.422408676757364,0.00286770936355193,3.176,0.0482426300210857,0.352888888888889
"on",0.5,628,427,0.421398936441098,0.00286998683242514,3.243,0.0485418098890772,0.360333333333333
"on",0.5,629,428,0.420629213736777,0.00286692395518602,3.196,0.0481445936933932,0.355111111111111
"on",0.5,630,429,0.419656917737084,0.00286529699009989,3.197,0.0486472769798837,0.355222222222222
"on",0.5,631,430,0.419053680002996,0.00286044396209602,3.201,0.0464193252186388,0.355666666666667
"on",0.5,632,431,0.417876252923827,0.00286243811811399,3.262,0.04900773161204,0.362444444444444
"on",0.5,633,432,0.417085401787028,0.00286223063139827,3.222,0.0468498763169222,0.358
"on",0.5,634,433,0.416171466951523,0.00286262765168351,3.283,0.0484898160675236,0.364777777777778
"on",0.5,635,434,0.415129743574498,0.00286374152381855,3.305,0.048911832590564,0.367222222222222
"on",0.5,636,435,0.41427965894704,0.00286176221644394,3.168,0.0493377158998083,0.352
"on",0.5,637,436,0.413374920364131,0.00286505778284143,3.207,0.0480464302467877,0.356333333333333
"on",0.5,638,437,0.412720568081205,0.00287534395919899,3.199,0.0473882331876241,0.355444444444444
"on",0.5,639,438,0.412010346776913,0.00287397903595518,3.284,0.0459069869567964,0.364888888888889
"on",0.5,640,439,0.411178165500764,0.00287642927043168,3.28,0.0472210740012321,0.364444444444444
"on",0.5,641,440,0.410296199198527,0.0028697140914975,3.099,0.0478904217197186,0.344333333333333
"on",0.5,642,441,0.409131320146534,0.00287034777491123,3.141,0.0465971060291334,0.349
"on",0.5,643,442,0.408538639818942,0.0028784827618612,3.282,0.0474629195133288,0.364666666666667
"on",0.5,644,443,0.40775106483773,0.00288001115051452,3.319,0.0482033459685378,0.368777777777778
"on",0.5,645,444,0.407019858161477,0.00288233829833184,3.149,0.0478025531126119,0.349888888888889
"on",0.5,646,445,0.406169541996446,0.00288618038991217,3.247,0.0478777953051651,0.360777777777778
"on",0.5,647,446,0.405237323163264,0.00288061684588108,3.242,0.0456894246355055,0.360222222222222
"on",0.5,648,447,0.404437333823284,0.00286850487528975,3.246,0.0485369945488989,0.360666666666667
"on",0.5,649,448,0.40408546812942,0.00287666783408722,3.176,0.0484703349830943,0.352888888888889
"on",0.5,650,449,0.403482121066927,0.00287293954089615,3.133,0.0464916387372233,0.348111111111111
"on",0.5,651,450,0.402623104940565,0.00286569378300574,3.196,0.0478107714837345,0.355111111111111
"on",0.5,652,451,0.401624697045649,0.00286836743495572,3.185,0.0476344837701015,0.353888888888889
"on",0.5,653,452,0.400710224669215,0.00287157720026068,3.1,0.0477313133936023,0.344444444444444
"on",0.5,654,453,0.400159679162103,0.00287928856724128,3.119,0.0472130074033422,0.346555555555556
"on",0.5,655,454,0.399597542506512,0.00288025942494508,3.208,0.0460527616637358,0.356444444444444
"on",0.5,656,455,0.398577779517412,0.00288068432937446,3.255,0.0486244726381618,0.361666666666667
"on",0.5,657,456,0.397806856443817,0.00287712789018178,3.169,0.0468255446485317,0.352111111111111
"on",0.5,658,457,0.397152251859307,0.00287579311332189,3.22,0.0474958509330642,0.357777777777778
"on",0.5,659,458,0.396327341361255,0.00287222871931807,3.15,0.0467727237574175,0.35
"on",0.5,660,459,0.395674449109922,0.00286399838534357,3.226,0.0472351051142594,0.358444444444444
"on",0.5,661,460,0.395145195997923,0.00285992232200213,3.129,0.0468887785888857,0.347666666666667
"on",0.5,662,461,0.394495719869096,0.0028670055740546,3.22,0.0476011120234167,0.357777777777778
"on",0.5,663,462,0.393946806049171,0.00286834972550651,3.18,0.0477271188935377,0.353333333333333
"on",0.5,664,463,0.392901593042223,0.00286567599863856,3.143,0.0493455771674221,0.349222222222222
"on",0.5,665,464,0.392547501882842,0.00286104492357239,3.155,0.0453324390478832,0.350555555555556
"on",0.5,666,465,0.391394032734918,0.0028603348590145,3.209,0.0488231779250667,0.356555555555556
"on",0.5,667,466,0.390757372534866,0.00286563035945148,3.154,0.0489559054729935,0.350444444444444
"on",0.5,668,467,0.389861637478043,0.00287030251345548,3.233,0.0471904432903308,0.359222222222222
"on",0.5,669,468,0.389111871006169,0.00286558563380578,3.16,0.0462443352048502,0.351111111111111
"on",0.5,670,469,0.388096454113489,0.00287080287083534,3.211,0.0475261794986483,0.356777777777778
"on",0.5,671,470,0.387517429725688,0.0028737316404628,3.137,0.048296620622602,0.348555555555556
"on",0.5,672,471,0.386792890215087,0.00287902179337052,3.18,0.047915507885192,0.353333333333333
"on",0.5,673,472,0.386254926039747,0.00287994704561094,3.112,0.0483093136961166,0.345777777777778
"on",0.5,674,473,0.385583816458059,0.00287843450306858,3.179,0.0476364170381048,0.353222222222222
"on",0.5,675,474,0.384796967652286,0.00288845631820263,3.201,0.048030260314784,0.355666666666667
"on",0.5,676,475,0.384077334361027,0.002892057160064,3.19,0.0463902150464087,0.354444444444444
"on",0.5,677,476,0.383399826164728,0.00289026624259125,3.265,0.0465504236494355,0.362777777777778
"on",0.5,678,477,0.383044301150995,0.00289876392397888,3.22,0.0471574365696846,0.357777777777778
"on",0.5,679,478,0.382222608242919,0.00289581908486101,3.169,0.0472299658021226,0.352111111111111
"on",0.5,680,479,0.381314923619479,0.0029037132566686,3.209,0.0467065359505553,0.356555555555556
"on",0.5,681,480,0.38047723328865,0.00291087243436186,3.259,0.0478561303200458,0.362111111111111
"on",0.5,682,481,0.379922950162274,0.00291824231308633,3.115,0.0469678717953131,0.346111111111111
"on",0.5,683,482,0.379160743278294,0.0029169281172107,3.198,0.047445200463767,0.355333333333333
"on",0.5,684,483,0.3784057958103,0.00291551086575977,3.059,0.047914661793806,0.339888888888889
"on",0.5,685,484,0.377789325208495,0.00290938783106173,3.167,0.0474485232895857,0.351888888888889
"on",0.5,686,485,0.377166922626419,0.00291007686542149,3.134,0.047395044997239,0.348222222222222
"on",0.5,687,486,0.376549460364414,0.00291191726722751,3.092,0.0481440946934705,0.343555555555556
"on",0.5,688,487,0.375688880208181,0.00290940514602015,3.135,0.0472758924824272,0.348333333333333
"on",0.5,689,488,0.374682801740422,0.00291540355086252,3.13,0.048882404702403,0.347777777777778
"on",0.5,690,489,0.37420025718795,0.00291772632615894,3.12,0.0475169218053723,0.346666666666667
"on",0.5,691,490,0.373433564329159,0.00291715651050113,3.055,0.047793924920007,0.339444444444444
"on",0.5,692,491,0.37282546771627,0.00290777162276629,3.126,0.0483162339018519,0.347333333333333
"on",0.5,693,492,0.371850682104034,0.00290692507156372,3.08,0.045449594779994,0.342222222222222
"on",0.5,694,493,0.371193465923564,0.00291173318342087,3.137,0.0464153572148849,0.348555555555556
"on",0.5,695,494,0.370234446032155,0.00290777135583596,3.188,0.048155736677731,0.354222222222222
"on",0.5,696,495,0.369421545649274,0.00289955666516676,3.181,0.0477128443452653,0.353444444444444
"on",0.5,697,496,0.368420999849283,0.00290604327229552,3.158,0.0478887181842374,0.350888888888889
"on",0.5,698,497,0.367655564610357,0.00290986156125003,3.192,0.0461005559756196,0.354666666666667
"on",0.5,699,498,0.366831880525808,0.00290783353764622,3.151,0.0500270097217664,0.350111111111111
"on",0.5,700,499,0.36589925589296,0.00289680316413085,3.082,0.0476817527944346,0.342444444444444
"on",0.5,701,500,0.365028745677977,0.00290254236041443,3.16,0.0465893825948636,0.351111111111111
"on",0.5,702,501,0.364085673752104,0.00290824716721209,3.091,0.0490216495246959,0.343444444444444
"on",0.5,703,502,0.363233986523981,0.00291291415458668,3.056,0.0478032336683319,0.339555555555556
"on",0.5,704,503,0.362455855723924,0.00290757164857691,3.11,0.0484380660869757,0.345555555555556
"on",0.5,705,504,0.361571928729863,0.00291866771498095,3.132,0.0468483806632712,0.348
"on",0.5,706,505,0.360833317757542,0.00290973735637895,3.112,0.04806002253189,0.345777777777778
"on",0.5,707,506,0.360215950088851,0.00290973433505329,3.068,0.0484533148889085,0.340888888888889
"on",0.5,708,507,0.359587296122612,0.0028958727143624,3.107,0.0471356847067355,0.345222222222222
"on",0.5,709,508,0.358916165058631,0.00289449716251908,3.047,0.0480114163100413,0.338555555555556
"on",0.5,710,509,0.358192781916185,0.00289350465507618,3.121,0.047059255981938,0.346777777777778
"on",0.5,711,510,0.357620930292818,0.00289310606764785,3.126,0.0474170050970362,0.347333333333333
"on",0.5,712,511,0.356953915771963,0.00289935183559997,3.17,0.0480563149795052,0.352222222222222
"on",0.5,713,512,0.356297911863006,0.00289399906204396,3.077,0.0486357526562137,0.341888888888889
"on",0.5,714,513,0.355601582348217,0.00289996440450765,3.078,0.0480231425692056,0.342
"on",0.5,715,514,0.354944447597701,0.00290190333083706,3.129,0.047588061776286,0.347666666666667
"on",0.5,716,515,0.354004792452706,0.0028977073591165,3.103,0.0494250324616366,0.344777777777778
"on",0.5,717,516,0.353425318967447,0.00290166567532041,3.022,0.0485579434683335,0.335777777777778
"on",0.5,718,517,0.35305137359003,0.00290394756385106,3.045,0.0463154414868316,0.338333333333333
"on",0.5,719,518,0.352366443816166,0.00289589545052425,3.087,0.0467291623572969,0.343
"on",0.5,720,519,0.351546403171379,0.00288892538565555,3.13,0.0483677520610527,0.347777777777778
"on",0.5,721,520,0.350696240720062,0.00288651115108346,3.088,0.0471643984428984,0.343111111111111
"on",0.5,722,521,0.349837505277865,0.00289796913663237,3.093,0.0469526948700026,0.343666666666667
"on",0.5,723,522,0.34916345638284,0.00289178323003445,3.162,0.0497013704662782,0.351333333333333
"on",0.5,724,523,0.348504275234112,0.00288381225155001,3.05,0.047156375218243,0.338888888888889
"on",0.5,725,524,0.347820742363966,0.00288449248658522,3.11,0.0466913276752767,0.345555555555556
"on",0.5,726,525,0.347167640736556,0.0028826660850403,3.093,0.0464813028164178,0.343666666666667
"on",0.5,727,526,0.346523424083258,0.0028825510696065,3.091,0.0481356005056137,0.343444444444444
"on",0.5,728,527,0.346285112533352,0.0028897610562748,3.087,0.0458861257520892,0.343
"on",0.5,729,528,0.345665775867669,0.00289572529735032,3.043,0.0475121922079839,0.338111111111111
"on",0.5,730,529,0.344864036203476,0.00290270769912154,3.028,0.0472381990284076,0.336444444444444
"on",0.5,731,530,0.344129233965349,0.00289904117105929,3.038,0.0466769186508142,0.337555555555556
"on",0.5,732,531,0.343451136074403,0.00290042997945307,3.028,0.0475128769227194,0.336444444444444
"on",0.5,733,532,0.342717962435343,0.00290784885821107,3.141,0.0487595785102426,0.349
"on",0.5,734,533,0.342150236408554,0.00290826357505173,3.204,0.0482152331603687,0.356
"on",0.5,735,534,0.341355651483299,0.00290665391449115,3.054,0.0491069801097104,0.339333333333333
"on",0.5,736,535,0.340848175504999,0.00291010118992623,3.039,0.0467082504560026,0.337666666666667
"on",0.5,737,536,0.339966757462562,0.00290982004364731,3.118,0.0480456489641299,0.346444444444444
"on",0.5,738,537,0.339326209152889,0.00290273460851254,3.2,0.0469915759281194,0.355555555555556
"on",0.5,739,538,0.338831361313485,0.00289529295030781,3.078,0.046605665836764,0.342
"on",0.5,740,539,0.338407670856665,0.00289869926302305,3.061,0.0466203008618827,0.340111111111111
"on",0.5,741,540,0.337772389088414,0.00289714928362242,3.111,0.0483840885004564,0.345666666666667
"on",0.5,742,541,0.337326440331932,0.0028935704368128,3.078,0.0485414490129033,0.342
"on",0.5,743,542,0.336958560502248,0.00289101109587242,3.158,0.0479513851242622,0.350888888888889
"on",0.5,744,543,0.336220539829943,0.00289377235039262,3.1,0.0473311761975153,0.344444444444444
"on",0.5,745,544,0.335552832133053,0.00288439472173204,3.072,0.0471066347241562,0.341333333333333
"on",0.5,746,545,0.335035680042658,0.00288261451852121,3.058,0.0464197241567716,0.339777777777778
"on",0.5,747,546,0.334130530890174,0.00287230235083514,2.966,0.0468726043765552,0.329555555555556
"on",0.5,748,547,0.333344698341155,0.00287552972566302,3.017,0.0462260516142991,0.335222222222222
"on",0.5,749,548,0.332338496947957,0.00288074041702906,3.093,0.0477140191938139,0.343666666666667
"on",0.5,750,549,0.331956202801657,0.0028812759582689,3.061,0.0471327964426101,0.340111111111111
"on",0.5,751,550,0.331281066804134,0.00287947816377673,3.034,0.0478867114880229,0.337111111111111
"on",0.5,752,551,0.330796442419778,0.00289865877398519,2.98,0.0458224802875148,0.331111111111111
"on",0.5,753,552,0.330276793639436,0.00290393266455805,3.116,0.0489994382105036,0.346222222222222
"on",0.5,754,553,0.329731562693324,0.00290366335993656,3.114,0.0480344804417755,0.346
"on",0.5,755,554,0.329358649019236,0.00290556258154446,3.001,0.0463804932072758,0.333444444444444
"on",0.5,756,555,0.328555782546012,0.00289489169219662,3.022,0.048968499200138,0.335777777777778
"on",0.5,757,556,0.327822497212502,0.0029009803698124,3.021,0.0478209770482144,0.335666666666667
"on",0.5,758,557,0.327081776704553,0.00289917820190002,2.992,0.0476256674935292,0.332444444444444
"on",0.5,759,558,0.326084753922931,0.00289877015228269,3.045,0.0487991429879291,0.338333333333333
"on",0.5,760,559,0.32557430435436,0.00290405160793803,3.134,0.0460886989203229,0.348222222222222
"on",0.5,761,560,0.324886147188834,0.0029085763105515,3.041,0.0473873882437571,0.337888888888889
"on",0.5,762,561,0.32441676502447,0.00290488750345534,3.084,0.0479921581849289,0.342666666666667
"on",0.5,763,562,0.323668731461958,0.00289813844139393,3.08,0.0465162741818791,0.342222222222222
"on",0.5,764,563,0.323308725570475,0.00289026846957493,2.984,0.0465823347838419,0.331555555555556
"on",0.5,765,564,0.322603774037481,0.00288579873335128,2.904,0.0461618339639456,0.322666666666667
"on",0.5,766,565,0.321818520733621,0.0028785011604386,2.923,0.0465965904572664,0.324777777777778
"on",0.5,767,566,0.32116383941414,0.00287170797803716,3.072,0.0471278796153303,0.341333333333333
"on",0.5,768,567,0.320528739860858,0.00286677383665199,3.116,0.0463539932766606,0.346222222222222
"on",0.5,769,568,0.319948582023605,0.0028607535187696,3.132,0.046440636652965,0.348
"on",0.5,770,569,0.319563530177307,0.00285820171111703,3.011,0.0466374747821327,0.334555555555556
"on",0.5,771,570,0.318764757231284,0.00286662527267313,3.036,0.0478434216271472,0.337333333333333
"on",0.5,772,571,0.318287549442236,0.00287144313197794,3.032,0.0470232621921021,0.336888888888889
"on",0.5,773,572,0.317490004986348,0.00286951745979006,3.028,0.0465766613808396,0.336444444444444
"on",0.5,774,573,0.316616405045356,0.00286974434196868,3.054,0.0468110593265659,0.339333333333333
"on",0.5,775,574,0.315965885993194,0.00286552117955004,3.018,0.0464524900714035,0.335333333333333
"on",0.5,776,575,0.315210887963393,0.00286325206746574,2.996,0.0467136614510805,0.332888888888889
"on",0.5,777,576,0.314717398375915,0.00286277923389662,2.995,0.0473626246973099,0.332777777777778
"on",0.5,778,577,0.314117679488054,0.00286559802872182,3.046,0.046926390081553,0.338444444444444
"on",0.5,779,578,0.313410596675972,0.00286192091886395,3.074,0.0479251585372528,0.341555555555556
"on",0.5,780,579,0.312857859413209,0.0028666412037364,3.034,0.0471069322187624,0.337111111111111
"on",0.5,781,580,0.312603246277737,0.00287264309444597,3.08,0.0477899977388981,0.342222222222222
"on",0.5,782,581,0.311944318521232,0.0028785178909317,3.023,0.0464179450818929,0.335888888888889
"on",0.5,783,582,0.311157152216958,0.00288140544693411,3,0.0454760164050026,0.333333333333333
"on",0.5,784,583,0.310686114555591,0.00287578244906639,3.069,0.0473125509508574,0.341
"on",0.5,785,584,0.309871505104199,0.00287151319348977,2.883,0.0475980732443718,0.320333333333333
"on",0.5,786,585,0.309187114566318,0.00287493462402366,2.979,0.0468909133815685,0.331
"on",0.5,787,586,0.308616195725825,0.00287702388596218,3.035,0.0474555268333102,0.337222222222222
"on",0.5,788,587,0.308033546079459,0.00288162243108892,3.097,0.0481446664637829,0.344111111111111
"on",0.5,789,588,0.307568307445636,0.00287160983551034,3.076,0.0468232465386203,0.341777777777778
"on",0.5,790,589,0.307152768599992,0.00286986211433142,3.033,0.0471607372200131,0.337
"on",0.5,791,590,0.306715836032103,0.00287385561568936,2.986,0.0457809993326913,0.331777777777778
"on",0.5,792,591,0.306034526733002,0.00287413970970786,3.011,0.0475093268331192,0.334555555555556
"on",0.5,793,592,0.305347433018543,0.00287670201453856,3.044,0.048439760635354,0.338222222222222
"on",0.5,794,593,0.304531664550825,0.00287976503505434,2.998,0.0475421524150543,0.333111111111111
"on",0.5,795,594,0.303518249045896,0.00287557636578164,2.997,0.0480135011876483,0.333
"on",0.5,796,595,0.302809688155826,0.00287726853636072,2.996,0.0485833751847723,0.332888888888889
"on",0.5,797,596,0.302061330735114,0.00288206296101193,3.115,0.0469038908298125,0.346111111111111
"on",0.5,798,597,0.301337024507322,0.00289100424643171,3.005,0.047510338161628,0.333888888888889
"on",0.5,799,598,0.300781987516434,0.00288507368358874,2.918,0.0462105119146222,0.324222222222222
"on",0.5,800,599,0.299931117740692,0.00288597787166502,2.983,0.0464851790560375,0.331444444444444
"on",0.5,801,600,0.299345701818456,0.00288667588820641,3.056,0.0471708499932859,0.339555555555556
"on",0.5,802,601,0.298538004443075,0.00289127740356123,3.08,0.0461706804339261,0.342222222222222
"on",0.5,803,602,0.298054951817426,0.00289394250269091,2.969,0.0470558524867338,0.329888888888889
"on",0.5,804,603,0.297453605734475,0.00290121600856119,2.925,0.0470487894487051,0.325
"on",0.5,805,604,0.29673666138113,0.00289085713511304,3.004,0.0479821454948223,0.333777777777778
"on",0.5,806,605,0.296118708615621,0.00289459702110029,3.055,0.0472250484934131,0.339444444444444
"on",0.5,807,606,0.295870111102545,0.00288828331358942,3.032,0.0467028602674092,0.336888888888889
"on",0.5,808,607,0.295351969275784,0.00289248429480631,2.964,0.0459653871605234,0.329333333333333
"on",0.5,809,608,0.294963174694255,0.00288633736041878,3.006,0.0470975814897345,0.334
"on",0.5,810,609,0.293953734950233,0.00288149534617525,2.971,0.0465653017527789,0.330111111111111
"on",0.5,811,610,0.293527830941145,0.00288010501473109,2.994,0.0459355426012807,0.332666666666667
"on",0.5,812,611,0.292974986095255,0.00288840771995169,2.963,0.0460407509794394,0.329222222222222
"on",0.5,813,612,0.29249218332931,0.00289505194979607,2.908,0.0476214636881712,0.323111111111111
"on",0.5,814,613,0.291988653831054,0.00289543773797938,2.945,0.047940309482452,0.327222222222222
"on",0.5,815,614,0.291277515596606,0.00289629365904639,3.048,0.0470309250165033,0.338666666666667
"on",0.5,816,615,0.290749298105808,0.00289879107627289,2.968,0.0475945505414353,0.329777777777778
"on",0.5,817,616,0.290535415429954,0.00291166636886098,2.993,0.0477412843378794,0.332555555555556
"on",0.5,818,617,0.289981256192769,0.00291662754402916,3.055,0.0477310512481473,0.339444444444444
"on",0.5,819,618,0.289632318970616,0.00291828173107891,3.026,0.0462326882352895,0.336222222222222
"on",0.5,820,619,0.28856529236994,0.00292274102752588,3.034,0.0476352087547974,0.337111111111111
"on",0.5,821,620,0.288390397539428,0.00292762658131836,2.996,0.0467564986945149,0.332888888888889
"on",0.5,822,621,0.288039452288366,0.00292727801802072,2.985,0.0465934109713588,0.331666666666667
"on",0.5,823,622,0.287495610907277,0.00292787041436089,2.988,0.0479808103116045,0.332
"on",0.5,824,623,0.286804017466851,0.00292327638347083,3.051,0.0463308271623284,0.339
"on",0.5,825,624,0.286473640430585,0.00292139615647379,2.945,0.0466277722945152,0.327222222222222
"on",0.5,826,625,0.285799021708472,0.00291624739371242,2.928,0.0468723053946896,0.325333333333333
"on",0.5,827,626,0.285189932487383,0.00292197996116668,3.024,0.0474096158144278,0.336
"on",0.5,828,627,0.284172035410374,0.00292620487829661,2.966,0.0456610219873466,0.329555555555556
"on",0.5,829,628,0.283343879164463,0.00292928547238217,2.957,0.047385613812595,0.328555555555556
"on",0.5,830,629,0.28266285244832,0.0029332712441479,3.021,0.0475059555825984,0.335666666666667
"on",0.5,831,630,0.281960130278404,0.00293854107777574,2.91,0.0478140793719401,0.323333333333333
"on",0.5,832,631,0.281379598315795,0.00293205504721764,2.941,0.0463645195021868,0.326777777777778
"on",0.5,833,632,0.280864519795217,0.00293753650791877,2.944,0.0475302337793863,0.327111111111111
"on",0.5,834,633,0.280150013098345,0.00293925752086904,3.024,0.0485776057848033,0.336
"on",0.5,835,634,0.279506602457705,0.00294186220589254,3.058,0.0478008464456531,0.339777777777778
"on",0.5,836,635,0.278839595225051,0.00293259108163113,3.019,0.0483008485636843,0.335444444444444
"on",0.5,837,636,0.278495851076853,0.00293552386765498,2.988,0.0461300767827672,0.332
"on",0.5,838,637,0.277922051075384,0.00293239045745268,2.997,0.0484699942267414,0.333
"on",0.5,839,638,0.277155090679639,0.00293446905910021,2.954,0.047011637858025,0.328222222222222
"on",0.5,840,639,0.276672551226532,0.0029338053205852,3.051,0.0481946233694353,0.339
"on",0.5,841,640,0.276268514568016,0.00294467379170143,2.906,0.0478900559350004,0.322888888888889
"on",0.5,842,641,0.275623334462316,0.00293613177018566,2.951,0.0469340154024968,0.327888888888889
"on",0.5,843,642,0.275404410838049,0.00293477489571249,2.856,0.0452029568425262,0.317333333333333
"on",0.5,844,643,0.274824854727782,0.00293101870595389,2.951,0.0471680381595824,0.327888888888889
"on",0.5,845,644,0.273825685478844,0.00293688982543429,3.063,0.047172621892961,0.340333333333333
"on",0.5,846,645,0.273030596482969,0.00293860966590849,2.904,0.0461184443678544,0.322666666666667
"on",0.5,847,646,0.272108609071857,0.00293648934367321,2.942,0.0472744208940824,0.326888888888889
"on",0.5,848,647,0.271446628800955,0.00293533542871273,2.914,0.0461164908761575,0.323777777777778
"on",0.5,849,648,0.27072200368033,0.00293496536119949,3.01,0.0457820488400856,0.334444444444444
"on",0.5,850,649,0.270238305958675,0.00292967269272164,2.959,0.0475771224706012,0.328777777777778
"on",0.5,851,650,0.269811583565227,0.00292265243458958,3.019,0.047316782201222,0.335444444444444
"on",0.5,852,651,0.269113093805901,0.00292378234763717,3.011,0.0465085158013245,0.334555555555556
"on",0.5,853,652,0.268310041672915,0.002929797421133,2.989,0.0466160063932128,0.332111111111111
"on",0.5,854,653,0.267716427874895,0.00292524174207574,3,0.0467566699646819,0.333333333333333
"on",0.5,855,654,0.267031235003528,0.00292399618445542,2.91,0.0471606204806948,0.323333333333333
"on",0.5,856,655,0.266452900133505,0.00293092220455814,2.972,0.0468979254915974,0.330222222222222
"on",0.5,857,656,0.26591212842366,0.00293168904096089,2.897,0.0458747806043308,0.321888888888889
"on",0.5,858,657,0.265564008965817,0.00293236272751114,2.931,0.0445895416799413,0.325666666666667
"on",0.5,859,658,0.265004439668232,0.00293000090211957,2.975,0.0465891140240457,0.330555555555556
"on",0.5,860,659,0.264484612544967,0.00292290197465335,2.973,0.0476291878950244,0.330333333333333
"on",0.5,861,660,0.263777658858991,0.00292538725488493,2.98,0.0472422674289858,0.331111111111111
"on",0.5,862,661,0.263090140064157,0.00292256648498337,2.904,0.0476555878681086,0.322666666666667
"on",0.5,863,662,0.26273002503229,0.00291991620241649,2.91,0.0457164083233798,0.323333333333333
"on",0.5,864,663,0.262344066335796,0.00291450054006531,2.958,0.045566570117931,0.328666666666667
"on",0.5,865,664,0.261694496463488,0.00291983143358724,2.932,0.0464708030437986,0.325777777777778
"on",0.5,866,665,0.261159584084973,0.00291665430900613,2.929,0.0476889214937099,0.325444444444444
"on",0.5,867,666,0.260579166746151,0.00292268201786336,2.904,0.0474661672882591,0.322666666666667
"on",0.5,868,667,0.259809732459081,0.00292441803824402,2.943,0.0474130678083479,0.327
"on",0.5,869,668,0.259280969776244,0.00292569108621636,2.89,0.0477931395096008,0.321111111111111
"on",0.5,870,669,0.258790019272536,0.00292753136117532,2.94,0.0469318932347991,0.326666666666667
"on",0.5,871,670,0.258267487252679,0.00292981276956718,2.886,0.0467245886786303,0.320666666666667
"on",0.5,872,671,0.257694792032253,0.00293779089829912,2.946,0.0482432524961928,0.327333333333333
"on",0.5,873,672,0.257352195751603,0.002942022569497,2.871,0.0475038484295284,0.319
"on",0.5,874,673,0.257027316649641,0.00292866133072644,2.892,0.0469951544794201,0.321333333333333
"on",0.5,875,674,0.256332498655063,0.00293179392763083,2.958,0.0470366713155645,0.328666666666667
"on",0.5,876,675,0.255490475313838,0.00292947904010576,2.877,0.0463251229573868,0.319666666666667
"on",0.5,877,676,0.255110408273865,0.00293098691391438,2.882,0.044632589753095,0.320222222222222
"on",0.5,878,677,0.254358101475632,0.00292916259453518,2.853,0.0500389337905485,0.317
"on",0.5,879,678,0.253752875497442,0.00292307507841583,2.942,0.0472320533839769,0.326888888888889
"on",0.5,880,679,0.253293804575715,0.00292559577158868,3.032,0.0469380355274821,0.336888888888889
"on",0.5,881,680,0.25277737077057,0.0029241799495077,2.968,0.0469593566947118,0.329777777777778
"on",0.5,882,681,0.252361203163636,0.00292048993703825,2.942,0.047253241887397,0.326888888888889
"on",0.5,883,682,0.251769239797907,0.0029130448776162,2.829,0.0466254537021672,0.314333333333333
"on",0.5,884,683,0.251549817281639,0.00291545530553552,2.863,0.0471216664757459,0.318111111111111
"on",0.5,885,684,0.250904602091162,0.00292635492165763,2.88,0.0456473841932229,0.32
"on",0.5,886,685,0.250469758659828,0.00292354187875443,2.878,0.0468755086725822,0.319777777777778
"on",0.5,887,686,0.250011540665774,0.00291003193593959,2.975,0.0459835784763374,0.330555555555556
"on",0.5,888,687,0.249244875735806,0.00291081125550553,2.935,0.0467007061612128,0.326111111111111
"on",0.5,889,688,0.248734704269841,0.00291511076410425,2.899,0.0466151474520032,0.322111111111111
"on",0.5,890,689,0.248313534746755,0.00292645153484615,2.92,0.0462356760276925,0.324444444444444
"on",0.5,891,690,0.247626943163304,0.00292718440350702,2.921,0.0474025949290332,0.324555555555556
"on",0.5,892,691,0.247032440319141,0.00291750563526804,2.89,0.0472242536217367,0.321111111111111
"on",0.5,893,692,0.246350022870244,0.00291256627820516,2.906,0.0463822737186883,0.322888888888889
"on",0.5,894,693,0.245608107648166,0.00292310957055127,2.88,0.0476851536001918,0.32
"on",0.5,895,694,0.245282511933641,0.00291641048988186,2.902,0.0471021720795827,0.322444444444444
"on",0.5,896,695,0.244743803941652,0.00291562497662841,2.878,0.0473852441310728,0.319777777777778
"on",0.5,897,696,0.244290200503336,0.00292009432912281,2.871,0.0478188837766592,0.319
"on",0.5,898,697,0.243594931773113,0.00291913500814574,2.846,0.0455231408885232,0.316222222222222
"on",0.5,899,698,0.2431572425894,0.00292617514023946,2.903,0.0494371827174145,0.322555555555556
"on",0.5,900,699,0.242365714994021,0.00292457986020678,2.889,0.0465493914659023,0.321
"on",0.5,901,700,0.242139471585014,0.0029257274058805,2.842,0.0451117620036177,0.315777777777778
"on",0.5,902,701,0.241726558869567,0.00291911525433203,2.901,0.0477229135371729,0.322333333333333
"on",0.5,903,702,0.241382708409992,0.00290537819439757,2.906,0.0466834375699064,0.322888888888889
"on",0.5,904,703,0.240901791996388,0.00291262344650443,2.93,0.0465754148587993,0.325555555555556
"on",0.5,905,704,0.240401892111139,0.00291270669284637,2.913,0.0455357497413242,0.323666666666667
"on",0.5,906,705,0.239921673011294,0.00291540722551303,2.854,0.0457249907028397,0.317111111111111
"on",0.5,907,706,0.239516986698032,0.00291279282591488,2.893,0.0468374288869996,0.321444444444444
"on",0.5,908,707,0.238963421500209,0.002915741706881,2.905,0.0472462401383136,0.322777777777778
"on",0.5,909,708,0.238180018061705,0.00291594081861789,2.904,0.0459444762174395,0.322666666666667
"on",0.5,910,709,0.237682467412971,0.00291240774501476,2.922,0.0453428271281355,0.324666666666667
"on",0.5,911,710,0.237108120587863,0.00290778452470372,2.973,0.0464373494875346,0.330333333333333
"on",0.5,912,711,0.236664500886833,0.00291135347486339,2.967,0.0477094035509477,0.329666666666667
"on",0.5,913,712,0.236451027524401,0.00291003717831992,2.897,0.0475883983304298,0.321888888888889
"on",0.5,914,713,0.236101449621294,0.00290767920390828,2.936,0.0477931813984817,0.326222222222222
"on",0.5,915,714,0.235547231065299,0.0029044853832293,2.947,0.0477752391252362,0.327444444444444
"on",0.5,916,715,0.234706880753024,0.00291486208024489,2.91,0.0478768440082698,0.323333333333333
"on",0.5,917,716,0.234430933871461,0.0029110956783485,2.85,0.0474104181351288,0.316666666666667
"on",0.5,918,717,0.233662439481529,0.00290486893913595,2.802,0.0461185745976923,0.311333333333333
"on",0.5,919,718,0.233096345823191,0.00289908176099591,2.864,0.0474948392960726,0.318222222222222
"on",0.5,920,719,0.232439916430746,0.00289046559280527,2.89,0.0465410148800608,0.321111111111111
"on",0.5,921,720,0.232367807176964,0.00289636511581177,2.891,0.0478059034472146,0.321222222222222
"on",0.5,922,721,0.231701888205065,0.00289671644725911,2.862,0.0473412842791278,0.318
"on",0.5,923,722,0.231095391961357,0.00290891103787094,2.851,0.0476557454046212,0.316777777777778
"on",0.5,924,723,0.230373855485254,0.00290484232628992,2.868,0.0452396134225594,0.318666666666667
"on",0.5,925,724,0.229609814138793,0.00289813989852614,2.893,0.0466017459192542,0.321444444444444
"on",0.5,926,725,0.229118266276831,0.00288819860004039,2.916,0.0454423701957656,0.324
"on",0.5,927,726,0.228586374727867,0.00288226355892172,2.848,0.0463361958197158,0.316444444444444
"on",0.5,928,727,0.228203504489422,0.0028861956756401,2.818,0.047149751845573,0.313111111111111
"on",0.5,929,728,0.227523042333905,0.00289036077844904,2.814,0.0459076411015803,0.312666666666667
"on",0.5,930,729,0.227335441288637,0.00290235144729861,2.862,0.0464231742894764,0.318
"on",0.5,931,730,0.226643369103152,0.00289355883410401,2.888,0.0457771946666848,0.320888888888889
"on",0.5,932,731,0.226133759476667,0.00289728767695941,2.858,0.0455182151221673,0.317555555555556
"on",0.5,933,732,0.225583931385762,0.00289622905623101,2.87,0.0472581562625263,0.318888888888889
"on",0.5,934,733,0.225146092863871,0.00288906104856263,2.759,0.046098200008721,0.306555555555556
"on",0.5,935,734,0.22475930636897,0.00289223864517786,2.807,0.046258954710314,0.311888888888889
"on",0.5,936,735,0.224327005063305,0.00288884283630043,2.846,0.045829950735129,0.316222222222222
"on",0.5,937,736,0.223677126942513,0.00289035152212724,2.871,0.0454359265716394,0.319
"on",0.5,938,737,0.223541659296814,0.00289387619744044,2.908,0.0476634850573037,0.323111111111111
"on",0.5,939,738,0.223318739813169,0.00289624455873254,2.892,0.0449928923315714,0.321333333333333
"on",0.5,940,739,0.223011496154085,0.00289535166051945,2.752,0.0454154000153975,0.305777777777778
"on",0.5,941,740,0.222488280254107,0.00290029074573778,2.925,0.045491146879854,0.325
"on",0.5,942,741,0.221688092610441,0.00291540809217312,2.88,0.0474114737995758,0.32
"on",0.5,943,742,0.221403279889922,0.00292493653566195,2.843,0.0454138020145134,0.315888888888889
"on",0.5,944,743,0.220889878057044,0.0029272970779999,2.924,0.0452357189648874,0.324888888888889
"on",0.5,945,744,0.220293472975583,0.00292655908424812,2.947,0.0464580385869805,0.327444444444444
"on",0.5,946,745,0.220078766812273,0.00291897516550299,2.84,0.0472083533776453,0.315555555555556
"on",0.5,947,746,0.21940809348307,0.00291144243564968,2.833,0.0459044466061645,0.314777777777778
"on",0.5,948,747,0.218765728754445,0.00291461958148162,2.861,0.0444032729722781,0.317888888888889
"on",0.5,949,748,0.218278427504972,0.00291855571827814,2.9,0.0464344285649791,0.322222222222222
"on",0.5,950,749,0.217835353592898,0.00292360367511214,2.895,0.0467349885969726,0.321666666666667
