"feedback","b","step","time_since_shock","mean_P","se_P","mean_M","se_M","mean_m"
"off",0,1,-200,0,0,2.624,0.0455927922231432,0.291555555555556
"off",0,2,-199,0.000179057187896214,0.000182954700593165,2.44,0.0443437297299896,0.271111111111111
"off",0,3,-198,0.00023277939313221,0.000256454283052714,2.481,0.0441087812638774,0.275666666666667
"off",0,4,-197,0.00017809470770899,0.000303707047919437,2.461,0.0434553491226034,0.273444444444444
"off",0,5,-196,0.000516813352972847,0.000352240833981926,2.444,0.0430199339227144,0.271555555555556
"off",0,6,-195,0.000277002150435686,0.000398944726475498,2.391,0.0444983044519574,0.265666666666667
"off",0,7,-194,0.000429333283466478,0.00044075221457253,2.542,0.045434571642091,0.282444444444444
"off",0,8,-193,0.000429709720736969,0.000468895486862703,2.508,0.0431949279638456,0.278666666666667
"off",0,9,-192,0.000580067980442937,0.000491412780372244,2.421,0.0448750796408516,0.269
"off",0,10,-191,0.000717672688364521,0.000520958753288063,2.405,0.0439420744378996,0.267222222222222
"off",0,11,-190,0.000632675418170504,0.000544156477631927,2.447,0.0455990161107698,0.271888888888889
"off",0,12,-189,0.000605276892453237,0.000573575395482273,2.419,0.0422519138527976,0.268777777777778
"off",0,13,-188,0.000433249835156183,0.000604458196120466,2.454,0.0460435012135698,0.272666666666667
"off",0,14,-187,0.000594248157303715,0.000629901949220715,2.494,0.0452549667109814,0.277111111111111
"off",0,15,-186,0.000545418898706453,0.0006484984062267,2.457,0.0444761636062414,0.273
"off",0,16,-185,0.000567151511391865,0.000670625546941092,2.43,0.0454440883412262,0.27
"off",0,17,-184,0.000313482505225812,0.000676971842711599,2.441,0.0461589606647469,0.271222222222222
"off",0,18,-183,0.000463635621745568,0.000696278077119108,2.489,0.0450767224952182,0.276555555555556
"off",0,19,-182,0.000272201700439866,0.000709085136206991,2.506,0.0440443402028447,0.278444444444444
"off",0,20,-181,0.000358469673904689,0.000729846269031823,2.502,0.0446765261853694,0.278
"off",0,21,-180,0.000570377045132066,0.000741322501197051,2.499,0.0424947620866949,0.277666666666667
"off",0,22,-179,0.000522438517706055,0.000750244955091473,2.539,0.0455032916342272,0.282111111111111
"off",0,23,-178,0.000475035740621308,0.000769603520274612,2.472,0.0448467080980002,0.274666666666667
"off",0,24,-177,0.000116919596835738,0.00077970677766564,2.488,0.0443827199011712,0.276444444444444
"off",0,25,-176,0.000164240658896499,0.000798525550025834,2.422,0.0435409211180908,0.269111111111111
"off",0,26,-175,0.000152982166952068,0.000813319585333064,2.517,0.0437221067953342,0.279666666666667
"off",0,27,-174,0.000397108341433108,0.000825935587722412,2.431,0.0464477813936942,0.270111111111111
"off",0,28,-173,0.00069226434702693,0.000841376270795628,2.423,0.0432659559346944,0.269222222222222
"off",0,29,-172,0.00051878617903027,0.000861887609048564,2.489,0.0439295892173921,0.276555555555556
"off",0,30,-171,0.000336846595147873,0.000869829904703341,2.45,0.0444012552916185,0.272222222222222
"off",0,31,-170,0.000108421276892374,0.000883373184273415,2.526,0.0463408186318657,0.280666666666667
"off",0,32,-169,0.000189739259063227,0.00090234666687432,2.527,0.0451365517990498,0.280777777777778
"off",0,33,-168,-0.000152998949521526,0.000908061466235341,2.453,0.0450090748273813,0.272555555555555
"off",0,34,-167,-0.000311331853825431,0.000918174731495615,2.377,0.0451986052208906,0.264111111111111
"off",0,35,-166,-0.000260398189254692,0.00093061656626877,2.459,0.044590439640211,0.273222222222222
"off",0,36,-165,-3.30142429479566e-05,0.000937762175054318,2.468,0.0464664947584292,0.274222222222222
"off",0,37,-164,0.000101555420932187,0.000949921584974165,2.542,0.0431288313787435,0.282444444444444
"off",0,38,-163,0.000158108966085651,0.000956929709700978,2.535,0.0452639351340978,0.281666666666667
"off",0,39,-162,0.00029261174210957,0.000967657460231644,2.472,0.043853610331866,0.274666666666667
"off",0,40,-161,0.00011394806436663,0.00098545716299471,2.441,0.0438912912255432,0.271222222222222
"off",0,41,-160,-0.000125694486426372,0.000987595813405165,2.433,0.0430041900326043,0.270333333333333
"off",0,42,-159,-0.000226100567715446,0.000999995180110784,2.452,0.0450746905450028,0.272444444444444
"off",0,43,-158,-0.000353767928055879,0.00101251889083249,2.523,0.0439704947027483,0.280333333333333
"off",0,44,-157,-0.000345096683876825,0.00102179437615618,2.442,0.0444816210879796,0.271333333333333
"off",0,45,-156,-0.000121249807248195,0.00103109344671481,2.494,0.044203143756049,0.277111111111111
"off",0,46,-155,-0.000149429512842104,0.00103548208746068,2.466,0.045264698086841,0.274
"off",0,47,-154,-1.17034997470557e-05,0.00104616086994659,2.488,0.0437008668765936,0.276444444444444
"off",0,48,-153,-2.41983354845648e-05,0.00105535886204273,2.514,0.0454077731877031,0.279333333333333
"off",0,49,-152,2.5133191845291e-05,0.00106580983221125,2.499,0.0441808889787309,0.277666666666667
"off",0,50,-151,-0.000216642537356545,0.00106977095303501,2.486,0.0447191659560398,0.276222222222222
"off",0,51,-150,-0.00045366125931825,0.00107476610938319,2.53,0.0444643348885044,0.281111111111111
"off",0,52,-149,-0.000340682921574572,0.00109094560188654,2.52,0.0462356760276925,0.28
"off",0,53,-148,-0.000748541772972491,0.00111107788931175,2.494,0.0459137460034802,0.277111111111111
"off",0,54,-147,-0.000828322107125851,0.00111731657050846,2.572,0.0469363294156991,0.285777777777778
"off",0,55,-146,-0.00073891464466683,0.00111739885266688,2.497,0.0432418878040826,0.277444444444444
"off",0,56,-145,-0.000832716141844333,0.00113294726180885,2.5,0.0451446346539435,0.277777777777778
"off",0,57,-144,-0.000902343893470538,0.00113107192811304,2.422,0.0447427973859247,0.269111111111111
"off",0,58,-143,-0.000920783625231094,0.0011440874014937,2.45,0.045886878359784,0.272222222222222
"off",0,59,-142,-0.00101832124484896,0.00115392673609611,2.494,0.0454756201940342,0.277111111111111
"off",0,60,-141,-0.00105540903917716,0.00117048517155528,2.535,0.043527803409656,0.281666666666667
"off",0,61,-140,-0.00108386015009879,0.00118489740904951,2.539,0.0451942642546762,0.282111111111111
"off",0,62,-139,-0.000998982125723285,0.00119193482793971,2.462,0.0471675818839675,0.273555555555556
"off",0,63,-138,-0.000730299066043622,0.0011925929901363,2.413,0.0440269164190429,0.268111111111111
"off",0,64,-137,-0.000839333177865641,0.00119638915018014,2.485,0.0429140608264542,0.276111111111111
"off",0,65,-136,-0.000910204633052727,0.00120700077266979,2.473,0.0444212138988147,0.274777777777778
"off",0,66,-135,-0.000997420286778122,0.00122576342563422,2.478,0.0450504777504696,0.275333333333333
"off",0,67,-134,-0.000980515219560368,0.00122791022060372,2.478,0.0436740589300265,0.275333333333333
"off",0,68,-133,-0.0010160607051083,0.00122752230493559,2.517,0.0434234567554978,0.279666666666667
"off",0,69,-132,-0.00119547065153942,0.00124262223287385,2.45,0.0439480537843423,0.272222222222222
"off",0,70,-131,-0.00158605632679842,0.00124536569331906,2.498,0.0447213147838477,0.277555555555556
"off",0,71,-130,-0.00136100983090721,0.00125459678082589,2.413,0.0440496466656812,0.268111111111111
"off",0,72,-129,-0.00148390523631825,0.00124733980594932,2.426,0.0438685359733882,0.269555555555555
"off",0,73,-128,-0.00181532978064666,0.00125330472495534,2.513,0.0437463683606392,0.279222222222222
"off",0,74,-127,-0.00186544358119052,0.00126318743274042,2.536,0.0459436047216021,0.281777777777778
"off",0,75,-126,-0.00181704680287664,0.00127924036407739,2.424,0.0438422871910914,0.269333333333333
"off",0,76,-125,-0.00151448626651389,0.0012900373047197,2.442,0.0448625528547878,0.271333333333333
"off",0,77,-124,-0.00180751508061962,0.00128995509141937,2.481,0.0448960427504993,0.275666666666667
"off",0,78,-123,-0.00203015344908327,0.00130083804052332,2.426,0.0442773585987748,0.269555555555556
"off",0,79,-122,-0.00218850225611114,0.00130552604415668,2.471,0.0443522956128108,0.274555555555556
"off",0,80,-121,-0.00236259078895559,0.0013177983086441,2.488,0.0432634687435915,0.276444444444444
"off",0,81,-120,-0.00213130245459279,0.00132967717051728,2.504,0.0445866793108882,0.278222222222222
"off",0,82,-119,-0.00206253472009137,0.00133468241095034,2.493,0.0460442295089306,0.277
"off",0,83,-118,-0.00227424364342882,0.00132981743907244,2.54,0.0436841883100547,0.282222222222222
"off",0,84,-117,-0.00218408081144996,0.00133528583627702,2.498,0.0452553206158574,0.277555555555556
"off",0,85,-116,-0.00241030198196877,0.00134726966652187,2.528,0.045643173633078,0.280888888888889
"off",0,86,-115,-0.00248393119674896,0.00134716431350678,2.537,0.0445265495363566,0.281888888888889
"off",0,87,-114,-0.00220016640235416,0.00134194888228791,2.476,0.0429099669688207,0.275111111111111
"off",0,88,-113,-0.00216206100277907,0.00134357995585689,2.491,0.0444285144124004,0.276777777777778
"off",0,89,-112,-0.00216896554392397,0.00135193795094344,2.501,0.0439992606180483,0.277888888888889
"off",0,90,-111,-0.00212535734591202,0.00136303213633318,2.452,0.0442679980985779,0.272444444444444
"off",0,91,-110,-0.00222458564939711,0.00136999315154977,2.567,0.0443111100568972,0.285222222222222
"off",0,92,-109,-0.00227608658995686,0.001380280205713,2.486,0.0450758897398139,0.276222222222222
"off",0,93,-108,-0.0021245876639015,0.00139049405459581,2.463,0.0445939415124928,0.273666666666667
"off",0,94,-107,-0.00222823250837163,0.00139879586663239,2.456,0.0451231658918133,0.272888888888889
"off",0,95,-106,-0.00206317391122889,0.00139962011723271,2.436,0.0435867388525892,0.270666666666667
"off",0,96,-105,-0.00232849292207624,0.00140909223254188,2.374,0.0426608010232337,0.263777777777778
"off",0,97,-104,-0.00237045400934375,0.00141137269663304,2.508,0.0442707114907351,0.278666666666667
"off",0,98,-103,-0.00239523938955475,0.00140905570332636,2.47,0.0443516298129739,0.274444444444444
"off",0,99,-102,-0.00233307545168809,0.00141836544429829,2.408,0.0445816500762761,0.267555555555556
"off",0,100,-101,-0.00242560070323059,0.00141672084563903,2.464,0.0429482077454759,0.273777777777778
"off",0,101,-100,-0.00271543365785876,0.00142243600210105,2.507,0.0449440871636189,0.278555555555556
"off",0,102,-99,-0.00255683398311623,0.00143080767077893,2.442,0.0451960029059944,0.271333333333333
"off",0,103,-98,-0.00281196332180925,0.00144041802480412,2.511,0.0445630437118569,0.279
"off",0,104,-97,-0.00304741206244462,0.00144547600387176,2.439,0.0444100354790586,0.271
"off",0,105,-96,-0.0032370458820502,0.00144918707175881,2.456,0.0445426542546361,0.272888888888889
"off",0,106,-95,-0.00325868206659358,0.00145235999616316,2.449,0.0443324301653356,0.272111111111111
"off",0,107,-94,-0.00332165558727245,0.00145011410690604,2.437,0.044497314649437,0.270777777777778
"off",0,108,-93,-0.00338469275916862,0.00144904664596073,2.517,0.0446509205359161,0.279666666666667
"off",0,109,-92,-0.00310640940805487,0.00145988862383025,2.444,0.0435058244003807,0.271555555555556
"off",0,110,-91,-0.00289269317106422,0.00146735182553568,2.477,0.0452052487496145,0.275222222222222
"off",0,111,-90,-0.00298219014105644,0.00147767470078098,2.51,0.0458039081083479,0.278888888888889
"off",0,112,-89,-0.0030276592456899,0.00148469932305293,2.504,0.0408858857756032,0.278222222222222
"off",0,113,-88,-0.00312080902481395,0.00148112466461366,2.444,0.0443940855839473,0.271555555555556
"off",0,114,-87,-0.00326267253794773,0.00148306133952974,2.443,0.0442120538507965,0.271444444444444
"off",0,115,-86,-0.00333813099251787,0.00149051996347829,2.532,0.0430212369281361,0.281333333333333
"off",0,116,-85,-0.00364860919307584,0.00149212002800373,2.509,0.0449214529700111,0.278777777777778
"off",0,117,-84,-0.00393714243429337,0.00148973475337711,2.531,0.0443283656816264,0.281222222222222
"off",0,118,-83,-0.0038147586718119,0.00149101273148791,2.42,0.0445374402450744,0.268888888888889
"off",0,119,-82,-0.00408885538157758,0.00149584444138106,2.417,0.044599328471403,0.268555555555556
"off",0,120,-81,-0.00382674703534256,0.00149843127200465,2.477,0.0461258994340338,0.275222222222222
"off",0,121,-80,-0.00375083411079193,0.00150235007343356,2.425,0.0444786842583429,0.269444444444444
"off",0,122,-79,-0.00361392013112509,0.00149931339762067,2.489,0.0444731026223363,0.276555555555556
"off",0,123,-78,-0.00367412506748713,0.00150000671910044,2.462,0.0416928566338922,0.273555555555556
"off",0,124,-77,-0.00368171145344156,0.00151202992133414,2.493,0.0440669138117578,0.277
"off",0,125,-76,-0.00340852776445261,0.00151905474059067,2.508,0.0440667434453454,0.278666666666667
"off",0,126,-75,-0.0032762959778084,0.00151811492964655,2.493,0.0436561204970947,0.277
"off",0,127,-74,-0.00335448332016466,0.00152089599422924,2.521,0.0444920053328521,0.280111111111111
"off",0,128,-73,-0.00307519912724884,0.00151759602461918,2.417,0.0446441945173625,0.268555555555556
"off",0,129,-72,-0.00321997571542488,0.00151365723116991,2.521,0.0444469856630856,0.280111111111111
"off",0,130,-71,-0.00324896920702776,0.00151820423106292,2.583,0.0449570031489215,0.287
"off",0,131,-70,-0.00332485479051948,0.00152285036489888,2.543,0.0465652157658411,0.282555555555556
"off",0,132,-69,-0.00333287486723145,0.00152994014385684,2.504,0.0438851900976847,0.278222222222222
"off",0,133,-68,-0.00352106649523022,0.0015484648038672,2.504,0.0440899980486271,0.278222222222222
"off",0,134,-67,-0.00342705419682183,0.00155214190223968,2.504,0.0448775890394974,0.278222222222222
"off",0,135,-66,-0.0031854468672739,0.00155233707902584,2.402,0.0433159586327287,0.266888888888889
"off",0,136,-65,-0.00316105137876677,0.00155806938885423,2.456,0.043611534781133,0.272888888888889
"off",0,137,-64,-0.0032318816258739,0.00155598337390289,2.462,0.0429930739120198,0.273555555555556
"off",0,138,-63,-0.00332603811687009,0.00155988642034112,2.524,0.0453594695899489,0.280444444444444
"off",0,139,-62,-0.00339243750279289,0.00156517899464104,2.476,0.0449382180715197,0.275111111111111
"off",0,140,-61,-0.00331224365596304,0.00157766436683459,2.518,0.045450431700279,0.279777777777778
"off",0,141,-60,-0.00366588507368359,0.00157759983713992,2.485,0.0440876254601982,0.276111111111111
"off",0,142,-59,-0.00366085795781953,0.00158457003675046,2.559,0.0460721351973365,0.284333333333333
"off",0,143,-58,-0.00396442317522718,0.00157745299820453,2.452,0.0425618080855072,0.272444444444444
"off",0,144,-57,-0.00403335803923191,0.00157740724139544,2.507,0.0453211319916549,0.278555555555556
"off",0,145,-56,-0.00396038090374894,0.00158159628861159,2.433,0.0436051879070873,0.270333333333333
"off",0,146,-55,-0.00391448648642511,0.00159203342484525,2.509,0.0451659048282987,0.278777777777778
"off",0,147,-54,-0.00429759009000602,0.00160106444751139,2.452,0.0451855921476944,0.272444444444444
"off",0,148,-53,-0.00466211429354883,0.00160635672336271,2.412,0.043956662614309,0.268
"off",0,149,-52,-0.00496797668672439,0.00161392333109834,2.494,0.0456294427540603,0.277111111111111
"off",0,150,-51,-0.00520572005995976,0.00162332343437896,2.362,0.042881170632281,0.262444444444444
"off",0,151,-50,-0.00473221418470517,0.00163450618746899,2.47,0.0444418167391374,0.274444444444444
"off",0,152,-49,-0.00459684834654311,0.00164082380525128,2.567,0.0459959414147227,0.285222222222222
"off",0,153,-48,-0.00478388047754052,0.00163781187225246,2.587,0.04650369440801,0.287444444444444
"off",0,154,-47,-0.00463547628897609,0.00163939017626096,2.395,0.0442372233750259,0.266111111111111
"off",0,155,-46,-0.00472078060674332,0.00164255632462106,2.505,0.0445191751603388,0.278333333333333
"off",0,156,-45,-0.00479703894627065,0.00164272596776503,2.394,0.0438712740718652,0.266
"off",0,157,-44,-0.00461578128962652,0.00164111409971175,2.442,0.0436180987496993,0.271333333333333
"off",0,158,-43,-0.00450787278355563,0.00164251703600107,2.462,0.0427127660118187,0.273555555555556
"off",0,159,-42,-0.00460889421510937,0.00164594753360683,2.498,0.0442261455696961,0.277555555555556
"off",0,160,-41,-0.00513388228638443,0.00164280002064683,2.456,0.0430106255931475,0.272888888888889
"off",0,161,-40,-0.00520935216258547,0.00164105034160103,2.492,0.0441801752813171,0.276888888888889
"off",0,162,-39,-0.00470256589134905,0.00164842095311162,2.573,0.0450633077092848,0.285888888888889
"off",0,163,-38,-0.00515556808375832,0.00164813375994208,2.533,0.0442364992722962,0.281444444444444
"off",0,164,-37,-0.00497857750886105,0.00164886824906157,2.494,0.0432647181411812,0.277111111111111
"off",0,165,-36,-0.00505991905384003,0.00164866749868922,2.518,0.0437674718437286,0.279777777777778
"off",0,166,-35,-0.00503628382985647,0.00164728496068577,2.555,0.0447098867586798,0.283888888888889
"off",0,167,-34,-0.00496527220350517,0.00165221915374159,2.474,0.0450261185463654,0.274888888888889
"off",0,168,-33,-0.00478272293407706,0.00165855782831811,2.567,0.044894615785487,0.285222222222222
"off",0,169,-32,-0.00479305642709463,0.00165307919840913,2.471,0.0453565454616668,0.274555555555556
"off",0,170,-31,-0.00474121562080759,0.00164704589965432,2.462,0.0446379720478937,0.273555555555556
"off",0,171,-30,-0.00453159937620427,0.00164707373043526,2.485,0.0456493029394629,0.276111111111111
"off",0,172,-29,-0.00446173478870509,0.00165046916811628,2.418,0.0437400181663104,0.268666666666667
"off",0,173,-28,-0.00425667507130871,0.00165605401284426,2.467,0.0426934858465987,0.274111111111111
"off",0,174,-27,-0.004215220269603,0.00166661425129316,2.48,0.0445149590764901,0.275555555555556
"off",0,175,-26,-0.00439738349494347,0.00166605868988123,2.476,0.0441063416003797,0.275111111111111
"off",0,176,-25,-0.00424404655839776,0.00166432331804467,2.462,0.0443906130451757,0.273555555555555
"off",0,177,-24,-0.00423173642623123,0.00166352161062729,2.499,0.0449000558464576,0.277666666666667
"off",0,178,-23,-0.00431123915589246,0.00166478658695484,2.527,0.0446011239797862,0.280777777777778
"off",0,179,-22,-0.00455279339481058,0.00167121942243968,2.447,0.0445777767298701,0.271888888888889
"off",0,180,-21,-0.00479977903903996,0.00166996609818537,2.519,0.04509626007412,0.279888888888889
"off",0,181,-20,-0.00460782744507886,0.00167613880041487,2.494,0.0446313337909139,0.277111111111111
"off",0,182,-19,-0.00477716802584042,0.00167381025382948,2.483,0.045538827222325,0.275888888888889
"off",0,183,-18,-0.00464758084530624,0.00167509119404683,2.437,0.0432191959538686,0.270777777777778
"off",0,184,-17,-0.00462204888478571,0.00168920838578473,2.41,0.0445408114416867,0.267777777777778
"off",0,185,-16,-0.00464249114772278,0.00170254704044505,2.492,0.0434260500370669,0.276888888888889
"off",0,186,-15,-0.00470072658521379,0.00170342250208866,2.51,0.0444283003712032,0.278888888888889
"off",0,187,-14,-0.00466617567533001,0.00171019960287816,2.562,0.0453233958371412,0.284666666666667
"off",0,188,-13,-0.00482302600028564,0.00170935897816431,2.517,0.0453184814922649,0.279666666666667
"off",0,189,-12,-0.00489840475056027,0.00170892124034686,2.552,0.0444440240220355,0.283555555555556
"off",0,190,-11,-0.00483929080185074,0.0017127704154309,2.473,0.0452251734802236,0.274777777777778
"off",0,191,-10,-0.00487519143839219,0.00171776820157106,2.5,0.043288264851734,0.277777777777778
"off",0,192,-9,-0.00512442586630675,0.00172608672108386,2.48,0.0432605070644286,0.275555555555556
"off",0,193,-8,-0.00502260255619566,0.00173857363734479,2.513,0.0464757032328827,0.279222222222222
"off",0,194,-7,-0.00477998699286277,0.00174649650404341,2.407,0.0443995756998007,0.267444444444444
"off",0,195,-6,-0.00462754737795807,0.00174559868206173,2.506,0.0443613788326281,0.278444444444444
"off",0,196,-5,-0.00468318836917459,0.00174613004584615,2.5,0.0450113988454705,0.277777777777778
"off",0,197,-4,-0.00494239208208003,0.00175349743972063,2.499,0.0444294156271829,0.277666666666667
"off",0,198,-3,-0.00472288173010552,0.0017568898002406,2.493,0.0433570159354957,0.277
"off",0,199,-2,-0.00510380233877036,0.00176314962655254,2.545,0.0439762311812746,0.282777777777778
"off",0,200,-1,-0.00506054492733417,0.00176048605394429,2.483,0.0432849232941976,0.275888888888889
"off",0,201,0,0.995186404305461,0.00176425020903951,4.102,0.0476851116164142,0.455777777777778
"off",0,202,1,0.991071229500018,0.00176881308205573,4.335,0.049449168043762,0.481666666666667
"off",0,203,2,0.987244945600361,0.00177191405081163,4.281,0.0477736467241231,0.475666666666667
"off",0,204,3,0.983365039652583,0.00177033008557387,4.285,0.0473710778747857,0.476111111111111
"off",0,205,4,0.979546090011844,0.00177686436522579,4.354,0.0496704253167935,0.483777777777778
"off",0,206,5,0.975622554486274,0.00177681365489063,4.297,0.0492261537621437,0.477444444444444
"off",0,207,6,0.972188800700873,0.00178933664575747,4.315,0.0488278522890282,0.479444444444444
"off",0,208,7,0.968284621831703,0.0017926145762844,4.289,0.048722200821113,0.476555555555556
"off",0,209,8,0.964487351682342,0.00179159421231644,4.235,0.0495199679647234,0.470555555555556
"off",0,210,9,0.960326541476792,0.0017878009212914,4.222,0.0470204947541699,0.469111111111111
"off",0,211,10,0.956387024412828,0.00179389420417283,4.169,0.0502091621117098,0.463222222222222
"off",0,212,11,0.952525105857777,0.00180270437399569,4.26,0.0485876605812706,0.473333333333333
"off",0,213,12,0.948664290471593,0.00180939101092103,4.229,0.0475059555825985,0.469888888888889
"off",0,214,13,0.944671107355362,0.00180801497900257,4.26,0.0482153992488367,0.473333333333333
"off",0,215,14,0.940741339557546,0.00181233978668088,4.268,0.0492605582855354,0.474222222222222
"off",0,216,15,0.936986724611481,0.00181534647034884,4.144,0.0485347259147467,0.460444444444444
"off",0,217,16,0.933108586889942,0.00179989710102118,4.19,0.0489724238556587,0.465555555555556
"off",0,218,17,0.929262026668114,0.00180772148362709,4.206,0.048846186646963,0.467333333333333
"off",0,219,18,0.9255144765771,0.00180744801421062,4.219,0.0476162399429682,0.468777777777778
"off",0,220,19,0.922155659737631,0.00180192089061872,4.229,0.0464620029456083,0.469888888888889
"off",0,221,20,0.918434042657255,0.001810725840249,4.194,0.047839864680543,0.466
"off",0,222,21,0.915104560954488,0.001809744620974,4.168,0.0494188042977387,0.463111111111111
"off",0,223,22,0.911274130346514,0.00182318193582067,4.153,0.0493561245138535,0.461444444444444
"off",0,224,23,0.907660878676138,0.00181222436928378,4.068,0.0501786198882941,0.452
"off",0,225,24,0.903988936948465,0.00181376497472288,4.171,0.0485398301924833,0.463444444444444
"off",0,226,25,0.900264517801305,0.00180463475832601,4.16,0.0500690214294918,0.462222222222222
"off",0,227,26,0.896924515105356,0.00180307797604157,4.144,0.0484728131390533,0.460444444444444
"off",0,228,27,0.89323614603848,0.00181057771219705,4.151,0.0467588000849613,0.461222222222222
"off",0,229,28,0.889477309065582,0.00181223764822317,4.134,0.049360717989921,0.459333333333333
"off",0,230,29,0.886074754249094,0.00180765174040615,4.093,0.0498280426450191,0.454777777777778
"off",0,231,30,0.882698615011361,0.00181242466062958,4.151,0.0488116951312038,0.461222222222222
"off",0,232,31,0.879141570078595,0.00181131900644569,4.084,0.0489626525153747,0.453777777777778
"off",0,233,32,0.875661787333487,0.00181742812992815,4.109,0.0475118551140279,0.456555555555556
"off",0,234,33,0.872166597117011,0.00182460444785376,4.054,0.0496341369175243,0.450444444444444
"off",0,235,34,0.868457096865497,0.00182209551839442,4.16,0.0494453723299243,0.462222222222222
"off",0,236,35,0.864884035962413,0.00182250270701285,4.008,0.048747433904897,0.445333333333333
"off",0,237,36,0.861387437857934,0.00182931009849976,4.003,0.04867607585211,0.444777777777778
"off",0,238,37,0.858001802699312,0.00182970205156846,4.014,0.0483750363735691,0.446
"off",0,239,38,0.854373167897118,0.00182938739521723,4.044,0.0492390951225596,0.449333333333333
"off",0,240,39,0.850962417272019,0.00183343654305573,3.995,0.04937015710338,0.443888888888889
"off",0,241,40,0.847480941678643,0.00184034181319745,4.069,0.0477966894619651,0.452111111111111
"off",0,242,41,0.844254023098345,0.0018455112205192,4.005,0.0472568323971066,0.445
"off",0,243,42,0.841060076536503,0.0018487935826783,4.096,0.0502325323600878,0.455111111111111
"off",0,244,43,0.838110776348001,0.00184983375777508,4.031,0.0466928176406096,0.447888888888889
"off",0,245,44,0.834715657767086,0.00184801757786105,3.992,0.0483970895641284,0.443555555555556
"off",0,246,45,0.831126472758281,0.00184427809323861,4.07,0.0458170186633657,0.452222222222222
"off",0,247,46,0.827852355885072,0.00184510256890191,3.968,0.0495523100514136,0.440888888888889
"off",0,248,47,0.824639134654806,0.00184153499370107,4.046,0.0490335424815328,0.449555555555556
"off",0,249,48,0.821237272313306,0.00183924016261698,3.957,0.0465974497405418,0.439666666666667
"off",0,250,49,0.817728302999842,0.00184893791981365,3.965,0.0489915826971856,0.440555555555556
"off",0,251,50,0.814350056559962,0.00184609998059932,4.024,0.0492935477913066,0.447111111111111
"off",0,252,51,0.811020105720878,0.00184106574571787,4.004,0.0485008900571561,0.444888888888889
"off",0,253,52,0.807692561237686,0.00183820018783381,3.974,0.0496163862628647,0.441555555555556
"off",0,254,53,0.804333955204744,0.00183976199424599,3.932,0.0502981700055371,0.436888888888889
"off",0,255,54,0.801015615753206,0.00184643023464787,3.966,0.0482200079756234,0.440666666666667
"off",0,256,55,0.797666350453075,0.0018439565966382,3.919,0.0494660073776517,0.435444444444444
"off",0,257,56,0.794734368388145,0.00184569864983358,3.898,0.0491325758536026,0.433111111111111
"off",0,258,57,0.791368673132702,0.00185925608857159,3.932,0.0486388912470437,0.436888888888889
"off",0,259,58,0.788306909469468,0.00185347955642854,3.937,0.0487175985081819,0.437444444444444
"off",0,260,59,0.785157600523383,0.00184939690185879,3.81,0.0473723985475101,0.423333333333333
"off",0,261,60,0.7817472767561,0.00184772541775194,3.819,0.0486683429716649,0.424333333333333
"off",0,262,61,0.778789802285034,0.0018498564798269,3.89,0.0489315265886349,0.432222222222222
"off",0,263,62,0.775809403321075,0.00184871257080482,3.889,0.0483426935122154,0.432111111111111
"off",0,264,63,0.772848925201957,0.00185942755550555,3.899,0.0481364323160342,0.433222222222222
"off",0,265,64,0.77001716409353,0.00185789638816937,3.906,0.0497759142722829,0.434
"off",0,266,65,0.766955279044285,0.00185768297572783,3.88,0.049091852786486,0.431111111111111
"off",0,267,66,0.763826193918696,0.00185901846710685,3.883,0.0491500429982185,0.431444444444444
"off",0,268,67,0.760824508664047,0.00185932513310622,3.801,0.0485979501703596,0.422333333333333
"off",0,269,68,0.757746676399043,0.00187015065366099,3.844,0.0478534633433564,0.427111111111111
"off",0,270,69,0.754804636314612,0.00187227161285107,3.834,0.0480494823359498,0.426
"off",0,271,70,0.751886929211402,0.00185998266863848,3.863,0.0490778935941593,0.429222222222222
"off",0,272,71,0.748904052639397,0.00186046227779439,3.837,0.0492428254251915,0.426333333333333
"off",0,273,72,0.745988193753205,0.00185458491245213,3.83,0.0498757214242319,0.425555555555556
"off",0,274,73,0.743154358029084,0.00185127077023005,3.848,0.0484690132481078,0.427555555555556
"off",0,275,74,0.740282437975632,0.00185894644087533,3.831,0.0483194968286485,0.425666666666667
"off",0,276,75,0.737691108186701,0.00186348576059063,3.824,0.048387657159294,0.424888888888889
"off",0,277,76,0.734584459003064,0.00186294439106099,3.823,0.0477278634442078,0.424777777777778
"off",0,278,77,0.73151560131102,0.00186477572271039,3.762,0.0479964546571894,0.418
"off",0,279,78,0.728479914654447,0.00187088674201755,3.808,0.0476382766838327,0.423111111111111
"off",0,280,79,0.725557095019089,0.00187601055959446,3.757,0.0484385930565423,0.417444444444444
"off",0,281,80,0.722990362615219,0.0018757086645222,3.806,0.0470167478094199,0.422888888888889
"off",0,282,81,0.719857970414693,0.00187496921658508,3.796,0.050347978300215,0.421777777777778
"off",0,283,82,0.717029281675595,0.00188007756062722,3.768,0.0475861370615482,0.418666666666667
"off",0,284,83,0.713987063483387,0.00189247529776248,3.788,0.0480974985770505,0.420888888888889
"off",0,285,84,0.710987861670207,0.00188801884580175,3.782,0.0488145353235986,0.420222222222222
"off",0,286,85,0.708141432935841,0.0018955745764799,3.801,0.0477878926369711,0.422333333333333
"off",0,287,86,0.705193298770658,0.00189444123857658,3.819,0.0503664151570843,0.424333333333333
"off",0,288,87,0.702492454749963,0.00189823585508568,3.782,0.0485472227097785,0.420222222222222
"off",0,289,88,0.699814523979714,0.00188824174136972,3.804,0.047831703627112,0.422666666666667
"off",0,290,89,0.696874146776701,0.00189532170597925,3.814,0.0482880496161911,0.423777777777778
"off",0,291,90,0.69399033389031,0.00190175625433511,3.722,0.04738101899454,0.413555555555556
"off",0,292,91,0.691214180500798,0.00190660885094203,3.722,0.0478644649714901,0.413555555555556
"off",0,293,92,0.688573561319385,0.00191068975787148,3.693,0.0490831963115705,0.410333333333333
"off",0,294,93,0.685769646019484,0.00191513136022104,3.725,0.0490079256526613,0.413888888888889
"off",0,295,94,0.683251277885119,0.0019194407007889,3.77,0.0489846863774743,0.418888888888889
"off",0,296,95,0.680216647262448,0.00192956601113315,3.664,0.048222706575113,0.407111111111111
"off",0,297,96,0.677489956652298,0.00193365244826248,3.649,0.0479384719937665,0.405444444444444
"off",0,298,97,0.674710547213475,0.00192211967632435,3.725,0.0493944816231005,0.413888888888889
"off",0,299,98,0.67210283936,0.0019338727425878,3.639,0.048051930117197,0.404333333333333
"off",0,300,99,0.669390419537516,0.00193422339853147,3.576,0.0484827244962013,0.397333333333333
"off",0,301,100,0.666769235056836,0.00193352661751458,3.654,0.0496865449870762,0.406
"off",0,302,101,0.664113615680397,0.00193237119287638,3.6,0.0476263400679526,0.4
"off",0,303,102,0.661846590120248,0.00193137201076488,3.619,0.0479806329797882,0.402111111111111
"off",0,304,103,0.658865393631515,0.00193086919742082,3.688,0.0501115472437957,0.409777777777778
"off",0,305,104,0.656365568822477,0.00192436578094462,3.694,0.0484635194008102,0.410444444444444
"off",0,306,105,0.653785203955571,0.00193110386389771,3.634,0.0483982064377017,0.403777777777778
"off",0,307,106,0.651237964322999,0.00192947631665537,3.618,0.0483157366746115,0.402
"off",0,308,107,0.648229760788032,0.00193608075063379,3.618,0.0488309375341131,0.402
"off",0,309,108,0.645587189952154,0.0019276679143716,3.652,0.0480125108820733,0.405777777777778
"off",0,310,109,0.642864096821273,0.00192997722998872,3.604,0.0488012865154759,0.400444444444444
"off",0,311,110,0.640329677252068,0.00193194608805702,3.628,0.0472000407186672,0.403111111111111
"off",0,312,111,0.637629491183609,0.00193546569552755,3.651,0.0478067409941787,0.405666666666667
"off",0,313,112,0.634944585046534,0.00194096291871328,3.629,0.0497577615536997,0.403222222222222
"off",0,314,113,0.632336104928145,0.00193982330815385,3.545,0.0489118325905641,0.393888888888889
"off",0,315,114,0.629992029840291,0.0019416285983786,3.607,0.0482584695144788,0.400777777777778
"off",0,316,115,0.627398703830311,0.0019401168037246,3.664,0.0478894288689833,0.407111111111111
"off",0,317,116,0.624847450496214,0.00194062750751331,3.634,0.0484188846256128,0.403777777777778
"off",0,318,117,0.622289131770186,0.00194750771025416,3.507,0.0505223069891261,0.389666666666667
"off",0,319,118,0.619341151172831,0.00194356857126124,3.521,0.0487846178517259,0.391222222222222
"off",0,320,119,0.61682765242076,0.00194400963109045,3.544,0.0465642806476405,0.393777777777778
"off",0,321,120,0.614143987744695,0.00194099216780831,3.624,0.0472531147847087,0.402666666666667
"off",0,322,121,0.611720038092165,0.00193626690011113,3.567,0.0487636020909947,0.396333333333333
"off",0,323,122,0.609252390976215,0.0019351649769118,3.543,0.0454996837485849,0.393666666666667
"off",0,324,123,0.606735347385831,0.0019478389152214,3.601,0.0469254834924584,0.400111111111111
"off",0,325,124,0.604175959490445,0.00195420044086653,3.569,0.0488428564339212,0.396555555555556
"off",0,326,125,0.601940435578595,0.00196611717396838,3.59,0.0461739323864888,0.398888888888889
"off",0,327,126,0.599603183369815,0.00197187627643494,3.524,0.0479345566551077,0.391555555555556
"off",0,328,127,0.597351453211721,0.00197820372668469,3.576,0.0464583941003386,0.397333333333333
"off",0,329,128,0.595326779015112,0.00198179294750951,3.611,0.0492555083732279,0.401222222222222
"off",0,330,129,0.593067799878335,0.00197994746126757,3.494,0.0484180576676546,0.388222222222222
"off",0,331,130,0.590841623319812,0.00197712880140681,3.559,0.0476528046371857,0.395444444444444
"off",0,332,131,0.588792882389927,0.00197700867404429,3.565,0.0481881427022987,0.396111111111111
"off",0,333,132,0.586672362426668,0.00197881169236598,3.523,0.0474101119880424,0.391444444444444
"off",0,334,133,0.584045887641348,0.00199023342027239,3.517,0.0468605047658141,0.390777777777778
"off",0,335,134,0.581825007337634,0.00199527257647549,3.495,0.0488708846181788,0.388333333333333
"off",0,336,135,0.579854832025306,0.00200165566354532,3.569,0.0509886147962351,0.396555555555556
"off",0,337,136,0.577539797084868,0.00199946627936097,3.413,0.0500093184509837,0.379222222222222
"off",0,338,137,0.575158008660202,0.00199921691788809,3.43,0.0479311735449634,0.381111111111111
"off",0,339,138,0.572656604462543,0.00199286475192445,3.458,0.0468874656431164,0.384222222222222
"off",0,340,139,0.570261517091952,0.00198454137908342,3.43,0.0489233430326822,0.381111111111111
"off",0,341,140,0.568189098155632,0.00198769783587837,3.503,0.0469701734848532,0.389222222222222
"off",0,342,141,0.565980058212596,0.00198651718806419,3.529,0.0479317896229265,0.392111111111111
"off",0,343,142,0.564047755887122,0.00198895223141999,3.521,0.047050746782307,0.391222222222222
"off",0,344,143,0.561784458235333,0.00198170592488983,3.561,0.0486276016645242,0.395666666666667
"off",0,345,144,0.559854502863257,0.00197749670794267,3.445,0.0472991777117976,0.382777777777778
"off",0,346,145,0.557809260570081,0.00197701558246935,3.456,0.0464782123604622,0.384
"off",0,347,146,0.555718064773416,0.00197480562230932,3.407,0.0479546728760677,0.378555555555556
"off",0,348,147,0.553761417524954,0.00197890952213618,3.378,0.0489439629730932,0.375333333333333
"off",0,349,148,0.551516632969724,0.0019812254867468,3.431,0.047723333040731,0.381222222222222
"off",0,350,149,0.549467697198592,0.00197745600658525,3.483,0.0467749815488887,0.387
"off",0,351,150,0.547228616841943,0.0019721648588348,3.513,0.0483753157216691,0.390333333333333
"off",0,352,151,0.544967215348459,0.00196955358947707,3.432,0.0465353794605946,0.381333333333333
"off",0,353,152,0.54275310975314,0.00196460897411466,3.416,0.0458589909074225,0.379555555555556
"off",0,354,153,0.540563725849808,0.00196492447851012,3.443,0.0488378555644714,0.382555555555556
"off",0,355,154,0.53827994280018,0.00196121627949438,3.466,0.0469792619253542,0.385111111111111
"off",0,356,155,0.53611270175898,0.00196762132643679,3.416,0.0471716988158067,0.379555555555556
"off",0,357,156,0.533732191283941,0.0019723733751516,3.396,0.0481820039590043,0.377333333333333
"off",0,358,157,0.531439560063197,0.00197629991146562,3.412,0.0482761492518468,0.379111111111111
"off",0,359,158,0.529299324731642,0.00197219088342044,3.431,0.0476603662439822,0.381222222222222
"off",0,360,159,0.527028010288773,0.00198095100811968,3.437,0.0476686826260523,0.381888888888889
"off",0,361,160,0.525046760894914,0.00198099476499864,3.378,0.0483679176257926,0.375333333333333
"off",0,362,161,0.522857988885583,0.00197808436849693,3.498,0.0480448155819575,0.388666666666667
"off",0,363,162,0.520745688802382,0.00197244109056576,3.404,0.0488381937541626,0.378222222222222
"off",0,364,163,0.518914233218172,0.00196685079151838,3.331,0.0483919495451545,0.370111111111111
"off",0,365,164,0.517037171000871,0.00196389500518308,3.358,0.0474561701793149,0.373111111111111
"off",0,366,165,0.515178205666884,0.00196317019496606,3.394,0.0481776409248638,0.377111111111111
"off",0,367,166,0.512994894198461,0.00196314313286194,3.388,0.0492532423489244,0.376444444444444
"off",0,368,167,0.510897374632703,0.00196379138639693,3.445,0.0484698290106776,0.382777777777778
"off",0,369,168,0.508893373672049,0.00196272352743801,3.402,0.0482153577267732,0.378
"off",0,370,169,0.506586024836149,0.00196473584891665,3.454,0.0492575913977766,0.383777777777778
"off",0,371,170,0.504545718160737,0.00196285350428254,3.376,0.048445546451361,0.375111111111111
"off",0,372,171,0.502533110195028,0.00196207677383311,3.416,0.0474256596495316,0.379555555555556
"off",0,373,172,0.500764582808521,0.00195386597120292,3.399,0.0482714110952758,0.377666666666667
"off",0,374,173,0.49878794127223,0.00194351576400719,3.346,0.0482971698613553,0.371777777777778
"off",0,375,174,0.497019004477387,0.00194371795299654,3.366,0.0476268024573592,0.374
"off",0,376,175,0.495034722544346,0.00194053341710065,3.292,0.0469354763365511,0.365777777777778
"off",0,377,176,0.493219625593122,0.00194634660911026,3.374,0.0482540407888547,0.374888888888889
"off",0,378,177,0.491175231583957,0.00195968207764421,3.438,0.0478795201359457,0.382
"off",0,379,178,0.489203282222472,0.00196316495656256,3.413,0.0491003242539376,0.379222222222222
"off",0,380,179,0.487116763373771,0.00196520809007481,3.36,0.0489366406161558,0.373333333333333
"off",0,381,180,0.485030136981454,0.00196657391474096,3.469,0.0487792826763412,0.385444444444444
"off",0,382,181,0.483481463177038,0.00196355990671345,3.35,0.0461695963988383,0.372222222222222
"off",0,383,182,0.481036427934137,0.00196324009621056,3.339,0.048625543117208,0.371
"off",0,384,183,0.479127665743703,0.00196366765534082,3.375,0.0490793620963413,0.375
"off",0,385,184,0.47723177266535,0.00195830405111508,3.341,0.0507473575104587,0.371222222222222
"off",0,386,185,0.47520101073736,0.00195870610417797,3.371,0.0481630426642533,0.374555555555556
"off",0,387,186,0.473456414576353,0.0019497200715318,3.381,0.0469898611090419,0.375666666666667
"off",0,388,187,0.471578155471656,0.00194735351891474,3.385,0.0474027638648,0.376111111111111
"off",0,389,188,0.469807683222794,0.0019532039335501,3.33,0.0474694991900416,0.37
"off",0,390,189,0.468322883478687,0.00195964475524305,3.298,0.0490469326421295,0.366444444444444
"off",0,391,190,0.466573815917276,0.00196453967587819,3.298,0.0474283190240328,0.366444444444444
"off",0,392,191,0.464772219471818,0.00196402706523868,3.291,0.047671706405284,0.365666666666667
"off",0,393,192,0.462568658758749,0.00196729437383216,3.345,0.0460879496083205,0.371666666666667
"off",0,394,193,0.460598927855532,0.00196645167232338,3.282,0.0485884434494134,0.364666666666667
"off",0,395,194,0.458808494332569,0.0019708421160599,3.336,0.0496141669844973,0.370666666666667
"off",0,396,195,0.457308451928328,0.00197354721324375,3.298,0.0477648142200664,0.366444444444444
"off",0,397,196,0.45520658244801,0.00197933897335076,3.241,0.0465519718818235,0.360111111111111
"off",0,398,197,0.453383890177505,0.00198646087262962,3.298,0.0466837806456949,0.366444444444444
"off",0,399,198,0.451437923242529,0.00199122914946835,3.327,0.0472472570981991,0.369666666666667
"off",0,400,199,0.4496451501,0.0019904865472735,3.351,0.0482091601578285,0.372333333333333
"off",0,401,200,0.447791888728163,0.00199869621585208,3.21,0.0480021270799973,0.356666666666667
"off",0,402,201,0.446158210630944,0.00198913601991273,3.255,0.0490752828151138,0.361666666666667
"off",0,403,202,0.444227703888365,0.00198662686334683,3.275,0.0462548863852729,0.363888888888889
"off",0,404,203,0.44247034510859,0.00198158199972889,3.296,0.048069685818556,0.366222222222222
"off",0,405,204,0.440509966675551,0.00198851779012508,3.401,0.0468657166316209,0.377888888888889
"off",0,406,205,0.438656964643433,0.00198469526212306,3.191,0.0485270427068649,0.354555555555556
"off",0,407,206,0.43696277165689,0.00198708729378274,3.241,0.049044105908094,0.360111111111111
"off",0,408,207,0.43500980776206,0.00198014910751828,3.248,0.0477784342436918,0.360888888888889
"off",0,409,208,0.433558465801958,0.0019900676716849,3.269,0.0485282803527386,0.363222222222222
"off",0,410,209,0.431424756090039,0.00197755415395869,3.16,0.0468892162293059,0.351111111111111
"off",0,411,210,0.429621629400038,0.00197264873154198,3.251,0.048768610574604,0.361222222222222
"off",0,412,211,0.427668229745095,0.00198118669603733,3.212,0.0492898111731572,0.356888888888889
"off",0,413,212,0.426168343172562,0.00197640840031359,3.205,0.0462938237577987,0.356111111111111
"off",0,414,213,0.424341896220511,0.0019776980713407,3.226,0.0475940037104379,0.358444444444444
"off",0,415,214,0.422783407236222,0.00197781872536915,3.283,0.047530728693869,0.364777777777778
"off",0,416,215,0.421020828540326,0.00197780382856996,3.166,0.0467185897328529,0.351777777777778
"off",0,417,216,0.419229981157521,0.0019756582277812,3.242,0.0494760940645468,0.360222222222222
"off",0,418,217,0.417523636245843,0.00197018663089896,3.276,0.0480638547573344,0.364
"off",0,419,218,0.415673212258812,0.00196563446727288,3.237,0.0463354937167822,0.359666666666667
"off",0,420,219,0.413957558230063,0.00195915211477293,3.234,0.0476183946759182,0.359333333333333
"off",0,421,220,0.412375825969655,0.00196730397120733,3.236,0.0493024820342214,0.359555555555556
"off",0,422,221,0.410905286380677,0.00196264183135532,3.147,0.0480801695369589,0.349666666666667
"off",0,423,222,0.409261725585373,0.00195891126615793,3.123,0.0471815334330825,0.347
"off",0,424,223,0.407655594131643,0.00196193177183297,3.237,0.047403355135244,0.359666666666667
"off",0,425,224,0.406031895986045,0.0019603453832862,3.208,0.0469567986658049,0.356444444444444
"off",0,426,225,0.404163771570934,0.00195662186706103,3.187,0.0467355883157068,0.354111111111111
"off",0,427,226,0.402500457825313,0.00195934730569313,3.153,0.0458223819840336,0.350333333333333
"off",0,428,227,0.400896856286248,0.0019623619559975,3.26,0.0472719222650681,0.362222222222222
"off",0,429,228,0.399498934848307,0.00196089575683664,3.109,0.0474063958381816,0.345444444444444
"off",0,430,229,0.397998705412537,0.00195765736308632,3.16,0.0452376662356322,0.351111111111111
"off",0,431,230,0.396283339367696,0.00196677593872829,3.145,0.0464557115232685,0.349444444444444
"off",0,432,231,0.39448300920392,0.00197001427360435,3.202,0.0482444144282375,0.355777777777778
"off",0,433,232,0.393279917229892,0.00197085759981457,3.185,0.0468505066138028,0.353888888888889
"off",0,434,233,0.391753120359668,0.001965736217447,3.151,0.0449245725323817,0.350111111111111
"off",0,435,234,0.389972341056647,0.00197109849957803,3.126,0.0472689999720572,0.347333333333333
"off",0,436,235,0.388531273540092,0.00197387550420355,3.291,0.0491195656712448,0.365666666666667
"off",0,437,236,0.387179513807581,0.00196927004977208,3.087,0.0472404769521081,0.343
"off",0,438,237,0.385588661570971,0.00198372597201078,3.104,0.0468335069942169,0.344888888888889
"off",0,439,238,0.383948366237828,0.00198612563446276,3.103,0.0477982810954083,0.344777777777778
"off",0,440,239,0.382185405504948,0.00198984440949212,3.158,0.0471302159687099,0.350888888888889
"off",0,441,240,0.380527744936599,0.00198187383546116,3.124,0.0483421240840838,0.347111111111111
"off",0,442,241,0.379158532660363,0.00198445531766074,3.108,0.0474614431785276,0.345333333333333
"off",0,443,242,0.377756582198453,0.001988733048897,3.157,0.0477559591216807,0.350777777777778
"off",0,444,243,0.376397316890055,0.00198419739409554,3.201,0.0477166205412316,0.355666666666667
"off",0,445,244,0.374781495884091,0.00199267540280282,3.15,0.0490500347187024,0.35
"off",0,446,245,0.373360390836469,0.0019905091729711,3.173,0.0463596831333028,0.352555555555556
"off",0,447,246,0.37164076690746,0.0019955336197468,3.144,0.0461887150438002,0.349333333333333
"off",0,448,247,0.370133833391081,0.00198935890719073,3.221,0.0493213097108297,0.357888888888889
"off",0,449,248,0.368618038383492,0.00199243830525685,3.105,0.0476470906272906,0.345
"off",0,450,249,0.366836175244147,0.0020001070632467,2.995,0.0448886398768109,0.332777777777778
"off",0,451,250,0.365608970979587,0.00199120082142821,3.139,0.047454514336688,0.348777777777778
"off",0,452,251,0.364300990950714,0.00199907886280404,3.063,0.047595128913538,0.340333333333333
"off",0,453,252,0.362937736634639,0.00199954463808938,3.115,0.0488688363188973,0.346111111111111
"off",0,454,253,0.361494950219162,0.00200438909264202,3.149,0.0470426616170048,0.349888888888889
"off",0,455,254,0.360139774855555,0.00200058937493764,3.08,0.0475379833381672,0.342222222222222
"off",0,456,255,0.358653420964715,0.0019935388225659,3.152,0.0470436936167763,0.350222222222222
"off",0,457,256,0.357252343922194,0.00198895887079325,3.157,0.0465028333923162,0.350777777777778
"off",0,458,257,0.355890454404083,0.00199083325605888,3.125,0.0467927832530249,0.347222222222222
"off",0,459,258,0.354153827875574,0.00199278288931581,3.124,0.0485899679459143,0.347111111111111
"off",0,460,259,0.352985569918725,0.00199119414821485,3.102,0.0484968859613477,0.344666666666667
"off",0,461,260,0.35173739004874,0.00197773954375609,3.175,0.0466964190870731,0.352777777777778
"off",0,462,261,0.35037934562767,0.0019734269081929,3.093,0.0466103370887139,0.343666666666667
"off",0,463,262,0.348971893961514,0.0019773731465806,3.102,0.0473269039324975,0.344666666666667
"off",0,464,263,0.347643101804548,0.00197749406402083,3.074,0.0454817830850176,0.341555555555556
"off",0,465,264,0.3466634655718,0.00198145570244138,3.032,0.0473414957222224,0.336888888888889
"off",0,466,265,0.345477793548726,0.00196918634933404,3.036,0.0477596585518047,0.337333333333333
"off",0,467,266,0.344324954860551,0.00195720255845837,3.106,0.0464857496973529,0.345111111111111
"off",0,468,267,0.342889696876925,0.00195878053915279,3.145,0.0466492352686639,0.349444444444444
"off",0,469,268,0.34139235049795,0.00195938246029591,3.098,0.0452376219804096,0.344222222222222
"off",0,470,269,0.339683382464101,0.00195207969695352,3.055,0.0452993049287408,0.339444444444444
"off",0,471,270,0.33866816736482,0.00195651616842571,3.1,0.0490143081395872,0.344444444444444
"off",0,472,271,0.337369021122903,0.00195286992278635,3.144,0.0466630629239168,0.349333333333333
"off",0,473,272,0.33608854617343,0.00194935000010442,3.069,0.0465016279435613,0.341
"off",0,474,273,0.334642103961471,0.00194835783884274,3.077,0.0485327356165546,0.341888888888889
"off",0,475,274,0.33293687839653,0.00194719483151538,3.07,0.0453779589576168,0.341111111111111
"off",0,476,275,0.331612319162902,0.00194719406434057,2.969,0.0481908846293712,0.329888888888889
"off",0,477,276,0.330522929333115,0.00194849709108994,3.105,0.0464987864049928,0.345
"off",0,478,277,0.329293154655065,0.00194918217057201,3.093,0.0479233517989681,0.343666666666667
"off",0,479,278,0.328112745500558,0.00195738296655356,3.105,0.0467564023547702,0.345
"off",0,480,279,0.326878503981573,0.00196135713917878,3.111,0.0475914272106219,0.345666666666667
"off",0,481,280,0.325639997374,0.00195871072827781,3.104,0.047680787089324,0.344888888888889
"off",0,482,281,0.32421160007404,0.00196020524602598,2.988,0.0460431968479165,0.332
"off",0,483,282,0.322612275497312,0.00196627750964406,3.158,0.0474688243933771,0.350888888888889
"off",0,484,283,0.321374300129687,0.00197393903650024,3.032,0.0461639156388093,0.336888888888889
"off",0,485,284,0.320087578727137,0.0019675677374754,2.988,0.0482720020942388,0.332
"off",0,486,285,0.318590122925837,0.00197884932175161,3.024,0.0475782270338824,0.336
"off",0,487,286,0.317344787929797,0.00196596688670146,2.981,0.0486107190031376,0.331222222222222
"off",0,488,287,0.3162771372108,0.00194896920220561,3.004,0.0487479267288401,0.333777777777778
"off",0,489,288,0.31476934023065,0.00194472023664656,2.958,0.0476288201040558,0.328666666666667
"off",0,490,289,0.31364950405953,0.00194996385505302,3.063,0.0470664025207605,0.340333333333333
"off",0,491,290,0.312567446373787,0.00195193156618231,2.909,0.0469779302005306,0.323222222222222
"off",0,492,291,0.311348841435181,0.00195425716147939,3.046,0.0483965518009932,0.338444444444444
"off",0,493,292,0.310097494814941,0.00194307221460344,3.056,0.0471071447137595,0.339555555555555
"off",0,494,293,0.30871722836695,0.00193793441829339,3.003,0.0469381954722825,0.333666666666667
"off",0,495,294,0.307692039041213,0.00193838978336527,3.022,0.0457340967726226,0.335777777777778
"off",0,496,295,0.306407693465623,0.00193288106117588,3.053,0.0484617327335658,0.339222222222222
"off",0,497,296,0.305221930606781,0.00193083464848087,3.112,0.0466222010380208,0.345777777777778
"off",0,498,297,0.304297438623712,0.00193134130281391,2.924,0.0469726561994362,0.324888888888889
"off",0,499,298,0.303023715920503,0.00193777241466216,2.93,0.0469180274660103,0.325555555555556
"off",0,500,299,0.301719556410688,0.00193437412025765,2.991,0.0445522603680656,0.332333333333333
"off",0,501,300,0.300368096837087,0.00192539738150532,2.996,0.0480446905733848,0.332888888888889
"off",0,502,301,0.299364814922664,0.00193594327291385,2.994,0.0461312485425236,0.332666666666667
"off",0,503,302,0.298081460213874,0.00193152846731354,2.981,0.0454169759198223,0.331222222222222
"off",0,504,303,0.296819645481021,0.00193960086979434,2.943,0.0469249715285257,0.327
"off",0,505,304,0.295635474646921,0.00193810572127911,2.959,0.046770786892103,0.328777777777778
"off",0,506,305,0.294851360799915,0.00193676066227625,2.942,0.0473379010611672,0.326888888888889
"off",0,507,306,0.293260372314339,0.00193971234964719,2.968,0.045859340150934,0.329777777777778
"off",0,508,307,0.29180227678663,0.00193546525434812,2.917,0.0466077599041541,0.324111111111111
"off",0,509,308,0.29079707632527,0.0019300551272142,2.973,0.0456108687853165,0.330333333333333
"off",0,510,309,0.289905128237178,0.00193644077914244,3.023,0.0468045047154829,0.335888888888889
"off",0,511,310,0.288704214004427,0.00192869213996483,3.043,0.0481816611634808,0.338111111111111
"off",0,512,311,0.287633352997332,0.0019335026237803,2.993,0.047887829813474,0.332555555555555
"off",0,513,312,0.286279157089641,0.00194045697267837,2.96,0.0475253475385363,0.328888888888889
"off",0,514,313,0.284771779498922,0.0019479927822624,2.959,0.0454465002435213,0.328777777777778
"off",0,515,314,0.283532890515666,0.00194665521959224,2.994,0.0455416077673816,0.332666666666667
"off",0,516,315,0.282833684784762,0.00195075633891532,3.009,0.0460764803564904,0.334333333333333
"off",0,517,316,0.281911512975432,0.00194813192892408,2.966,0.0467014456417041,0.329555555555556
"off",0,518,317,0.280874850734035,0.0019552799941482,3.017,0.047359834817638,0.335222222222222
"off",0,519,318,0.279701396303739,0.00195762373932683,3.031,0.0485220918076849,0.336777777777778
"off",0,520,319,0.278423134506654,0.00195625681911826,2.878,0.0455762349607029,0.319777777777778
"off",0,521,320,0.277285917201752,0.00195730774840576,3.029,0.0469719636098534,0.336555555555555
"off",0,522,321,0.276146024069995,0.00195821847636012,2.866,0.0446994635542984,0.318444444444444
"off",0,523,322,0.274800196836915,0.00195973521631146,3.033,0.0487677074434434,0.337
"off",0,524,323,0.273558349978236,0.00195461865369548,2.958,0.047733787975757,0.328666666666667
"off",0,525,324,0.272321506684675,0.00195688965552072,2.93,0.0470245819897562,0.325555555555556
"off",0,526,325,0.271278170167172,0.00195766824308942,2.972,0.0469405945788869,0.330222222222222
"off",0,527,326,0.270188547773466,0.00196311304127541,2.961,0.0460825628909958,0.329
"off",0,528,327,0.268913777309034,0.00196587396073671,2.987,0.0471280389158307,0.331888888888889
"off",0,529,328,0.268073512366355,0.00196497046561209,2.922,0.0470758126019312,0.324666666666667
"off",0,530,329,0.267115947630657,0.00197377580859571,2.969,0.0475636552558916,0.329888888888889
"off",0,531,330,0.2657896066051,0.0019821495708268,2.977,0.0462451036284881,0.330777777777778
"off",0,532,331,0.264572529311264,0.00198946629604035,2.919,0.0480910776730129,0.324333333333333
"off",0,533,332,0.263229746441311,0.00199106266638706,2.921,0.0457914386742309,0.324555555555556
"off",0,534,333,0.262173153794806,0.0019988732120458,2.911,0.0460564892300768,0.323444444444444
"off",0,535,334,0.261400797650673,0.00198596008663945,2.982,0.0478954065644085,0.331333333333333
"off",0,536,335,0.260286298113322,0.00198825614486538,2.902,0.0446810070655574,0.322444444444444
"off",0,537,336,0.25936488565762,0.00198984126233865,2.913,0.0454257030159633,0.323666666666667
"off",0,538,337,0.258550428611582,0.00199473455419902,2.978,0.0472413774962982,0.330888888888889
"off",0,539,338,0.257328933669133,0.00199547714609254,2.933,0.0475054498743852,0.325888888888889
"off",0,540,339,0.256581478828365,0.00199223816665761,2.94,0.0474832039215412,0.326666666666667
"off",0,541,340,0.255610617212247,0.00200518749837756,2.939,0.0460151757184128,0.326555555555556
"off",0,542,341,0.254509790618219,0.00201216218541623,2.904,0.0470637758684847,0.322666666666667
"off",0,543,342,0.253499187797649,0.00200582864664209,2.931,0.0456982201768003,0.325666666666667
"off",0,544,343,0.252762095064798,0.00200505298689214,2.908,0.046537100271737,0.323111111111111
"off",0,545,344,0.25169407230614,0.0020094177608412,2.933,0.0455036436077546,0.325888888888889
"off",0,546,345,0.25040667976855,0.00199479853624504,2.868,0.0470402889955916,0.318666666666667
"off",0,547,346,0.249215594627435,0.00198934107816126,2.916,0.047256504072743,0.324
"off",0,548,347,0.248459136166387,0.00199517139775564,2.907,0.045126349147559,0.323
"off",0,549,348,0.247724241732962,0.00199645438276082,2.869,0.0453861090962743,0.318777777777778
"off",0,550,349,0.246684381843571,0.00199381204072157,3.004,0.0461097615490485,0.333777777777778
"off",0,551,350,0.24594382767944,0.00198196046346107,2.9,0.0456078949314707,0.322222222222222
"off",0,552,351,0.245282400570174,0.00197731298167407,2.942,0.0457244652973296,0.326888888888889
"off",0,553,352,0.244558496888653,0.0019777053013683,2.941,0.0454046317084566,0.326777777777778
"off",0,554,353,0.243823178162008,0.00197590680312993,2.86,0.0459184985437082,0.317777777777778
"off",0,555,354,0.24261009850206,0.00197838410608358,2.923,0.0451565068413189,0.324777777777778
"off",0,556,355,0.241839414620975,0.00196871318083618,2.883,0.047069379925027,0.320333333333333
"off",0,557,356,0.240795337138365,0.00195893351246992,2.872,0.0485177284090051,0.319111111111111
"off",0,558,357,0.240035772424449,0.00195482713006315,2.869,0.0464542462752008,0.318777777777778
"off",0,559,358,0.238829392099533,0.0019578004748453,2.873,0.0460542288176883,0.319222222222222
"off",0,560,359,0.237921985638002,0.00196728169340254,2.886,0.0468102039644691,0.320666666666667
"off",0,561,360,0.23687475024685,0.00197055429108082,2.827,0.0461649455994721,0.314111111111111
"off",0,562,361,0.235790767582345,0.00197198327541364,2.891,0.0451126828525432,0.321222222222222
"off",0,563,362,0.234760787991558,0.00197817727977981,2.841,0.045976437800604,0.315666666666667
"off",0,564,363,0.23376434974728,0.00197939539971318,2.914,0.0478842029994954,0.323777777777778
"off",0,565,364,0.232613145771708,0.00198785762771297,2.945,0.0482524953064949,0.327222222222222
"off",0,566,365,0.231820826737214,0.00198483633206954,2.844,0.0462796478574093,0.316
"off",0,567,366,0.23068097081557,0.00198190708406497,2.824,0.0466390308561317,0.313777777777778
"off",0,568,367,0.230000600731416,0.00197704944849342,2.785,0.0462050853252098,0.309444444444444
"off",0,569,368,0.229310293697594,0.00197772077313235,2.89,0.0463470392587059,0.321111111111111
"off",0,570,369,0.228532751270313,0.00197389751971098,2.925,0.0459291245778154,0.325
"off",0,571,370,0.227742633109994,0.00196685984809183,2.903,0.0466451151436757,0.322555555555555
"off",0,572,371,0.226708952394711,0.00197247800493053,2.858,0.0459559348501142,0.317555555555556
"off",0,573,372,0.226017761921059,0.00197835925010907,2.89,0.0465625178450226,0.321111111111111
"off",0,574,373,0.224936078270379,0.00199198811222544,2.863,0.0458730349479444,0.318111111111111
"off",0,575,374,0.223886477886017,0.00199031094233277,2.811,0.045247390270891,0.312333333333333
"off",0,576,375,0.222845577262439,0.00199783145486626,2.875,0.0473034101583872,0.319444444444444
"off",0,577,376,0.222052562353847,0.00199487517150024,2.87,0.0454881211875056,0.318888888888889
"off",0,578,377,0.2210506828529,0.0019919802270564,2.824,0.0465745981538563,0.313777777777778
"off",0,579,378,0.220291464051275,0.00198637233647254,2.939,0.0472388665244047,0.326555555555556
"off",0,580,379,0.219160720233144,0.0019879165220335,2.955,0.0456843743752945,0.328333333333333
"off",0,581,380,0.218356171142481,0.00199268168987173,2.851,0.0463783349199812,0.316777777777778
"off",0,582,381,0.21754225975503,0.00199650129180038,2.838,0.0466468855544712,0.315333333333333
"off",0,583,382,0.216556181030094,0.0019951484476015,2.816,0.0460028288288912,0.312888888888889
"off",0,584,383,0.21597634949377,0.00199777324835578,2.906,0.0466834375699064,0.322888888888889
"off",0,585,384,0.21513908524285,0.00199828209060251,2.904,0.0477395335446737,0.322666666666667
"off",0,586,385,0.214088719184784,0.00199640448234623,2.874,0.0468007939496148,0.319333333333333
"off",0,587,386,0.213013713941593,0.00200042054601086,2.848,0.0454198080022249,0.316444444444444
"off",0,588,387,0.212145589497862,0.00200191005053452,2.91,0.0461956062200079,0.323333333333333
"off",0,589,388,0.211263536083159,0.00200239803784675,2.863,0.0456762226691011,0.318111111111111
"off",0,590,389,0.210179564069592,0.00200542735237267,2.757,0.0459571872840698,0.306333333333333
"off",0,591,390,0.209214320087647,0.00200503177551486,2.74,0.0444789655722612,0.304444444444444
"off",0,592,391,0.208359858940187,0.00201805612793281,2.811,0.0478703516863055,0.312333333333333
"off",0,593,392,0.207074015630257,0.0020157383106941,2.819,0.0462209408750555,0.313222222222222
"off",0,594,393,0.205992358891664,0.00201808786105787,2.827,0.0455317926743958,0.314111111111111
"off",0,595,394,0.205202261112161,0.00201252910368172,2.89,0.0457164083233795,0.321111111111111
"off",0,596,395,0.204282436811554,0.00201567527063122,2.841,0.0465390683714754,0.315666666666667
"off",0,597,396,0.203680862897989,0.00201547512910568,2.784,0.0465565410174714,0.309333333333333
"off",0,598,397,0.202794935753535,0.00201432796724865,2.831,0.0460929882255811,0.314555555555556
"off",0,599,398,0.202272976598831,0.00202405527334178,2.849,0.0452575656354521,0.316555555555556
"off",0,600,399,0.201558187910566,0.00202093248043331,2.863,0.0462425060887638,0.318111111111111
"off",0,601,400,0.201040952586746,0.00201754368385901,2.815,0.0458789699086618,0.312777777777778
"off",0,602,401,0.200059321214521,0.00201873469757551,2.798,0.0444203688544923,0.310888888888889
"off",0,603,402,0.19907352199427,0.00202223995135447,2.847,0.0455375083273631,0.316333333333333
"off",0,604,403,0.198268309995743,0.00202369211934932,2.889,0.0474017502411662,0.321
"off",0,605,404,0.197355709129723,0.00201909973187564,2.848,0.046422527409126,0.316444444444444
"off",0,606,405,0.196506704331163,0.00201688304856713,2.845,0.0476785931865472,0.316111111111111
"off",0,607,406,0.195632229785316,0.00202933790137525,2.863,0.0463937860427813,0.318111111111111
"off",0,608,407,0.194753474775129,0.00203186298269675,2.812,0.0453289169373227,0.312444444444444
"off",0,609,408,0.193882667304101,0.00203956250015374,2.819,0.0464370045911168,0.313222222222222
"off",0,610,409,0.192986572873293,0.0020585379815133,2.733,0.0473492656009886,0.303666666666667
"off",0,611,410,0.192167495568265,0.00206619272843782,2.756,0.0471028946316751,0.306222222222222
"off",0,612,411,0.191319492649447,0.00206156983662297,2.747,0.0436221720446599,0.305222222222222
"off",0,613,412,0.190616554907675,0.00205793261126097,2.744,0.046804429861442,0.304888888888889
"off",0,614,413,0.189846979251443,0.00206208565835768,2.817,0.04747383242129,0.313
"off",0,615,414,0.188889597790507,0.0020572380657533,2.89,0.0469478871101148,0.321111111111111
"off",0,616,415,0.188130291588518,0.00205965181511438,2.837,0.0449716961371646,0.315222222222222
"off",0,617,416,0.18741125106752,0.00205548519033661,2.783,0.0476884177257453,0.309222222222222
"off",0,618,417,0.186799068280899,0.00204220272059938,2.79,0.046152248374592,0.31
"off",0,619,418,0.185982347004195,0.00203536043503307,2.809,0.047610773841493,0.312111111111111
"off",0,620,419,0.185005160165485,0.00203483080172142,2.794,0.0455811544570959,0.310444444444444
"off",0,621,420,0.184197906028545,0.00204556797151434,2.891,0.0481813287533712,0.321222222222222
"off",0,622,421,0.183391089290898,0.00203715411429203,2.814,0.0450936518529763,0.312666666666667
"off",0,623,422,0.182729048237454,0.0020486216504423,2.816,0.0451905541699389,0.312888888888889
"off",0,624,423,0.181947106209915,0.00205275218101837,2.821,0.046228736691544,0.313444444444444
"off",0,625,424,0.181068425394221,0.00205702206759395,2.766,0.0445109562380457,0.307333333333333
"off",0,626,425,0.180651626974797,0.00205061000798252,2.835,0.0458898777605788,0.315
"off",0,627,426,0.179746684521303,0.00205041185804425,2.818,0.0482410945481466,0.313111111111111
"off",0,628,427,0.178877408718136,0.00205485190974832,2.818,0.0456175071322072,0.313111111111111
"off",0,629,428,0.17809622366414,0.00204767120971389,2.851,0.0474452321108249,0.316777777777778
"off",0,630,429,0.177421207373652,0.00203908237038011,2.792,0.045572061757318,0.310222222222222
"off",0,631,430,0.176677790531553,0.00204126933875829,2.796,0.0470382461045967,0.310666666666667
"off",0,632,431,0.176148599868931,0.00203498249028729,2.671,0.0439396141276831,0.296777777777778
"off",0,633,432,0.175465607693441,0.00203496952691297,2.755,0.0459247654766367,0.306111111111111
"off",0,634,433,0.174795856839017,0.0020298277007842,2.705,0.0460009901098997,0.300555555555556
"off",0,635,434,0.174124754789213,0.00202659509874676,2.796,0.0465892107097186,0.310666666666667
"off",0,636,435,0.173197292636388,0.00202980865288941,2.759,0.0444397782835815,0.306555555555556
"off",0,637,436,0.172441524219302,0.00203872598402595,2.789,0.0482369755043349,0.309888888888889
"off",0,638,437,0.171396367791714,0.0020317484576614,2.701,0.0461489840487169,0.300111111111111
"off",0,639,438,0.170397813591223,0.00202695042851662,2.761,0.0455406736111022,0.306777777777778
"off",0,640,439,0.169642795720392,0.00202265387028207,2.779,0.0461550570283399,0.308777777777778
"off",0,641,440,0.169137093764493,0.00202552380728423,2.786,0.0455881813881876,0.309555555555556
"off",0,642,441,0.168323527744154,0.00202837388772364,2.744,0.0457882142102151,0.304888888888889
"off",0,643,442,0.167332299349498,0.00202584315249396,2.741,0.045891448277702,0.304555555555556
"off",0,644,443,0.166404130917279,0.00203108954229415,2.795,0.0457937994937315,0.310555555555556
"off",0,645,444,0.165879861132318,0.00202927139939335,2.647,0.0458529551227998,0.294111111111111
"off",0,646,445,0.165241843000153,0.00203106334770646,2.796,0.0479445792836133,0.310666666666667
"off",0,647,446,0.164733719350045,0.00203090351996795,2.802,0.046872091835046,0.311333333333333
"off",0,648,447,0.163976443734549,0.00202480318666624,2.794,0.0464728277999491,0.310444444444444
"off",0,649,448,0.16348317328662,0.00202898581583888,2.705,0.0467349885969725,0.300555555555556
"off",0,650,449,0.163059055815237,0.00202808746249093,2.791,0.0449370486162404,0.310111111111111
"off",0,651,450,0.162376272933324,0.00202888571872023,2.691,0.044175450993402,0.299
"off",0,652,451,0.161778543815296,0.00202909546615303,2.796,0.0461791783871966,0.310666666666667
"off",0,653,452,0.161034346512357,0.00202770016476461,2.736,0.0461132348727612,0.304
"off",0,654,453,0.160316155524515,0.00202972974196062,2.739,0.0441455301002018,0.304333333333333
"off",0,655,454,0.159489043500349,0.00201207976353523,2.76,0.0476725568086368,0.306666666666667
"off",0,656,455,0.158893365638265,0.00201336476357849,2.711,0.04415233208369,0.301222222222222
"off",0,657,456,0.158146253841833,0.00201794278809761,2.788,0.0450231394183378,0.309777777777778
"off",0,658,457,0.157717136381781,0.00202349248407299,2.766,0.0449807432938504,0.307333333333333
"off",0,659,458,0.157008322694518,0.00201910814069718,2.811,0.0462105444072499,0.312333333333333
"off",0,660,459,0.156679956162214,0.00202868913955552,2.755,0.0451997568358284,0.306111111111111
"off",0,661,460,0.156097938139789,0.00203645968421963,2.782,0.0458102016430245,0.309111111111111
"off",0,662,461,0.154783065945763,0.00203889859336511,2.702,0.0451135371172691,0.300222222222222
"off",0,663,462,0.154226828315266,0.00202656804347833,2.733,0.0452963879659601,0.303666666666667
"off",0,664,463,0.153536388566045,0.00203126059473129,2.837,0.0479241872933465,0.315222222222222
"off",0,665,464,0.152995300132295,0.00203678449938425,2.7,0.0462832814539132,0.3
"off",0,666,465,0.152437977661411,0.00203697884689719,2.702,0.0453348789702943,0.300222222222222
"off",0,667,466,0.151756144308905,0.00203415295370002,2.725,0.0454691372520134,0.302777777777778
"off",0,668,467,0.15108740575978,0.00203207910630139,2.678,0.046760052421939,0.297555555555556
"off",0,669,468,0.150318660324729,0.0020370565487423,2.678,0.0451259609576608,0.297555555555556
"off",0,670,469,0.149303278729244,0.00203262621349384,2.716,0.0457978322788477,0.301777777777778
"off",0,671,470,0.148687868770755,0.00202577730288984,2.698,0.0440992147406362,0.299777777777778
"off",0,672,471,0.147937352320334,0.00202537669763175,2.797,0.0469253981655244,0.310777777777778
"off",0,673,472,0.147417319628428,0.00202132497833032,2.686,0.0457766261262173,0.298444444444444
"off",0,674,473,0.146966619502253,0.00202162493736172,2.798,0.0471955869062291,0.310888888888889
"off",0,675,474,0.146497631652809,0.00201306326819452,2.75,0.0466655941532697,0.305555555555556
"off",0,676,475,0.145741697452306,0.00201335579464734,2.762,0.0457104522559712,0.306888888888889
"off",0,677,476,0.145145038782721,0.00202354751912933,2.764,0.0448365287942131,0.307111111111111
"off",0,678,477,0.144454648650979,0.0020188518528806,2.672,0.0473989732237172,0.296888888888889
"off",0,679,478,0.14407627196253,0.00201377454821874,2.72,0.0461489948940357,0.302222222222222
"off",0,680,479,0.143664623836817,0.00201035277954675,2.765,0.0468611883222244,0.307222222222222
"off",0,681,480,0.143034036646135,0.00200604919298871,2.789,0.0447267199722883,0.309888888888889
"off",0,682,481,0.142390895208014,0.00201022063494291,2.721,0.0446671484891769,0.302333333333333
"off",0,683,482,0.141669509349545,0.00200862319028488,2.736,0.0460697995049515,0.304
"off",0,684,483,0.141062571267133,0.00200788066598432,2.752,0.0460718853382258,0.305777777777778
"off",0,685,484,0.140562247778987,0.00201161152580231,2.695,0.0448551779283839,0.299444444444444
"off",0,686,485,0.139928991895217,0.00199973601368883,2.662,0.0456710175257991,0.295777777777778
"off",0,687,486,0.139292929514513,0.00200337333409489,2.718,0.0473573512637554,0.302
"off",0,688,487,0.138649083534688,0.00200044222380125,2.722,0.0462044462238305,0.302444444444444
"off",0,689,488,0.137879235878743,0.00198782259907578,2.784,0.0442413980486748,0.309333333333333
"off",0,690,489,0.137404072223097,0.00199438488565182,2.774,0.0454641726086703,0.308222222222222
"off",0,691,490,0.136989926650088,0.00199395531662843,2.738,0.0460594993185713,0.304222222222222
"off",0,692,491,0.136374728716209,0.00199606651221067,2.707,0.043898497446702,0.300777777777778
"off",0,693,492,0.135522158425648,0.00199202267156239,2.673,0.0440682767193481,0.297
"off",0,694,493,0.134752127382116,0.00199678908973645,2.726,0.0442592688923226,0.302888888888889
"off",0,695,494,0.134010763572266,0.00198978943357111,2.728,0.0461968629903607,0.303111111111111
"off",0,696,495,0.133675162682349,0.00198752135256632,2.697,0.0462312483968185,0.299666666666667
"off",0,697,496,0.132954585598898,0.00198864255462379,2.744,0.04587557703799,0.304888888888889
"off",0,698,497,0.132232009952774,0.0019818535085046,2.769,0.0463442206406234,0.307666666666667
"off",0,699,498,0.131447736224622,0.00198656769268492,2.657,0.0467068788566796,0.295222222222222
"off",0,700,499,0.130858791855477,0.001991487713454,2.681,0.0439906146146444,0.297888888888889
"off",0,701,500,0.130303066387723,0.00198774062753,2.693,0.0449975085507605,0.299222222222222
"off",0,702,501,0.129846460231386,0.00199049843368693,2.676,0.0477839649600921,0.297333333333333
"off",0,703,502,0.129241883898115,0.00199748695903537,2.686,0.0464280040445369,0.298444444444444
"off",0,704,503,0.128895071514022,0.0019892048594514,2.77,0.0454881211875053,0.307777777777778
"off",0,705,504,0.128628284098376,0.00198617665196729,2.736,0.0449257423124241,0.304
"off",0,706,505,0.128234309783961,0.00198538100327305,2.735,0.0441216695255484,0.303888888888889
"off",0,707,506,0.127502073219024,0.00198029646612849,2.765,0.0456931380281862,0.307222222222222
"off",0,708,507,0.12701245606859,0.00198003729960895,2.622,0.0457297190807817,0.291333333333333
"off",0,709,508,0.126246997846252,0.00197739641646813,2.727,0.0446594387052218,0.303
"off",0,710,509,0.125540890306033,0.00197500781191264,2.671,0.0452416379655491,0.296777777777778
"off",0,711,510,0.125316725204896,0.00197553205224082,2.736,0.0461999830999801,0.304
"off",0,712,511,0.124621705052139,0.00197606752535782,2.708,0.0448636684718129,0.300888888888889
"off",0,713,512,0.124151972536477,0.00197998414344651,2.73,0.0460567174386235,0.303333333333333
"off",0,714,513,0.123585819474795,0.00198355229352851,2.739,0.0455076911076574,0.304333333333333
"off",0,715,514,0.123323595328236,0.0019896837633196,2.631,0.0468511903160851,0.292333333333333
"off",0,716,515,0.122618123778926,0.00198190830842343,2.69,0.0455628793644123,0.298888888888889
"off",0,717,516,0.122369690258937,0.00197610131522455,2.771,0.0471888311551133,0.307888888888889
"off",0,718,517,0.121770010515442,0.00198244177593297,2.701,0.0461055823596745,0.300111111111111
"off",0,719,518,0.120916127978767,0.00197322789245961,2.746,0.045005660860713,0.305111111111111
"off",0,720,519,0.120391257101622,0.00196447963055666,2.628,0.0443348799657965,0.292
"off",0,721,520,0.120129346075233,0.00196129671559509,2.676,0.0447775505027802,0.297333333333333
"off",0,722,521,0.119484332422558,0.00195744126911109,2.607,0.0441418112394529,0.289666666666667
"off",0,723,522,0.119106157571972,0.00195105302724206,2.714,0.0458727403618785,0.301555555555556
"off",0,724,523,0.118638053930949,0.00195336373777356,2.714,0.0448130808158981,0.301555555555556
"off",0,725,524,0.118048062234941,0.00194248004798969,2.649,0.0465829257235847,0.294333333333333
"off",0,726,525,0.117246693859212,0.00194258412278356,2.706,0.0468161911709588,0.300666666666667
"off",0,727,526,0.116573462893458,0.0019395343530743,2.645,0.0433688350760757,0.293888888888889
"off",0,728,527,0.116492860201889,0.0019402242334928,2.663,0.0454697536665694,0.295888888888889
"off",0,729,528,0.116132610703223,0.00192762249826881,2.722,0.0463990179731087,0.302444444444444
"off",0,730,529,0.115769354688513,0.00192530476436717,2.614,0.0448666581886484,0.290444444444444
"off",0,731,530,0.115066385607689,0.00192064767551642,2.625,0.0454581284419128,0.291666666666667
"off",0,732,531,0.114552585247331,0.00192068610672863,2.702,0.0448687999528536,0.300222222222222
"off",0,733,532,0.114136448112342,0.00192483537790395,2.726,0.0464443869706675,0.302888888888889
"off",0,734,533,0.113677292786252,0.00192391683782118,2.705,0.0450999890134022,0.300555555555556
"off",0,735,534,0.113323686946175,0.001921787117377,2.744,0.0458973917621748,0.304888888888889
"off",0,736,535,0.112813689454063,0.00193543022966686,2.627,0.046108534969103,0.291888888888889
"off",0,737,536,0.112514722082088,0.00193388100143864,2.625,0.0467178505237298,0.291666666666667
"off",0,738,537,0.112069803909098,0.0019348611050793,2.687,0.0464455400247232,0.298555555555556
"off",0,739,538,0.11148373565695,0.00192878577017842,2.723,0.0438656493761939,0.302555555555556
"off",0,740,539,0.110840682476657,0.001929656514251,2.695,0.0451221787041695,0.299444444444444
"off",0,741,540,0.110376666892995,0.00193345100250204,2.771,0.0459420250932594,0.307888888888889
"off",0,742,541,0.110122442006313,0.00192662235215843,2.727,0.0449498775470134,0.303
"off",0,743,542,0.109781775451598,0.00192688604003021,2.631,0.0465940984461552,0.292333333333333
"off",0,744,543,0.108893927378874,0.00193108743913685,2.697,0.0457524238077536,0.299666666666667
"off",0,745,544,0.108345360727744,0.0019304458406487,2.615,0.0464858681314645,0.290555555555556
"off",0,746,545,0.107614908684387,0.00193047633562255,2.659,0.0460308357282145,0.295444444444444
"off",0,747,546,0.107082898061217,0.00193265620258026,2.586,0.0454386252946615,0.287333333333333
"off",0,748,547,0.106825527712341,0.00193474834433279,2.644,0.0460802277271648,0.293777777777778
"off",0,749,548,0.106206933043149,0.00193194304007152,2.635,0.0467970614992542,0.292777777777778
"off",0,750,549,0.105559712400435,0.00191984729459911,2.574,0.0441415050997639,0.286
"off",0,751,550,0.105057928036379,0.00192120864392189,2.682,0.0464869555578449,0.298
"off",0,752,551,0.104563604495311,0.00192428803686714,2.582,0.0453357621677557,0.286888888888889
"off",0,753,552,0.103982646777475,0.00192741299875255,2.672,0.0447707540747352,0.296888888888889
"off",0,754,553,0.103292515773276,0.00192927705721367,2.681,0.0461450795683392,0.297888888888889
"off",0,755,554,0.102844928673655,0.00192555442578974,2.665,0.0451532259513517,0.296111111111111
"off",0,756,555,0.102299955732627,0.00193007814144814,2.657,0.046835291656448,0.295222222222222
"off",0,757,556,0.102225441731642,0.00193255675148638,2.648,0.0429644264705343,0.294222222222222
"off",0,758,557,0.101914343982087,0.00192536280406087,2.666,0.0451273806073483,0.296222222222222
"off",0,759,558,0.101358184463874,0.00192311649617322,2.661,0.0449900333752167,0.295666666666667
"off",0,760,559,0.100955189283489,0.00192320749885419,2.675,0.0450266854476588,0.297222222222222
"off",0,761,560,0.100436295137193,0.0019228735888555,2.622,0.0443969265500112,0.291333333333333
"off",0,762,561,0.100153172950759,0.00191954756552239,2.627,0.0449431962691895,0.291888888888889
"off",0,763,562,0.0999258671001873,0.00193061773802087,2.667,0.0446329822340286,0.296333333333333
"off",0,764,563,0.0996766676232693,0.0019383966882252,2.669,0.0462339331722553,0.296555555555556
"off",0,765,564,0.0990603607428401,0.00195386630300966,2.712,0.0448002573995179,0.301333333333333
"off",0,766,565,0.0990090807433175,0.00195477814781282,2.689,0.0458080492640471,0.298777777777778
"off",0,767,566,0.0986776020379165,0.00195733714938442,2.652,0.0457710715517016,0.294666666666667
"off",0,768,567,0.0981015086186201,0.00195659085789058,2.635,0.0443818064610349,0.292777777777778
"off",0,769,568,0.097599476492575,0.00194296682202265,2.652,0.0467876595384412,0.294666666666667
"off",0,770,569,0.0976878123367128,0.00195134307823292,2.645,0.0468312733989603,0.293888888888889
"off",0,771,570,0.0972235429202333,0.0019514368681538,2.612,0.0463206390456954,0.290222222222222
"off",0,772,571,0.097149204695534,0.00194737847262586,2.643,0.0446715406780037,0.293666666666667
"off",0,773,572,0.0965864844186606,0.0019396767010476,2.646,0.0458124740958486,0.294
"off",0,774,573,0.096623263244732,0.00193661962900669,2.638,0.0444852215340661,0.293111111111111
"off",0,775,574,0.0962074645700482,0.00193855350152902,2.577,0.0448785593026899,0.286333333333333
"off",0,776,575,0.0961142816320587,0.00193908436910652,2.688,0.0454612221868564,0.298666666666667
"off",0,777,576,0.0957118293050989,0.00193900932854355,2.671,0.0459659860317591,0.296777777777778
"off",0,778,577,0.0951892379616061,0.00193355515556452,2.599,0.0452575656354519,0.288777777777778
"off",0,779,578,0.0945694489451828,0.00193479850000007,2.593,0.0441282029806144,0.288111111111111
"off",0,780,579,0.0941357653173535,0.00193559095428499,2.667,0.0443630373067387,0.296333333333333
"off",0,781,580,0.0940689914021891,0.00193940198976653,2.625,0.0440262798032415,0.291666666666667
"off",0,782,581,0.0936633725839897,0.00193664571809399,2.724,0.0461514241812097,0.302666666666667
"off",0,783,582,0.0932719819562974,0.00194536978428061,2.596,0.0438943129654706,0.288444444444444
"off",0,784,583,0.0930002266325631,0.00194040875685288,2.63,0.044396746176618,0.292222222222222
"off",0,785,584,0.0927128745692307,0.0019311978408046,2.706,0.0448729047151796,0.300666666666667
"off",0,786,585,0.0921341038497048,0.00192489109958994,2.653,0.0463112916655943,0.294777777777778
"off",0,787,586,0.0916711773168114,0.00192607998899033,2.638,0.0456622496274663,0.293111111111111
"off",0,788,587,0.091256815115656,0.00192286226069204,2.652,0.0458147901337002,0.294666666666667
"off",0,789,588,0.0906581481409152,0.00191976700417446,2.655,0.0462180820795401,0.295
"off",0,790,589,0.0904249509509526,0.00192040105497672,2.559,0.0451947072295149,0.284333333333333
"off",0,791,590,0.0900488710841605,0.00191825147021294,2.627,0.0453864619785562,0.291888888888889
"off",0,792,591,0.0892690503401782,0.00191966289629415,2.615,0.0442349605146394,0.290555555555556
"off",0,793,592,0.0888885612444079,0.00192641629788965,2.63,0.0469819891799751,0.292222222222222
"off",0,794,593,0.0885458755439944,0.0019192435990111,2.56,0.0467395398413868,0.284444444444444
"off",0,795,594,0.0881115537672879,0.0019174068017276,2.569,0.0423205627329084,0.285444444444444
"off",0,796,595,0.087614287709301,0.00192077759985808,2.667,0.0430111725132084,0.296333333333333
"off",0,797,596,0.0872094823132722,0.00192379539265837,2.584,0.0439189352429323,0.287111111111111
"off",0,798,597,0.0867853475213778,0.00192466638222755,2.573,0.0457686111408874,0.285888888888889
"off",0,799,598,0.0865859794724425,0.00191574364298841,2.64,0.04445645483365,0.293333333333333
"off",0,800,599,0.0864410675193533,0.00191123084958278,2.664,0.0457952093695532,0.296
"off",0,801,600,0.086189027977943,0.00191145185881812,2.66,0.0438899342255867,0.295555555555556
"off",0,802,601,0.0861006769244849,0.00191304119663614,2.656,0.0443128381806856,0.295111111111111
"off",0,803,602,0.0855746477220467,0.00192829113152713,2.593,0.0448482147065229,0.288111111111111
"off",0,804,603,0.0850778915711017,0.00192768751730279,2.645,0.0447546419712858,0.293888888888889
"off",0,805,604,0.0845770452021817,0.00192952454834132,2.656,0.0462147141049232,0.295111111111111
"off",0,806,605,0.0842014013716686,0.00192522021050512,2.619,0.0439291334852938,0.291
"off",0,807,606,0.0839060939983993,0.0019215334500723,2.707,0.04679038726427,0.300777777777778
"off",0,808,607,0.0837672688683043,0.00192577846930627,2.681,0.0460364894226129,0.297888888888889
"off",0,809,608,0.0833255735679792,0.00192129488070985,2.69,0.0471606204806948,0.298888888888889
"off",0,810,609,0.0830130750116222,0.00192113966492122,2.594,0.0457521284451035,0.288222222222222
"off",0,811,610,0.0824109422736784,0.00190765722599986,2.58,0.0463437994530848,0.286666666666667
"off",0,812,611,0.0816232977084231,0.00191928605777861,2.623,0.0456174522737949,0.291444444444444
"off",0,813,612,0.0815112061006511,0.00190342857722838,2.692,0.0456203596787353,0.299111111111111
"off",0,814,613,0.0812909274404164,0.00190589012557383,2.618,0.0455867760886219,0.290888888888889
"off",0,815,614,0.0812932556258255,0.00191679444230117,2.619,0.0445401259857089,0.291
"off",0,816,615,0.0812764831128044,0.00191056726826974,2.585,0.045638337588675,0.287222222222222
"off",0,817,616,0.0809096078663431,0.00191305499588265,2.699,0.0449045144213299,0.299888888888889
"off",0,818,617,0.08051808469452,0.00190972898590875,2.649,0.0448308912337114,0.294333333333333
"off",0,819,618,0.0801993940157372,0.00190086394379467,2.642,0.0450540327369912,0.293555555555556
"off",0,820,619,0.0798539725955488,0.00189385344299246,2.653,0.0455924299601335,0.294777777777778
"off",0,821,620,0.079454470674553,0.00188992669278736,2.585,0.0451753894926853,0.287222222222222
"off",0,822,621,0.0792309825988848,0.00189056841904735,2.577,0.0434506496954756,0.286333333333333
"off",0,823,622,0.0790559590534855,0.00189340068438478,2.55,0.0445812459167249,0.283333333333333
"off",0,824,623,0.078642580145751,0.00189739163153812,2.611,0.0445607973970921,0.290111111111111
"off",0,825,624,0.0781453018583887,0.00189282918101572,2.656,0.0460628460452215,0.295111111111111
"off",0,826,625,0.0779425801114413,0.00189472037073063,2.634,0.0449896440091279,0.292666666666667
"off",0,827,626,0.0776730296171008,0.00189392127616415,2.553,0.0453348237698816,0.283666666666667
"off",0,828,627,0.0773243274276013,0.00188669491230645,2.576,0.0430357534623953,0.286222222222222
"off",0,829,628,0.0770455682007472,0.00187849910568457,2.625,0.0448149906101004,0.291666666666667
"off",0,830,629,0.076779926532154,0.00187393557043167,2.6,0.0466065679080982,0.288888888888889
"off",0,831,630,0.0765964141040759,0.0018707549182105,2.592,0.045183819864832,0.288
"off",0,832,631,0.0763320660590926,0.00186757593379143,2.572,0.0459448248111462,0.285777777777778
"off",0,833,632,0.0756861397883644,0.001884511714511,2.56,0.043500486115586,0.284444444444444
"off",0,834,633,0.0755171134510555,0.00188717695448556,2.576,0.0456761459660325,0.286222222222222
"off",0,835,634,0.0754820116637082,0.00188582224235698,2.491,0.044563492961222,0.276777777777778
"off",0,836,635,0.0753382558685923,0.00188244380200906,2.614,0.0467888148299696,0.290444444444444
"off",0,837,636,0.0751623560982765,0.00187003211394014,2.663,0.0462771279637423,0.295888888888889
"off",0,838,637,0.0748313359866485,0.00188285536336441,2.623,0.0449543311805647,0.291444444444444
"off",0,839,638,0.0743403593034966,0.00187206002182728,2.546,0.044495661180208,0.282888888888889
"off",0,840,639,0.0741213849410794,0.00187520267631073,2.64,0.044792928084759,0.293333333333333
"off",0,841,640,0.0736160007882204,0.00189008666249999,2.648,0.0434509376651872,0.294222222222222
"off",0,842,641,0.0731426215254196,0.0018864512874274,2.595,0.0452440274734912,0.288333333333333
"off",0,843,642,0.0727121243646855,0.00188672799951483,2.588,0.0447466005218079,0.287555555555556
"off",0,844,643,0.0724084160740236,0.00188764013651356,2.698,0.0468079799498654,0.299777777777778
"off",0,845,644,0.0722127829453723,0.00188798242154575,2.571,0.0451995796662094,0.285666666666667
"off",0,846,645,0.0722340902129009,0.00188524181516112,2.587,0.0453485114142403,0.287444444444444
"off",0,847,646,0.0720294554211617,0.00188267238813315,2.666,0.0452823861395851,0.296222222222222
"off",0,848,647,0.0717765064797817,0.00188976838056175,2.669,0.0453375616293431,0.296555555555556
"off",0,849,648,0.0715038094992328,0.00188858298600995,2.612,0.0436045566123239,0.290222222222222
"off",0,850,649,0.0711003574270486,0.00188881735961328,2.588,0.0448583132570571,0.287555555555556
"off",0,851,650,0.0706058620426073,0.00189107728439456,2.551,0.0448710643111171,0.283444444444444
"off",0,852,651,0.070336589999402,0.00189786623793213,2.651,0.0466194419997963,0.294555555555556
"off",0,853,652,0.0700779575546625,0.00190350739054293,2.534,0.0444839614110838,0.281555555555556
"off",0,854,653,0.0694767157121008,0.00189808856624444,2.57,0.0442386376039889,0.285555555555556
"off",0,855,654,0.0693178417284294,0.00189664853360941,2.598,0.0466966441682544,0.288666666666667
"off",0,856,655,0.0688896818981945,0.00189765800845841,2.626,0.0453009511619367,0.291777777777778
"off",0,857,656,0.0685130668445862,0.00191236279253054,2.565,0.0450088969071761,0.285
"off",0,858,657,0.0679171965488028,0.00191374494163125,2.548,0.0462367152145767,0.283111111111111
"off",0,859,658,0.0675389177795184,0.00191942448486752,2.618,0.0448339836071487,0.290888888888889
"off",0,860,659,0.0671365793726008,0.00190810438766418,2.705,0.0456295634107653,0.300555555555556
"off",0,861,660,0.0668838405239556,0.0019102514859377,2.593,0.0453365901497501,0.288111111111111
"off",0,862,661,0.0667761268132252,0.00191135806538166,2.556,0.0454635120831083,0.284
"off",0,863,662,0.0665264390730251,0.00190235479850905,2.595,0.0453103523273439,0.288333333333333
"off",0,864,663,0.0662110560788903,0.00190759522401587,2.598,0.0451490247340341,0.288666666666667
"off",0,865,664,0.0656541591096805,0.00190254263852036,2.624,0.0466776477856673,0.291555555555556
"off",0,866,665,0.0652250419571851,0.0018970572459207,2.643,0.0456906843748113,0.293666666666667
"off",0,867,666,0.0652379640003116,0.00189855083961138,2.553,0.0451356647035158,0.283666666666667
"off",0,868,667,0.0648858232495833,0.00190694385911297,2.56,0.045370237584329,0.284444444444444
"off",0,869,668,0.0647383574789484,0.00191809445340334,2.602,0.0441989767930158,0.289111111111111
"off",0,870,669,0.0642340864211773,0.00191456892774775,2.61,0.0446754507072499,0.29
"off",0,871,670,0.0642346553624845,0.0019176580641154,2.576,0.0450583427819338,0.286222222222222
"off",0,872,671,0.0641971680546511,0.00191665840316752,2.598,0.0445014199366309,0.288666666666667
"off",0,873,672,0.0639602557471283,0.00191964425039046,2.616,0.0452392593948063,0.290666666666667
"off",0,874,673,0.0635220500788396,0.0019204933584191,2.638,0.0464662793336751,0.293111111111111
"off",0,875,674,0.0631963365390223,0.00191898803730966,2.63,0.0445542936773221,0.292222222222222
"off",0,876,675,0.0627714387320568,0.00191516574521495,2.623,0.0446863275271964,0.291444444444444
"off",0,877,676,0.0623622819743267,0.00191254584631905,2.608,0.0462869147651739,0.289777777777778
"off",0,878,677,0.0619639861301197,0.00190939983104719,2.596,0.0443028977240396,0.288444444444444
"off",0,879,678,0.0617982286507932,0.00190631592865175,2.537,0.0450628634427692,0.281888888888889
"off",0,880,679,0.0615097863184787,0.00190975611975187,2.598,0.0434313513752713,0.288666666666667
"off",0,881,680,0.0613102262121232,0.0019103418129585,2.625,0.0439124504361042,0.291666666666667
"off",0,882,681,0.0613265381860394,0.00190941856065838,2.606,0.0461399273178114,0.289555555555556
"off",0,883,682,0.0610038207535679,0.00190929146366859,2.578,0.0458695979927884,0.286444444444444
"off",0,884,683,0.0605420106266194,0.00190966819995641,2.543,0.0433131276523302,0.282555555555556
"off",0,885,684,0.0603756152074034,0.00190533259237181,2.58,0.0459533645309209,0.286666666666667
"off",0,886,685,0.0601552832224356,0.00191041028945892,2.563,0.0463916283739122,0.284777777777778
"off",0,887,686,0.0597899427899915,0.00190686964570899,2.55,0.0432824834473876,0.283333333333333
"off",0,888,687,0.0592521567489904,0.00190145373573053,2.578,0.0463903876688702,0.286444444444444
"off",0,889,688,0.0589161100051876,0.00189590369703932,2.669,0.0458862130115849,0.296555555555556
"off",0,890,689,0.0586942322244772,0.00189785751115323,2.632,0.0459639933936194,0.292444444444444
"off",0,891,690,0.0581369464668781,0.00190166662635775,2.644,0.0442178608620905,0.293777777777778
"off",0,892,691,0.0576754549178695,0.00190435682507434,2.575,0.045436102819668,0.286111111111111
"off",0,893,692,0.0573590392143988,0.00190238813183493,2.581,0.0456236837675404,0.286777777777778
"off",0,894,693,0.0572114676453246,0.00189350262948932,2.686,0.0458203394084273,0.298444444444444
"off",0,895,694,0.0570936898590744,0.00189750528619627,2.574,0.0455257794726967,0.286
"off",0,896,695,0.0567435357690794,0.00190187484654169,2.535,0.0456602656569128,0.281666666666667
"off",0,897,696,0.0565649061349747,0.00190545582137721,2.553,0.045927119442659,0.283666666666667
"off",0,898,697,0.0563100395292129,0.00191299028994284,2.468,0.0438280377942806,0.274222222222222
"off",0,899,698,0.056071165006549,0.00191751961162686,2.541,0.0437061692353519,0.282333333333333
"off",0,900,699,0.0557729959271446,0.0019165452538027,2.606,0.0451752676229464,0.289555555555556
"off",0,901,700,0.0554769348563417,0.00190804124392676,2.564,0.0448097301030916,0.284888888888889
"off",0,902,701,0.0550670702519273,0.00191033633349331,2.615,0.0436884845661149,0.290555555555556
"off",0,903,702,0.0547264466607515,0.00191100641987732,2.57,0.0443516298129738,0.285555555555556
"off",0,904,703,0.0547863945024641,0.00192566568216691,2.578,0.0455630551213589,0.286444444444444
"off",0,905,704,0.0547504093618282,0.0019261226911229,2.605,0.0459465568469074,0.289444444444444
"off",0,906,705,0.0546458228184807,0.00192713052713806,2.594,0.0461442660933435,0.288222222222222
"off",0,907,706,0.0542888695484898,0.00192563128714856,2.65,0.0446261301424566,0.294444444444444
"off",0,908,707,0.0540641303208827,0.00193513770385364,2.615,0.045241814970465,0.290555555555556
"off",0,909,708,0.0537625875246129,0.00194187508192571,2.516,0.0446288666194398,0.279555555555556
"off",0,910,709,0.053928721098219,0.00194142382579038,2.617,0.0460263992663931,0.290777777777778
"off",0,911,710,0.0534759274513018,0.00194477187603889,2.543,0.0451906316972137,0.282555555555556
"off",0,912,711,0.0528441599394261,0.00194227964380782,2.523,0.0465794014628854,0.280333333333333
"off",0,913,712,0.0527488996590589,0.0019443100964797,2.541,0.0456552669842526,0.282333333333333
"off",0,914,713,0.0527777916948206,0.00194603790385447,2.667,0.0456529867061861,0.296333333333333
"off",0,915,714,0.0524033587924538,0.00195916868352523,2.531,0.0444636482535566,0.281222222222222
"off",0,916,715,0.0521848528723395,0.00196270475442188,2.629,0.044937494126602,0.292111111111111
"off",0,917,716,0.0519806809971781,0.00194542896192942,2.581,0.0454918510121156,0.286777777777778
"off",0,918,717,0.0516599724758393,0.00195073515403951,2.536,0.044684457037103,0.281777777777778
"off",0,919,718,0.0514402610273165,0.00194454327864274,2.552,0.0441729243682965,0.283555555555556
"off",0,920,719,0.0513359998821358,0.00194016588499961,2.585,0.0447747672219498,0.287222222222222
"off",0,921,720,0.0507720255924358,0.00194270055924986,2.615,0.0449977754983485,0.290555555555556
"off",0,922,721,0.0505440054494192,0.00194471634498496,2.641,0.0454553097578841,0.293444444444444
"off",0,923,722,0.0501978071546652,0.00194664254717836,2.604,0.0453568213308787,0.289333333333333
"off",0,924,723,0.0500529072699209,0.00194705633287503,2.589,0.0441591330194449,0.287666666666667
"off",0,925,724,0.0496278902065116,0.00195276822232632,2.612,0.0444232982727468,0.290222222222222
"off",0,926,725,0.0494472291946829,0.00195055717644928,2.528,0.0439220348475017,0.280888888888889
"off",0,927,726,0.0491903662576993,0.00194558558465466,2.58,0.0442895197711778,0.286666666666667
"off",0,928,727,0.0490294070179223,0.00194512082873215,2.551,0.0446698376356394,0.283444444444444
"off",0,929,728,0.048818768802908,0.00194666126666544,2.561,0.0443197838808272,0.284555555555556
"off",0,930,729,0.0489020871141591,0.00195839602879454,2.657,0.0462113242234682,0.295222222222222
"off",0,931,730,0.048697930378518,0.00196596882776561,2.572,0.0450427002392711,0.285777777777778
"off",0,932,731,0.0484575973507037,0.00197349332750585,2.583,0.0460350978084139,0.287
"off",0,933,732,0.0481387471934026,0.0019750133102103,2.555,0.0445978022324414,0.283888888888889
"off",0,934,733,0.0478213064848301,0.00198334431276592,2.576,0.044924851054202,0.286222222222222
"off",0,935,734,0.0473880240230473,0.00197522779089746,2.529,0.0460790872553082,0.281
"off",0,936,735,0.047143311756646,0.00196931785811624,2.53,0.0436692913499522,0.281111111111111
"off",0,937,736,0.0470380923161899,0.00197105675154626,2.579,0.0443364942764392,0.286555555555556
"off",0,938,737,0.0468615899014727,0.00196254737203254,2.62,0.0457568977717421,0.291111111111111
"off",0,939,738,0.046616832224724,0.00196872431948712,2.642,0.0437006378185233,0.293555555555556
"off",0,940,739,0.0465322919126637,0.00197072808374954,2.596,0.0453965289955611,0.288444444444444
"off",0,941,740,0.0465163452504252,0.00197274486709405,2.572,0.0458139161709071,0.285777777777778
"off",0,942,741,0.0466119918550529,0.00197591568316409,2.547,0.0445620553473106,0.283
"off",0,943,742,0.0464373679415992,0.00197479869540418,2.534,0.0442809756532619,0.281555555555556
"off",0,944,743,0.0462715147425044,0.00197164631370188,2.578,0.0457822237556457,0.286444444444444
"off",0,945,744,0.0461200758759063,0.00197214861969253,2.594,0.0440125107338936,0.288222222222222
"off",0,946,745,0.0459636914566097,0.00196558029851413,2.607,0.0467625676982964,0.289666666666667
"off",0,947,746,0.0455599387339041,0.00196202990925186,2.596,0.0448195581503518,0.288444444444444
"off",0,948,747,0.0452461819258048,0.0019649012992398,2.593,0.0460377070505307,0.288111111111111
"off",0,949,748,0.0451521602080399,0.00196259582231449,2.594,0.0452239893110858,0.288222222222222
"off",0,950,749,0.0449453503935518,0.00197459647597781,2.595,0.0457500608531625,0.288333333333333
"mild",0.3,1,-200,0,0,2.586,0.0448175480432899,0.287333333333333
"mild",0.3,2,-199,9.99096122318636e-05,0.000179762708138557,2.433,0.0434672336409897,0.270333333333333
"mild",0.3,3,-198,0.000125977619534089,0.000255318499386337,2.466,0.0424104072444797,0.274
"mild",0.3,4,-197,0.000154751050708342,0.00031685147498534,2.49,0.0454749158104548,0.276666666666667
"mild",0.3,5,-196,1.3990198953791e-05,0.00036272145627717,2.485,0.044133011711447,0.276111111111111
"mild",0.3,6,-195,0.000406088032070376,0.000396570785379235,2.537,0.0461167839051875,0.281888888888889
"mild",0.3,7,-194,0.000322861061663799,0.000437892025580501,2.568,0.0443998575149441,0.285333333333333
"mild",0.3,8,-193,0.000414088949547071,0.000473878614403925,2.399,0.0443369458213435,0.266555555555556
"mild",0.3,9,-192,0.000636322515528641,0.000507604897337892,2.554,0.0438521037922585,0.283777777777778
"mild",0.3,10,-191,0.000705899345830248,0.00053636026193085,2.415,0.0455724900773686,0.268333333333333
"mild",0.3,11,-190,0.000554359314047677,0.000564322153255952,2.492,0.0443836220458168,0.276888888888889
"mild",0.3,12,-189,0.000424186146248009,0.000588134734668726,2.582,0.0469199049176089,0.286888888888889
"mild",0.3,13,-188,0.000732267040539492,0.000614339337067911,2.49,0.0443606567564983,0.276666666666667
"mild",0.3,14,-187,0.000744368788991148,0.000634997842045094,2.532,0.0439648599327793,0.281333333333333
"mild",0.3,15,-186,0.000630923118221189,0.000655996724206118,2.494,0.043403316092758,0.277111111111111
"mild",0.3,16,-185,0.000456436219621595,0.000679513682160374,2.445,0.0449109339915347,0.271666666666667
"mild",0.3,17,-184,0.000413210550501101,0.0007076893039254,2.484,0.0440872735342945,0.276
"mild",0.3,18,-183,0.00030344313079933,0.000717675651837027,2.503,0.0463911968280961,0.278111111111111
"mild",0.3,19,-182,0.00037163010960609,0.000733065824603223,2.562,0.0468652574126328,0.284666666666667
"mild",0.3,20,-181,9.41444522289746e-05,0.000754151731635002,2.509,0.0454531075393638,0.278777777777778
"mild",0.3,21,-180,0.000248813186096547,0.000772751202024152,2.434,0.0422069357502465,0.270444444444444
"mild",0.3,22,-179,0.000498644597880257,0.000792089518165339,2.408,0.0430742543915898,0.267555555555556
"mild",0.3,23,-178,0.000654259451002687,0.000812344680771651,2.501,0.0450336210738935,0.277888888888889
"mild",0.3,24,-177,0.000912165925311269,0.000830164914285478,2.404,0.0441217716182239,0.267111111111111
"mild",0.3,25,-176,0.000971518818329082,0.000855333620773786,2.509,0.0451437366304223,0.278777777777778
"mild",0.3,26,-175,0.00110587763724463,0.000870119726125166,2.42,0.0430052258388378,0.268888888888889
"mild",0.3,27,-174,0.00107329103804578,0.000873463347885605,2.541,0.0452367700589393,0.282333333333333
"mild",0.3,28,-173,0.00120808906460869,0.000881038367446209,2.458,0.0432678646122974,0.273111111111111
"mild",0.3,29,-172,0.000917415182550775,0.000895691405242986,2.498,0.0461749729629388,0.277555555555556
"mild",0.3,30,-171,0.000916492474556844,0.000906458226166663,2.476,0.0443327124073117,0.275111111111111
"mild",0.3,31,-170,0.00116085391485912,0.00092664852062138,2.457,0.044812488874857,0.273
"mild",0.3,32,-169,0.001154509927422,0.000942594097086012,2.463,0.0430637374769712,0.273666666666667
"mild",0.3,33,-168,0.0013250502310187,0.000962240175333006,2.626,0.044543328435447,0.291777777777778
"mild",0.3,34,-167,0.00139490403969138,0.00098570234784985,2.514,0.0443370022641337,0.279333333333333
"mild",0.3,35,-166,0.00138712947508751,0.000994190392348748,2.438,0.043104686682703,0.270888888888889
"mild",0.3,36,-165,0.00147340244049468,0.00100925600481768,2.404,0.0437343880338649,0.267111111111111
"mild",0.3,37,-164,0.00158798227983166,0.00102659556890814,2.538,0.0446379720478938,0.282
"mild",0.3,38,-163,0.00130881514348643,0.00103557680375181,2.451,0.0445374290073257,0.272333333333333
"mild",0.3,39,-162,0.00147250230641839,0.00103733611644368,2.402,0.0439582566570641,0.266888888888889
"mild",0.3,40,-161,0.00136628643210808,0.00105074718695615,2.38,0.0450069508590127,0.264444444444444
"mild",0.3,41,-160,0.00134773972919416,0.00106358223812693,2.514,0.0454077731877032,0.279333333333333
"mild",0.3,42,-159,0.0014307872971604,0.00107655767960104,2.46,0.0456122843155272,0.273333333333333
"mild",0.3,43,-158,0.00126412726784272,0.00108930560919484,2.481,0.0444028221018733,0.275666666666667
"mild",0.3,44,-157,0.00119178622189258,0.00109472189580113,2.492,0.0442480948052445,0.276888888888889
"mild",0.3,45,-156,0.00132667265931434,0.00110625031173809,2.431,0.0428844736248224,0.270111111111111
"mild",0.3,46,-155,0.00136836138247141,0.00111130677976258,2.485,0.045363342390446,0.276111111111111
"mild",0.3,47,-154,0.00136038570745244,0.00112196718275023,2.454,0.0444731588923236,0.272666666666667
"mild",0.3,48,-153,0.0014190991309491,0.00113129797654102,2.495,0.0431953798552671,0.277222222222222
"mild",0.3,49,-152,0.00149666172777786,0.00114067132831006,2.469,0.0457507610005792,0.274333333333333
"mild",0.3,50,-151,0.00142752687771742,0.00114634576005909,2.524,0.0464497748281043,0.280444444444444
"mild",0.3,51,-150,0.00156999497378793,0.00116475123598667,2.57,0.046359996217097,0.285555555555556
"mild",0.3,52,-149,0.00190735273188596,0.00117533604627291,2.509,0.0437702505685633,0.278777777777778
"mild",0.3,53,-148,0.00241053627475882,0.00118257873716326,2.594,0.046057412924363,0.288222222222222
"mild",0.3,54,-147,0.00250957179778977,0.00119810789734319,2.562,0.0470783641641504,0.284666666666667
"mild",0.3,55,-146,0.00270420361321421,0.00119847131071951,2.551,0.0443550038481157,0.283444444444444
"mild",0.3,56,-145,0.00275209348855652,0.00120653454162451,2.543,0.0466081894448105,0.282555555555556
"mild",0.3,57,-144,0.00268815818439532,0.00122055816063702,2.397,0.0452043630021974,0.266333333333333
"mild",0.3,58,-143,0.00252410825828636,0.00122627853202104,2.45,0.0430505906272302,0.272222222222222
"mild",0.3,59,-142,0.0025024447108067,0.00123213879774772,2.534,0.0450430113655031,0.281555555555556
"mild",0.3,60,-141,0.0024738658297742,0.00124572374722462,2.506,0.0456513750948213,0.278444444444444
"mild",0.3,61,-140,0.00257856058086701,0.00125033283545674,2.439,0.0459389746227469,0.271
"mild",0.3,62,-139,0.00251987580482282,0.00126531182542149,2.506,0.0442257834291258,0.278444444444444
"mild",0.3,63,-138,0.0023765211278301,0.00127027365048927,2.511,0.0447647504503586,0.279
"mild",0.3,64,-137,0.00271272897244831,0.00127717015656703,2.493,0.0441803452103184,0.277
"mild",0.3,65,-136,0.00257812751846741,0.00127353427846749,2.47,0.0441253560557538,0.274444444444444
"mild",0.3,66,-135,0.0027197468081935,0.00128607833977575,2.535,0.0443479620923186,0.281666666666667
"mild",0.3,67,-134,0.00307157849531911,0.00129938585495815,2.472,0.0437164400097622,0.274666666666667
"mild",0.3,68,-133,0.00331937013727672,0.00130739151796571,2.489,0.0424226198940928,0.276555555555555
"mild",0.3,69,-132,0.00345301876395511,0.00131637045047822,2.533,0.0448209763383163,0.281444444444444
"mild",0.3,70,-131,0.00331328239607107,0.00132231002913783,2.553,0.0441943904148944,0.283666666666667
"mild",0.3,71,-130,0.00334476482378685,0.00133202800082288,2.446,0.0444641547885606,0.271777777777778
"mild",0.3,72,-129,0.00311466699694073,0.00134889136558089,2.477,0.044265454142372,0.275222222222222
"mild",0.3,73,-128,0.0032346494725562,0.00136002450328753,2.535,0.0451310515256602,0.281666666666667
"mild",0.3,74,-127,0.00325805301329771,0.00136886212659475,2.553,0.044734686678149,0.283666666666667
"mild",0.3,75,-126,0.0032302741783242,0.00137693633267295,2.509,0.0437015884016681,0.278777777777778
"mild",0.3,76,-125,0.00326018778335769,0.00139150792913181,2.47,0.0440572473157487,0.274444444444444
"mild",0.3,77,-124,0.00331598713648372,0.00138533503369957,2.475,0.045688756411862,0.275
"mild",0.3,78,-123,0.00330403218028441,0.00139633475687694,2.538,0.0455920457386443,0.282
"mild",0.3,79,-122,0.00335879560219294,0.00141164009434242,2.52,0.0448286695052353,0.28
"mild",0.3,80,-121,0.00339070709154389,0.00140794734768336,2.4,0.0446093038500938,0.266666666666667
"mild",0.3,81,-120,0.00341628999128997,0.00141792970619064,2.453,0.0443142725851926,0.272555555555556
"mild",0.3,82,-119,0.00340843560967008,0.00141287930498025,2.489,0.0450989236336402,0.276555555555556
"mild",0.3,83,-118,0.00359561913981932,0.00140491272192628,2.508,0.0460440664587314,0.278666666666667
"mild",0.3,84,-117,0.00344548003780588,0.00141579824155063,2.513,0.0453639602425635,0.279222222222222
"mild",0.3,85,-116,0.00360059416758898,0.00142301988096999,2.463,0.0443914586559353,0.273666666666667
"mild",0.3,86,-115,0.00357875954139718,0.0014358979817183,2.44,0.04468105187209,0.271111111111111
"mild",0.3,87,-114,0.00336121575147852,0.00144167684469506,2.496,0.0440445674734574,0.277333333333333
"mild",0.3,88,-113,0.00327565711856196,0.00145215585174796,2.479,0.0443116522206352,0.275444444444444
"mild",0.3,89,-112,0.00325009954593709,0.00146111232406194,2.446,0.0430690020657427,0.271777777777778
"mild",0.3,90,-111,0.00309195685373727,0.0014641611383998,2.513,0.0450983909343211,0.279222222222222
"mild",0.3,91,-110,0.00293884912223036,0.00146389235562195,2.506,0.043426372745716,0.278444444444444
"mild",0.3,92,-109,0.00293948117204491,0.00146812431528041,2.598,0.0469531745529585,0.288666666666667
"mild",0.3,93,-108,0.00311386828349602,0.00146786956338905,2.523,0.0461692820239021,0.280333333333333
"mild",0.3,94,-107,0.00315319923840836,0.00147207412453529,2.548,0.04496351540658,0.283111111111111
"mild",0.3,95,-106,0.00324349437809076,0.00147502608509272,2.439,0.0452363274959995,0.271
"mild",0.3,96,-105,0.00344654220788867,0.00147205374658268,2.4,0.0442035513726437,0.266666666666667
"mild",0.3,97,-104,0.00342434920999708,0.00148230472557267,2.46,0.0446586429976819,0.273333333333333
"mild",0.3,98,-103,0.00349839091647097,0.00148403867969067,2.522,0.0469437931969683,0.280222222222222
"mild",0.3,99,-102,0.00353126285078589,0.00148738245982205,2.541,0.0430368582864869,0.282333333333333
"mild",0.3,100,-101,0.00352455376199129,0.00148977507791251,2.526,0.0438548429166865,0.280666666666667
"mild",0.3,101,-100,0.00342349298204052,0.00149156050231062,2.554,0.0451566509289953,0.283777777777778
"mild",0.3,102,-99,0.00377393324384486,0.00149513939985966,2.492,0.0435181551749364,0.276888888888889
"mild",0.3,103,-98,0.00396470580996855,0.00150224743279946,2.499,0.0451002553544104,0.277666666666667
"mild",0.3,104,-97,0.00412889226913263,0.00151052063057992,2.521,0.0454050726309365,0.280111111111111
"mild",0.3,105,-96,0.00388636319129722,0.00152589779328188,2.506,0.0445415305972747,0.278444444444444
"mild",0.3,106,-95,0.00397795673764303,0.0015344328756453,2.516,0.0443814568678602,0.279555555555556
"mild",0.3,107,-94,0.00411315628431351,0.00153875448328103,2.479,0.0438346949399729,0.275444444444444
"mild",0.3,108,-93,0.00406656226143731,0.00154164889167905,2.493,0.0449440871636189,0.277
"mild",0.3,109,-92,0.00414878233464543,0.00154840819196497,2.562,0.0464792030516477,0.284666666666667
"mild",0.3,110,-91,0.00426863772201444,0.00154618142050867,2.475,0.0449153914865761,0.275
"mild",0.3,111,-90,0.00432425986408043,0.00154999598358838,2.493,0.0430093106292208,0.277
"mild",0.3,112,-89,0.00425811714852348,0.0015550809315505,2.445,0.0443727838200843,0.271666666666667
"mild",0.3,113,-88,0.00417074103236,0.00156033295818739,2.511,0.0434253930870495,0.279
"mild",0.3,114,-87,0.0040552856071836,0.00156662139917772,2.532,0.0466814219487276,0.281333333333333
"mild",0.3,115,-86,0.00415199838756042,0.00158074516168953,2.458,0.0431520346924462,0.273111111111111
"mild",0.3,116,-85,0.00393609228740751,0.00158851252485129,2.428,0.0432976984456527,0.269777777777778
"mild",0.3,117,-84,0.00428104874800416,0.00160575324327204,2.481,0.0442221052709456,0.275666666666667
"mild",0.3,118,-83,0.00420672469956477,0.00162431230817372,2.464,0.0444823862071572,0.273777777777778
"mild",0.3,119,-82,0.00425959630734551,0.00161961728190938,2.594,0.0460356740287712,0.288222222222222
"mild",0.3,120,-81,0.0040702769832271,0.00161541378430019,2.544,0.0447220758022709,0.282666666666667
"mild",0.3,121,-80,0.00377396704567488,0.00161723880491299,2.532,0.0452882658867286,0.281333333333333
"mild",0.3,122,-79,0.00364018111587517,0.00162301602570007,2.451,0.0461489840487169,0.272333333333333
"mild",0.3,123,-78,0.00391038191514859,0.00162930458849886,2.445,0.0456624578845692,0.271666666666667
"mild",0.3,124,-77,0.00372768542932524,0.00163727834222437,2.449,0.0454473812718011,0.272111111111111
"mild",0.3,125,-76,0.00393092531636032,0.00165225828914014,2.458,0.0448580901092348,0.273111111111111
"mild",0.3,126,-75,0.0035911002389162,0.00165610135473017,2.454,0.0458910665597346,0.272666666666667
"mild",0.3,127,-74,0.00361536956445005,0.0016576914470393,2.556,0.0437810550441716,0.284
"mild",0.3,128,-73,0.00347516115111516,0.00165377727939988,2.518,0.0446729411576141,0.279777777777778
"mild",0.3,129,-72,0.00349752881932547,0.00166257523450747,2.546,0.0453866053361996,0.282888888888889
"mild",0.3,130,-71,0.00357355090611503,0.00167019243845754,2.527,0.0444212138988146,0.280777777777778
"mild",0.3,131,-70,0.00371397710319358,0.00166901912746118,2.593,0.0444896654328883,0.288111111111111
"mild",0.3,132,-69,0.00373146972678749,0.00167396595070793,2.467,0.0451103751474751,0.274111111111111
"mild",0.3,133,-68,0.00339860285067443,0.0016767125013047,2.472,0.0440131020623764,0.274666666666667
"mild",0.3,134,-67,0.0036337891548325,0.00168246240163783,2.511,0.0442700670751563,0.279
"mild",0.3,135,-66,0.00385068642460008,0.00168411986210783,2.494,0.0433109667386894,0.277111111111111
"mild",0.3,136,-65,0.00420785099712906,0.0016832176726428,2.526,0.0440825052290279,0.280666666666667
"mild",0.3,137,-64,0.0042710468428943,0.00169157021683211,2.511,0.0441568661572448,0.279
"mild",0.3,138,-63,0.00418098353757531,0.00169898957581623,2.454,0.0428452998556402,0.272666666666667
"mild",0.3,139,-62,0.00430724245380796,0.00170670815972163,2.547,0.0443819868951443,0.283
"mild",0.3,140,-61,0.00452375972394311,0.00171534397295871,2.435,0.042515674551659,0.270555555555556
"mild",0.3,141,-60,0.00458904926025756,0.00171840753805258,2.567,0.0443562676346698,0.285222222222222
"mild",0.3,142,-59,0.0048871287338863,0.00172211384723543,2.475,0.045491146879854,0.275
"mild",0.3,143,-58,0.00490442079196415,0.00172961967138233,2.485,0.0448529462442189,0.276111111111111
"mild",0.3,144,-57,0.0049074438935729,0.00173569924547506,2.466,0.0434595528363179,0.274
"mild",0.3,145,-56,0.00511187745774085,0.00173387444828289,2.499,0.0446765597936433,0.277666666666667
"mild",0.3,146,-55,0.0053464826429892,0.00173370615960057,2.483,0.044650920535916,0.275888888888889
"mild",0.3,147,-54,0.00550683112387866,0.00173326221562527,2.561,0.0460477947289487,0.284555555555556
"mild",0.3,148,-53,0.00549469893258702,0.00173806103976968,2.536,0.0458563714963015,0.281777777777778
"mild",0.3,149,-52,0.00566837224903036,0.00173903650373102,2.527,0.0433722509463384,0.280777777777778
"mild",0.3,150,-51,0.00590110694853361,0.00174420551501911,2.43,0.0427425657503961,0.27
"mild",0.3,151,-50,0.00597459753639855,0.00174555787373038,2.521,0.0456688585870574,0.280111111111111
"mild",0.3,152,-49,0.00592743152708821,0.00175275962225839,2.459,0.0446801445310477,0.273222222222222
"mild",0.3,153,-48,0.00584178405281877,0.00176187128106047,2.422,0.0442252402127095,0.269111111111111
"mild",0.3,154,-47,0.00598461039899353,0.00175619843225592,2.486,0.0436314990311785,0.276222222222222
"mild",0.3,155,-46,0.00605712063872479,0.00175964960953856,2.485,0.0442236444758992,0.276111111111111
"mild",0.3,156,-45,0.00589786734887794,0.00176862564463441,2.531,0.0460125651986079,0.281222222222222
"mild",0.3,157,-44,0.00579380545387974,0.00177165753976858,2.532,0.0439192999136473,0.281333333333333
"mild",0.3,158,-43,0.00583790208066407,0.00177562092587949,2.457,0.0435436223464134,0.273
"mild",0.3,159,-42,0.00582483094102498,0.00177604846808593,2.572,0.0438262106134756,0.285777777777778
"mild",0.3,160,-41,0.0057823507770494,0.00177558942798365,2.529,0.046252549100545,0.281
"mild",0.3,161,-40,0.00607551728688668,0.00177715312428693,2.496,0.0449889765165648,0.277333333333333
"mild",0.3,162,-39,0.00623464957150388,0.0017816630095924,2.503,0.0449222551638831,0.278111111111111
"mild",0.3,163,-38,0.00657217001324722,0.0017851477523266,2.48,0.0448956079769015,0.275555555555556
"mild",0.3,164,-37,0.0065173031011552,0.00178719524452756,2.498,0.0441355179412675,0.277555555555555
"mild",0.3,165,-36,0.00668403482988063,0.00179223044213956,2.45,0.0439708247981936,0.272222222222222
"mild",0.3,166,-35,0.00664996702560681,0.00179395858582075,2.56,0.0445464295357594,0.284444444444444
"mild",0.3,167,-34,0.0065928762019522,0.00180166971994967,2.433,0.0442885140016286,0.270333333333333
"mild",0.3,168,-33,0.00657708303058537,0.00180442249733215,2.536,0.0445498449906248,0.281777777777778
"mild",0.3,169,-32,0.0067732542238296,0.00180489434322956,2.483,0.0462152231071844,0.275888888888889
"mild",0.3,170,-31,0.0067442356983372,0.00180556193393008,2.51,0.0457164083233796,0.278888888888889
"mild",0.3,171,-30,0.00669422800671859,0.00180839581248213,2.547,0.0454737161320565,0.283
"mild",0.3,172,-29,0.00698626652005509,0.00181343523345298,2.59,0.0455628793644122,0.287777777777778
"mild",0.3,173,-28,0.00693525339228709,0.00181761740081532,2.568,0.045776319986118,0.285333333333333
"mild",0.3,174,-27,0.00668223078629197,0.00182150286658922,2.446,0.0432313885152092,0.271777777777778
"mild",0.3,175,-26,0.0069285980668514,0.00181812289314851,2.471,0.044171372065062,0.274555555555556
"mild",0.3,176,-25,0.00721541346911658,0.00181275818980542,2.447,0.0450246401231391,0.271888888888889
"mild",0.3,177,-24,0.00720460911060568,0.00180816455474565,2.475,0.0428159807572851,0.275
"mild",0.3,178,-23,0.00714784365035165,0.00180655593776092,2.522,0.0433519941340118,0.280222222222222
"mild",0.3,179,-22,0.00703511703043402,0.00182140135364975,2.526,0.0430485444257663,0.280666666666667
"mild",0.3,180,-21,0.00693826787855497,0.00182498758147824,2.523,0.0448941698496197,0.280333333333333
"mild",0.3,181,-20,0.00710255471760904,0.00183733902902815,2.52,0.0448063344585073,0.28
"mild",0.3,182,-19,0.00711439985619192,0.0018493948801282,2.504,0.0438623746268703,0.278222222222222
"mild",0.3,183,-18,0.00736711853819927,0.00185370944463996,2.561,0.0454570714558839,0.284555555555556
"mild",0.3,184,-17,0.00747630603059681,0.0018560095597327,2.48,0.0457131238233583,0.275555555555555
"mild",0.3,185,-16,0.0073530181578866,0.00185445686102127,2.502,0.0455419594447809,0.278
"mild",0.3,186,-15,0.00731612596907376,0.00184806884539441,2.524,0.0454256258898819,0.280444444444444
"mild",0.3,187,-14,0.00734226198763603,0.00185496411201436,2.565,0.0437914682637234,0.285
"mild",0.3,188,-13,0.00731331460630448,0.00185787671074317,2.538,0.0452172599855475,0.282
"mild",0.3,189,-12,0.00734793845406724,0.00184917678220248,2.466,0.044573880589767,0.274
"mild",0.3,190,-11,0.00762197700820114,0.00185025855725987,2.565,0.0452970951257012,0.285
"mild",0.3,191,-10,0.00743516901570731,0.00185067918342964,2.531,0.0439428033922504,0.281222222222222
"mild",0.3,192,-9,0.00782647314818274,0.00185618562790974,2.452,0.0451412642017675,0.272444444444444
"mild",0.3,193,-8,0.00807003672347538,0.00187683715832438,2.573,0.0460955073276755,0.285888888888889
"mild",0.3,194,-7,0.00858293232113816,0.00188706241219282,2.469,0.0441926689847081,0.274333333333333
"mild",0.3,195,-6,0.00884125475932123,0.00189064395191221,2.439,0.0442745890917039,0.271
"mild",0.3,196,-5,0.00895425368854935,0.00189471920124384,2.528,0.0448020448553772,0.280888888888889
"mild",0.3,197,-4,0.00886359736586515,0.00188835822022362,2.505,0.0451221787041693,0.278333333333333
"mild",0.3,198,-3,0.00895395617401138,0.00189074491050328,2.555,0.0449109339915347,0.283888888888889
"mild",0.3,199,-2,0.00926147875252232,0.00188725314210529,2.537,0.0436639157375693,0.281888888888889
"mild",0.3,200,-1,0.0092503168753454,0.00188730885768547,2.488,0.0444503299406408,0.276444444444444
"mild",0.3,201,0,1.00977720306313,0.00189032014987129,4.237,0.048797666052919,0.470777777777778
"mild",0.3,202,1,1.00580749725667,0.00189545566727794,4.405,0.0480966556871504,0.489444444444444
"mild",0.3,203,2,1.00186244246463,0.00190052837478341,4.271,0.0504391029173112,0.474555555555556
"mild",0.3,204,3,0.99815639502034,0.00190971938075831,4.299,0.0481031486798205,0.477666666666667
"mild",0.3,205,4,0.994018700929948,0.00191042406928542,4.312,0.0491026177211263,0.479111111111111
"mild",0.3,206,5,0.990329297801676,0.00190614656319124,4.258,0.0475151943455321,0.473111111111111
"mild",0.3,207,6,0.986459268725448,0.0019060209800596,4.267,0.0512673320872011,0.474111111111111
"mild",0.3,208,7,0.982753413236955,0.00190989744803635,4.269,0.0498911628259768,0.474333333333333
"mild",0.3,209,8,0.979072373340125,0.00191610031976187,4.331,0.047955591318831,0.481222222222222
"mild",0.3,210,9,0.975681780035093,0.00192655722368216,4.357,0.0491932004546458,0.484111111111111
"mild",0.3,211,10,0.972279090684561,0.00191799001752746,4.308,0.0464682181205097,0.478666666666667
"mild",0.3,212,11,0.968942543222014,0.00192549602403363,4.225,0.0507242343258915,0.469444444444444
"mild",0.3,213,12,0.965697533584695,0.00193651946135467,4.199,0.0488444959517936,0.466555555555556
"mild",0.3,214,13,0.962533134757495,0.00193624724212405,4.231,0.048662172238886,0.470111111111111
"mild",0.3,215,14,0.959328406456985,0.00193958769308952,4.254,0.049859502303673,0.472666666666667
"mild",0.3,216,15,0.956351567949119,0.00194173421602364,4.162,0.0473285959647652,0.462444444444444
"mild",0.3,217,16,0.953077634430943,0.00194207534896856,4.3,0.0475211348586948,0.477777777777778
"mild",0.3,218,17,0.949866692404161,0.00195076645676772,4.262,0.0484944090355548,0.473555555555556
"mild",0.3,219,18,0.946959708306372,0.00194343249782581,4.102,0.0497802578747246,0.455777777777778
"mild",0.3,220,19,0.944005520675814,0.00193903110139254,4.243,0.0493800505203204,0.471444444444444
"mild",0.3,221,20,0.940852642326819,0.00193876684056682,4.19,0.0497430836838084,0.465555555555556
"mild",0.3,222,21,0.937867187349267,0.00194636864999409,4.096,0.04863279910872,0.455111111111111
"mild",0.3,223,22,0.934906730586052,0.00194634102061875,4.247,0.0488095623149131,0.471888888888889
"mild",0.3,224,23,0.93205229217304,0.00195028823184486,4.21,0.0495010136295244,0.467777777777778
"mild",0.3,225,24,0.929385651374206,0.00195660332190463,4.278,0.0486320992872102,0.475333333333333
"mild",0.3,226,25,0.92666570891504,0.0019601333748511,4.242,0.048453934657402,0.471333333333333
"mild",0.3,227,26,0.923970206420237,0.00196000735834561,4.181,0.0477966894619651,0.464555555555555
"mild",0.3,228,27,0.921193658777272,0.00197114043404672,4.168,0.0495401880318416,0.463111111111111
"mild",0.3,229,28,0.918526359462962,0.00197997940826432,4.126,0.051388371882798,0.458444444444444
"mild",0.3,230,29,0.915884807233028,0.00198843479226868,4.21,0.0494605534375259,0.467777777777778
"mild",0.3,231,30,0.913081199795832,0.00198009941021236,4.161,0.0486564121822237,0.462333333333333
"mild",0.3,232,31,0.910027442895537,0.00198556685779242,4.157,0.0499684685361464,0.461888888888889
"mild",0.3,233,32,0.907213540835692,0.00198516364632486,4.177,0.0500417343342053,0.464111111111111
"mild",0.3,234,33,0.904731473533731,0.00198948867770809,4.202,0.0508111973661103,0.466888888888889
"mild",0.3,235,34,0.902001571288717,0.00199257068271015,4.121,0.0487312398132218,0.457888888888889
"mild",0.3,236,35,0.899262554792934,0.00199785121552301,4.197,0.0473754729309946,0.466333333333333
"mild",0.3,237,36,0.89659371706375,0.00199201964409807,4.106,0.0502721721361956,0.456222222222222
"mild",0.3,238,37,0.893881528441269,0.00199746783455577,4.227,0.049395454354737,0.469666666666667
"mild",0.3,239,38,0.891576469414374,0.00201233435033959,4.178,0.0492822964637887,0.464222222222222
"mild",0.3,240,39,0.888807661377733,0.00200650183572944,3.988,0.0480433571283708,0.443111111111111
"mild",0.3,241,40,0.886351980587521,0.00201071411885988,4.113,0.0492814332143421,0.457
"mild",0.3,242,41,0.884011000201861,0.00200555580777323,4.055,0.0508779280588701,0.450555555555556
"mild",0.3,243,42,0.881274714468201,0.00201639437439535,4.088,0.0491392986383676,0.454222222222222
"mild",0.3,244,43,0.878388612439958,0.00201192067946257,4.136,0.0475369725977977,0.459555555555556
"mild",0.3,245,44,0.875899946771933,0.00200959867774084,4.084,0.0503336614749759,0.453777777777778
"mild",0.3,246,45,0.87341041393115,0.00201320869895046,4.054,0.0476377303547656,0.450444444444444
"mild",0.3,247,46,0.87102748038394,0.00202426443364187,4.08,0.0486206125420481,0.453333333333333
"mild",0.3,248,47,0.86846835973121,0.00202873118264836,4.069,0.0480056615780217,0.452111111111111
"mild",0.3,249,48,0.866357270341925,0.00202936873605661,4.053,0.0475652546871503,0.450333333333333
"mild",0.3,250,49,0.863686017937905,0.00203457337417472,3.992,0.0498640393712986,0.443555555555556
"mild",0.3,251,50,0.861189227159276,0.00203799027177636,4.06,0.0465248811343409,0.451111111111111
"mild",0.3,252,51,0.858856155059953,0.00203374457983508,3.998,0.0480448155819574,0.444222222222222
"mild",0.3,253,52,0.856629499887926,0.00203199277630965,4.004,0.0493398258855707,0.444888888888889
"mild",0.3,254,53,0.853971930906189,0.00203811500874851,4.062,0.0491586469766264,0.451333333333333
"mild",0.3,255,54,0.85136898705587,0.00203752241896609,4.011,0.04963206969634,0.445666666666667
"mild",0.3,256,55,0.849103095666317,0.00205348433822264,4,0.0495828443966102,0.444444444444444
"mild",0.3,257,56,0.846883926906915,0.00204405603212858,3.928,0.0491653661964726,0.436444444444444
"mild",0.3,258,57,0.84447991846242,0.00204746966082417,4.063,0.0486147549041893,0.451444444444444
"mild",0.3,259,58,0.841839012633045,0.00205380553368478,4.029,0.0485439544692801,0.447666666666667
"mild",0.3,260,59,0.839612367147891,0.00205900457681772,4.118,0.0491170895767297,0.457555555555556
"mild",0.3,261,60,0.837008687662678,0.00205470016725321,3.996,0.047394411381831,0.444
"mild",0.3,262,61,0.834545453295381,0.00206188950887124,3.915,0.0486841364835111,0.435
"mild",0.3,263,62,0.83228990283812,0.00206360906569571,4.015,0.048858593534425,0.446111111111111
"mild",0.3,264,63,0.829895499158338,0.00207632587493699,3.988,0.0478136187936257,0.443111111111111
"mild",0.3,265,64,0.827779323555118,0.00208660112518612,3.974,0.0481418907152768,0.441555555555556
"mild",0.3,266,65,0.825452925280531,0.00208793891394461,3.944,0.0483446088121643,0.438222222222222
"mild",0.3,267,66,0.823471624665237,0.0020853314021694,4.086,0.0505287755358978,0.454
"mild",0.3,268,67,0.821417697132523,0.0020891512597922,4.053,0.0476493595073584,0.450333333333333
"mild",0.3,269,68,0.819121139280542,0.00209194496986822,3.914,0.0497903914734868,0.434888888888889
"mild",0.3,270,69,0.81694525900646,0.00209917475756639,3.983,0.0508851677829631,0.442555555555556
"mild",0.3,271,70,0.814426026113606,0.00209845882003765,4.008,0.0493596228953622,0.445333333333333
"mild",0.3,272,71,0.81240059284435,0.00209646224562126,4.03,0.0488414320580948,0.447777777777778
"mild",0.3,273,72,0.809917810622723,0.00209246249037905,3.946,0.0485534905175873,0.438444444444444
"mild",0.3,274,73,0.807774330656853,0.00210679854001651,3.859,0.0479522514426427,0.428777777777778
"mild",0.3,275,74,0.805699286492527,0.00211164031966844,3.908,0.0486199537216964,0.434222222222222
"mild",0.3,276,75,0.803044104287537,0.00210740405920556,3.92,0.0483108055608053,0.435555555555556
"mild",0.3,277,76,0.800787100692102,0.00210161929008038,4.005,0.0483871503223359,0.445
"mild",0.3,278,77,0.798630090950401,0.00210443256501528,3.929,0.0491770004918698,0.436555555555556
"mild",0.3,279,78,0.796698760507443,0.00211393690914272,4.033,0.0490542283327066,0.448111111111111
"mild",0.3,280,79,0.794393495508266,0.00211304950219945,3.929,0.0479818847197695,0.436555555555556
"mild",0.3,281,80,0.792190353519921,0.00210825447545552,3.879,0.0500085978593668,0.431
"mild",0.3,282,81,0.789634907526413,0.00210990545949656,3.951,0.0489182173836291,0.439
"mild",0.3,283,82,0.787498996439135,0.00210165906339333,3.973,0.0479642739085204,0.441444444444444
"mild",0.3,284,83,0.785205388394026,0.00209843357287209,3.78,0.047915507885192,0.42
"mild",0.3,285,84,0.782431976966709,0.00210677673378024,3.862,0.0483869537922908,0.429111111111111
"mild",0.3,286,85,0.780634981326424,0.00211021039938412,3.867,0.0489050376004631,0.429666666666667
"mild",0.3,287,86,0.778718067926976,0.00212362716254426,3.928,0.0481781811314746,0.436444444444444
"mild",0.3,288,87,0.776603879768193,0.00211368202645203,3.94,0.0476515547560691,0.437777777777778
"mild",0.3,289,88,0.774503832147123,0.00210754118563151,3.89,0.0482724582990158,0.432222222222222
"mild",0.3,290,89,0.772362274975171,0.00211806576823316,3.99,0.0480229758158135,0.443333333333333
"mild",0.3,291,90,0.770371333121647,0.00211972639497087,3.886,0.0490653789490248,0.431777777777778
"mild",0.3,292,91,0.768245605747862,0.00212358304594195,3.902,0.0483604666513335,0.433555555555556
"mild",0.3,293,92,0.766088886280611,0.00213069944345575,3.925,0.0487211324657868,0.436111111111111
"mild",0.3,294,93,0.764134597113383,0.00212228536642098,3.814,0.0494757703512724,0.423777777777778
"mild",0.3,295,94,0.761875795897779,0.0021240997848242,3.932,0.0483499091386294,0.436888888888889
"mild",0.3,296,95,0.75972626544327,0.0021248564550367,3.89,0.0473512633637385,0.432222222222222
"mild",0.3,297,96,0.757970115829251,0.00212249375741936,3.838,0.0475606772241315,0.426444444444444
"mild",0.3,298,97,0.755838940282057,0.00212887620018434,3.908,0.0481024931770677,0.434222222222222
"mild",0.3,299,98,0.753908906847445,0.0021267546713098,3.812,0.0490210063040229,0.423555555555556
"mild",0.3,300,99,0.752042481154146,0.00212636585498561,3.887,0.0474603358972889,0.431888888888889
"mild",0.3,301,100,0.750492147831827,0.00212959816529764,3.798,0.048492757681406,0.422
"mild",0.3,302,101,0.74821900947778,0.00213709796681116,3.977,0.0501096994800606,0.441888888888889
"mild",0.3,303,102,0.746085187791768,0.0021399616986647,3.877,0.0496017271002867,0.430777777777778
"mild",0.3,304,103,0.744008972454151,0.00213729187558227,3.819,0.0482344852316843,0.424333333333333
"mild",0.3,305,104,0.741879832438533,0.00213482478719802,3.858,0.0487053201222227,0.428666666666667
"mild",0.3,306,105,0.739800662373757,0.00213988829270222,3.811,0.0495957532329004,0.423444444444444
"mild",0.3,307,106,0.737626448714424,0.00214398966476118,3.745,0.0477520183369801,0.416111111111111
"mild",0.3,308,107,0.735381773615005,0.00214067272123911,3.808,0.0497353959430265,0.423111111111111
"mild",0.3,309,108,0.733584127210528,0.00213993101153811,3.811,0.050037813529198,0.423444444444444
"mild",0.3,310,109,0.731513819463246,0.00215007267025393,3.752,0.0488352422015176,0.416888888888889
"mild",0.3,311,110,0.729242304821761,0.00215168360373236,3.824,0.0483669656207971,0.424888888888889
"mild",0.3,312,111,0.727165028706853,0.00216145165293786,3.808,0.0470036737430739,0.423111111111111
"mild",0.3,313,112,0.725313608271952,0.00216629150773494,3.716,0.0487618880040728,0.412888888888889
"mild",0.3,314,113,0.72330558131863,0.00215987510123978,3.771,0.0452394253456607,0.419
"mild",0.3,315,114,0.721538492802129,0.00215796293442949,3.823,0.0466674281362156,0.424777777777778
"mild",0.3,316,115,0.719679456320294,0.00216307102346153,3.827,0.0475534681420013,0.425222222222222
"mild",0.3,317,116,0.717743193889437,0.00216754396531262,3.703,0.0486740193548895,0.411444444444444
"mild",0.3,318,117,0.715890594817454,0.00216359160851388,3.806,0.0485254440342253,0.422888888888889
"mild",0.3,319,118,0.713731301908045,0.00217065903762506,3.799,0.048815796439083,0.422111111111111
"mild",0.3,320,119,0.712023627644028,0.00217256374866071,3.745,0.0505225447451683,0.416111111111111
"mild",0.3,321,120,0.709936656077278,0.00218118740439946,3.828,0.0497080163241995,0.425333333333333
"mild",0.3,322,121,0.707952627841616,0.00218019403769772,3.741,0.0491969444105966,0.415666666666667
"mild",0.3,323,122,0.706084845220891,0.00219151921812984,3.88,0.0479572716060861,0.431111111111111
"mild",0.3,324,123,0.704095691595124,0.00217651114384611,3.811,0.0478285120672447,0.423444444444444
"mild",0.3,325,124,0.70205769873494,0.0021801003829841,3.697,0.0478275911841531,0.410777777777778
"mild",0.3,326,125,0.699981775194525,0.0021803216031085,3.781,0.0487792826763416,0.420111111111111
"mild",0.3,327,126,0.698113813447957,0.0021799308596487,3.678,0.0475455210990116,0.408666666666667
"mild",0.3,328,127,0.696489454925666,0.00218764311436113,3.67,0.047427305946568,0.407777777777778
"mild",0.3,329,128,0.694710509723628,0.00218566710479784,3.804,0.0484554633857932,0.422666666666667
"mild",0.3,330,129,0.6928568758686,0.00219103313981203,3.738,0.0474721982807791,0.415333333333333
"mild",0.3,331,130,0.691045484762092,0.00219116319916683,3.801,0.0476410397521786,0.422333333333333
"mild",0.3,332,131,0.689200568027105,0.00218965805760601,3.813,0.0483773849166259,0.423666666666667
"mild",0.3,333,132,0.687065705572582,0.00219837450148396,3.701,0.0502207240202801,0.411222222222222
"mild",0.3,334,133,0.68513962723705,0.00219443077180006,3.722,0.0482601807398712,0.413555555555556
"mild",0.3,335,134,0.683283934745714,0.00219563339516553,3.746,0.0481227576080154,0.416222222222222
"mild",0.3,336,135,0.681675902895373,0.00219464670852518,3.706,0.0476427731543183,0.411777777777778
"mild",0.3,337,136,0.679935001310956,0.00219236231844544,3.638,0.0503138896080148,0.404222222222222
"mild",0.3,338,137,0.678424405114912,0.00219646029110717,3.622,0.0486156299915931,0.402444444444444
"mild",0.3,339,138,0.676766559569135,0.00219790937469585,3.725,0.0491710564539017,0.413888888888889
"mild",0.3,340,139,0.67501630221048,0.00220134508941208,3.661,0.0483778815102463,0.406777777777778
"mild",0.3,341,140,0.673122370441428,0.00219987669421956,3.663,0.0475572569929417,0.407
"mild",0.3,342,141,0.671318780417551,0.00220158384574887,3.727,0.0488759640299796,0.414111111111111
"mild",0.3,343,142,0.669534908777568,0.00220082799565555,3.683,0.0496888315417051,0.409222222222222
"mild",0.3,344,143,0.667761356477482,0.00221008851150066,3.724,0.049439541545895,0.413777777777778
"mild",0.3,345,144,0.666208542082875,0.00221879223081903,3.678,0.0483803333665307,0.408666666666667
"mild",0.3,346,145,0.66455253891911,0.00222683620026577,3.702,0.0496352662898029,0.411333333333333
"mild",0.3,347,146,0.662618747398215,0.00222896227921336,3.616,0.0478417478028639,0.401777777777778
"mild",0.3,348,147,0.660961104353669,0.00222576937844719,3.712,0.0502551647254449,0.412444444444444
"mild",0.3,349,148,0.659058274618959,0.0022195093744868,3.698,0.0459446069403899,0.410888888888889
"mild",0.3,350,149,0.657511960682621,0.00221865403359754,3.692,0.0481191380996318,0.410222222222222
"mild",0.3,351,150,0.655614371859645,0.00221388397834144,3.78,0.0488875238684676,0.42
"mild",0.3,352,151,0.653458815966852,0.00220772475788664,3.678,0.0496465585995723,0.408666666666667
"mild",0.3,353,152,0.651314628986045,0.00220203133286154,3.796,0.0472717528617104,0.421777777777778
"mild",0.3,354,153,0.649502913090513,0.00219772454291042,3.65,0.048330485574178,0.405555555555556
"mild",0.3,355,154,0.647630711309834,0.0021895397789644,3.643,0.0482480971529332,0.404777777777778
"mild",0.3,356,155,0.646002055408262,0.00218920987648929,3.59,0.0478559316092603,0.398888888888889
"mild",0.3,357,156,0.644137559829633,0.00219063652488759,3.671,0.0493273979872463,0.407888888888889
"mild",0.3,358,157,0.642608030067741,0.00219749254948505,3.659,0.0489807933594194,0.406555555555556
"mild",0.3,359,158,0.6404796334952,0.00219623086303595,3.609,0.0483368953849484,0.401
"mild",0.3,360,159,0.638656127230844,0.00220439144883035,3.69,0.0477721904687465,0.41
"mild",0.3,361,160,0.636954375607823,0.0022097088479606,3.652,0.0492068828246345,0.405777777777778
"mild",0.3,362,161,0.635401413822662,0.00220876314996678,3.663,0.0485364480240036,0.407
"mild",0.3,363,162,0.63384355056743,0.00221336645704863,3.671,0.0469570438162792,0.407888888888889
"mild",0.3,364,163,0.632390565299987,0.00221693388337999,3.633,0.0493431428442266,0.403666666666667
"mild",0.3,365,164,0.630468439263871,0.00222625671604973,3.671,0.0491036675836965,0.407888888888889
"mild",0.3,366,165,0.628714903175126,0.00222442761597502,3.644,0.0493528084276842,0.404888888888889
"mild",0.3,367,166,0.626732080863018,0.00223144099574085,3.61,0.0466269672407941,0.401111111111111
"mild",0.3,368,167,0.625222534570436,0.00223565774581862,3.708,0.0475499421345284,0.412
"mild",0.3,369,168,0.62333154965276,0.00224084722296714,3.67,0.0486566281966545,0.407777777777778
"mild",0.3,370,169,0.621513016103467,0.00225190808004945,3.605,0.049653201713892,0.400555555555556
"mild",0.3,371,170,0.619866412483415,0.00224952436037711,3.628,0.0482072602409631,0.403111111111111
"mild",0.3,372,171,0.618436725065119,0.00224867703119116,3.555,0.0453986347375781,0.395
"mild",0.3,373,172,0.616862315826984,0.00224175770918799,3.632,0.0485894735198575,0.403555555555556
"mild",0.3,374,173,0.614990103491725,0.00224609683122185,3.524,0.0483089821643736,0.391555555555556
"mild",0.3,375,174,0.613207201647248,0.00224408363938045,3.561,0.0490375742026834,0.395666666666667
"mild",0.3,376,175,0.611675294281606,0.00224520569219914,3.627,0.0483964173592758,0.403
"mild",0.3,377,176,0.610052618162154,0.00224721276340976,3.659,0.047105604103312,0.406555555555556
"mild",0.3,378,177,0.608258957946903,0.002240028484287,3.575,0.0469102928532276,0.397222222222222
"mild",0.3,379,178,0.606507817073555,0.0022435867176197,3.533,0.0472349673667945,0.392555555555556
"mild",0.3,380,179,0.604927184293137,0.00224575002989001,3.566,0.0490515040549223,0.396222222222222
"mild",0.3,381,180,0.603037429284457,0.00224724966037424,3.554,0.0477845934100875,0.394888888888889
"mild",0.3,382,181,0.601250231369153,0.00224938370280412,3.618,0.0484811966274186,0.402
"mild",0.3,383,182,0.599799242379058,0.00224939777088192,3.551,0.0463848094805891,0.394555555555556
"mild",0.3,384,183,0.598137192717378,0.00225218987944631,3.577,0.0470136286759622,0.397444444444444
"mild",0.3,385,184,0.596608122249173,0.00225341787202165,3.514,0.0482714629375799,0.390444444444444
"mild",0.3,386,185,0.594952514236587,0.00226131552541975,3.465,0.0497317629714475,0.385
"mild",0.3,387,186,0.593470873601926,0.00226101139382398,3.47,0.0475748185846605,0.385555555555556
"mild",0.3,388,187,0.591795917430724,0.00226165563963497,3.606,0.049368017999523,0.400666666666667
"mild",0.3,389,188,0.590172998508477,0.0022649490377536,3.587,0.0482779635212769,0.398555555555556
"mild",0.3,390,189,0.588520440598197,0.00226527966515047,3.567,0.0492131378082408,0.396333333333333
"mild",0.3,391,190,0.586649050945287,0.00227015829892088,3.535,0.048509052022567,0.392777777777778
"mild",0.3,392,191,0.585169359181152,0.0022652522683635,3.503,0.049360180585442,0.389222222222222
"mild",0.3,393,192,0.583279900812283,0.0022683384646533,3.567,0.0478727772622686,0.396333333333333
"mild",0.3,394,193,0.582217075491744,0.00226631877945645,3.526,0.049393964851627,0.391777777777778
"mild",0.3,395,194,0.580765066230879,0.00226633616819009,3.591,0.0494991835202276,0.399
"mild",0.3,396,195,0.579144362211599,0.00226696365767436,3.521,0.0506371713578387,0.391222222222222
"mild",0.3,397,196,0.577425332478504,0.00226863773465258,3.528,0.0478905993855738,0.392
"mild",0.3,398,197,0.57605466844943,0.0022750704858308,3.529,0.0467690746791763,0.392111111111111
"mild",0.3,399,198,0.574400437207066,0.00226569395251812,3.584,0.0480546902315816,0.398222222222222
"mild",0.3,400,199,0.572837349644607,0.00226479718394906,3.491,0.0487061730306466,0.387888888888889
"mild",0.3,401,200,0.571324210055702,0.00226870536755817,3.4,0.0475000658552833,0.377777777777778
"mild",0.3,402,201,0.569676235495373,0.0022717994755825,3.521,0.0478314420318564,0.391222222222222
"mild",0.3,403,202,0.56831092796019,0.00227848372560364,3.535,0.0474027638648003,0.392777777777778
"mild",0.3,404,203,0.566955274464021,0.00227696333929662,3.555,0.0484285073104707,0.395
"mild",0.3,405,204,0.565587769138821,0.00227921543348266,3.576,0.047206487397946,0.397333333333333
"mild",0.3,406,205,0.563950383096197,0.00228248003583765,3.463,0.0470834137233894,0.384777777777778
"mild",0.3,407,206,0.562437897941181,0.00228537594762832,3.451,0.0489489018773148,0.383444444444444
"mild",0.3,408,207,0.560557687954637,0.00228779725175337,3.418,0.0503369626597574,0.379777777777778
"mild",0.3,409,208,0.55912605841708,0.0022900048917255,3.499,0.0494210627307978,0.388777777777778
"mild",0.3,410,209,0.557371425081275,0.00228115299611243,3.467,0.048448511414266,0.385222222222222
"mild",0.3,411,210,0.555620866812957,0.00227724081277285,3.411,0.0490559424074747,0.379
"mild",0.3,412,211,0.553829957359675,0.00227978575067253,3.469,0.0480765051802888,0.385444444444444
"mild",0.3,413,212,0.552087091036855,0.00228212804152557,3.433,0.0479772113905423,0.381444444444444
"mild",0.3,414,213,0.550883002082091,0.0022802102408982,3.416,0.0479295445549116,0.379555555555556
"mild",0.3,415,214,0.549320549807883,0.00228221647611613,3.418,0.0489455991042265,0.379777777777778
"mild",0.3,416,215,0.54784944051357,0.00228119427260011,3.548,0.0489907756225201,0.394222222222222
"mild",0.3,417,216,0.546182565750797,0.00227108610932244,3.485,0.0471380631443104,0.387222222222222
"mild",0.3,418,217,0.544860042447485,0.00226917620029317,3.49,0.0476883022781705,0.387777777777778
"mild",0.3,419,218,0.543405080741537,0.0022643551076095,3.408,0.0476634850573036,0.378666666666667
"mild",0.3,420,219,0.541859531026842,0.00226499995288242,3.532,0.0482628770931168,0.392444444444444
"mild",0.3,421,220,0.540483901411008,0.0022647156468886,3.48,0.0495586123298064,0.386666666666667
"mild",0.3,422,221,0.538759186943462,0.00225924155121732,3.318,0.0467874455924351,0.368666666666667
"mild",0.3,423,222,0.537301036691262,0.00225978528137834,3.352,0.0496241731272025,0.372444444444444
"mild",0.3,424,223,0.536060219663823,0.00226008045357461,3.402,0.0483811609692939,0.378
"mild",0.3,425,224,0.53423107320085,0.00225810133270148,3.453,0.047791998023467,0.383666666666667
"mild",0.3,426,225,0.532854223878282,0.00226223652683268,3.388,0.0489678859442988,0.376444444444444
"mild",0.3,427,226,0.531150136914593,0.00226679747447505,3.384,0.0458764498261213,0.376
"mild",0.3,428,227,0.529397533781371,0.00226502721478192,3.456,0.0481911442734698,0.384
"mild",0.3,429,228,0.527814360206331,0.00226302954702512,3.494,0.0499645920673879,0.388222222222222
"mild",0.3,430,229,0.526140655111388,0.00226500232497673,3.418,0.0482244917194737,0.379777777777778
"mild",0.3,431,230,0.524786883334426,0.00226990511033266,3.393,0.050230210770751,0.377
"mild",0.3,432,231,0.52330583657127,0.00227376890481825,3.402,0.0473776386140194,0.378
"mild",0.3,433,232,0.521374744609335,0.00228226482279392,3.438,0.0473751031703403,0.382
"mild",0.3,434,233,0.520149234895258,0.00228709436104271,3.372,0.0487441482846094,0.374666666666667
"mild",0.3,435,234,0.518739337701344,0.00229289359603655,3.375,0.0485049247780854,0.375
"mild",0.3,436,235,0.517104938261408,0.00230301900451462,3.356,0.0493528084276842,0.372888888888889
"mild",0.3,437,236,0.515644243830747,0.00230415115430028,3.381,0.0486436553437877,0.375666666666667
"mild",0.3,438,237,0.514385333302549,0.00230622110363145,3.391,0.0486259548336429,0.376777777777778
"mild",0.3,439,238,0.512762852592511,0.00231023424870963,3.407,0.048700335961087,0.378555555555556
"mild",0.3,440,239,0.51123611095104,0.00230759312398364,3.425,0.0484223060140647,0.380555555555556
"mild",0.3,441,240,0.510050015376137,0.00230742141361357,3.416,0.0496327251660376,0.379555555555556
"mild",0.3,442,241,0.508516193839271,0.00229932241621116,3.338,0.047307441211653,0.370888888888889
"mild",0.3,443,242,0.507160352381803,0.0022898335109105,3.342,0.0478050344767299,0.371333333333333
"mild",0.3,444,243,0.505785959669501,0.00228710439829535,3.362,0.0484489762874646,0.373555555555556
"mild",0.3,445,244,0.504151678179476,0.00229009922274517,3.388,0.0479766376245539,0.376444444444444
"mild",0.3,446,245,0.502583825750872,0.00228373102565958,3.337,0.0490289183526911,0.370777777777778
"mild",0.3,447,246,0.50098313261084,0.00229241452400461,3.434,0.047832331449888,0.381555555555556
"mild",0.3,448,247,0.499788295221365,0.00229439726534994,3.373,0.0489312299586395,0.374777777777778
"mild",0.3,449,248,0.498241713591978,0.00229257669791132,3.411,0.0491374957999844,0.379
"mild",0.3,450,249,0.497015361109429,0.00228688698802672,3.385,0.0471699056602827,0.376111111111111
"mild",0.3,451,250,0.495517921882663,0.00229106387580899,3.297,0.047529465072206,0.366333333333333
"mild",0.3,452,251,0.494255608164981,0.00229645258441033,3.315,0.0472017266951434,0.368333333333333
"mild",0.3,453,252,0.493007497256524,0.00230124088009526,3.42,0.0474114737995755,0.38
"mild",0.3,454,253,0.49154870538204,0.00230382399609119,3.374,0.0472054271493475,0.374888888888889
"mild",0.3,455,254,0.490059516836721,0.00230761355555204,3.362,0.0475522577509967,0.373555555555556
"mild",0.3,456,255,0.489061895630175,0.00230222142950215,3.392,0.0462003297658196,0.376888888888889
"mild",0.3,457,256,0.487672776892861,0.00229309256650061,3.316,0.049341448890143,0.368444444444444
"mild",0.3,458,257,0.486099705344661,0.00229730176891439,3.353,0.0484224713922754,0.372555555555556
"mild",0.3,459,258,0.484467600643488,0.00229569435854869,3.316,0.0474172162024765,0.368444444444444
"mild",0.3,460,259,0.483516287318269,0.00229387577597745,3.336,0.0485949119298048,0.370666666666667
"mild",0.3,461,260,0.482111774862315,0.00229113507373179,3.302,0.0455507504973396,0.366888888888889
"mild",0.3,462,261,0.480995555406187,0.00229774550628715,3.345,0.0488503977605235,0.371666666666667
"mild",0.3,463,262,0.479863625959001,0.00230392641807057,3.364,0.0478308665172585,0.373777777777778
"mild",0.3,464,263,0.478465378227233,0.00231016256770249,3.281,0.0482324099062587,0.364555555555556
"mild",0.3,465,264,0.47663873330839,0.0023082000906138,3.331,0.0477883115701185,0.370111111111111
"mild",0.3,466,265,0.475199590826606,0.00231397952556121,3.285,0.0491140223071496,0.365
"mild",0.3,467,266,0.474111016422578,0.00231223669998182,3.291,0.0479021253559131,0.365666666666667
"mild",0.3,468,267,0.473269790811635,0.0023154353210073,3.339,0.0467789190476574,0.371
"mild",0.3,469,268,0.472196343728002,0.00230711549787659,3.365,0.0469038908298128,0.373888888888889
"mild",0.3,470,269,0.470775516725931,0.00230877916296324,3.274,0.0496123511374477,0.363777777777778
"mild",0.3,471,270,0.469273042316715,0.00231115879284344,3.387,0.0490064550098521,0.376333333333333
"mild",0.3,472,271,0.468247463050042,0.00230922048538419,3.295,0.0471614164248614,0.366111111111111
"mild",0.3,473,272,0.466986221303985,0.00230903095511164,3.368,0.0480716848767222,0.374222222222222
"mild",0.3,474,273,0.4658446164646,0.00231969692509739,3.312,0.0480100089664745,0.368
"mild",0.3,475,274,0.46438352928096,0.00232517986621411,3.268,0.0473964389213203,0.363111111111111
"mild",0.3,476,275,0.462975922844926,0.00232603550837879,3.275,0.0481424209267948,0.363888888888889
"mild",0.3,477,276,0.461483954461186,0.0023382819171554,3.264,0.0483180984584311,0.362666666666667
"mild",0.3,478,277,0.460145521912627,0.00235477537017737,3.314,0.0452266453481732,0.368222222222222
"mild",0.3,479,278,0.458486339533745,0.00235739106797639,3.234,0.0476183946759181,0.359333333333333
"mild",0.3,480,279,0.457028067376894,0.00235616787668737,3.201,0.0474642165410097,0.355666666666667
"mild",0.3,481,280,0.455899449031681,0.00235562508613427,3.218,0.0473150580123782,0.357555555555556
"mild",0.3,482,281,0.454797497772405,0.00235266690063172,3.295,0.0472250484934129,0.366111111111111
"mild",0.3,483,282,0.453483942399037,0.00236032765452909,3.201,0.0479468236476402,0.355666666666667
"mild",0.3,484,283,0.45216086992108,0.00236512527058775,3.356,0.047723595228582,0.372888888888889
"mild",0.3,485,284,0.45105446714313,0.00237167699133458,3.287,0.0478635761505753,0.365222222222222
"mild",0.3,486,285,0.449829095291254,0.0023572651402343,3.325,0.0473034101583873,0.369444444444444
"mild",0.3,487,286,0.448403359741187,0.00235531491777203,3.176,0.0472785285225679,0.352888888888889
"mild",0.3,488,287,0.447273721432932,0.00236380263853058,3.272,0.0477314811659381,0.363555555555556
"mild",0.3,489,288,0.445791132543984,0.00236455460463943,3.318,0.0475303601410208,0.368666666666667
"mild",0.3,490,289,0.444048966045653,0.00236466834744723,3.213,0.0480201721877061,0.357
"mild",0.3,491,290,0.442568147289488,0.00236880296385089,3.272,0.0471193828083119,0.363555555555556
"mild",0.3,492,291,0.441350655188343,0.0023588356353384,3.256,0.0481537411088979,0.361777777777778
"mild",0.3,493,292,0.440146704124402,0.00236792521201659,3.25,0.0470501191679013,0.361111111111111
"mild",0.3,494,293,0.438641228839461,0.00236148693357594,3.238,0.0489054981341333,0.359777777777778
"mild",0.3,495,294,0.437384515677015,0.0023588854161584,3.231,0.0471790723188244,0.359
"mild",0.3,496,295,0.436099028809621,0.00234638042284898,3.282,0.0457664786778551,0.364666666666667
"mild",0.3,497,296,0.434958949171792,0.00235861150817353,3.321,0.0467348172473493,0.369
"mild",0.3,498,297,0.433728577970283,0.00236121112833202,3.295,0.0476050547866635,0.366111111111111
"mild",0.3,499,298,0.432962699143935,0.00236841158425772,3.304,0.0479153407572133,0.367111111111111
"mild",0.3,500,299,0.431523341359644,0.00237495746541106,3.221,0.0459594524692287,0.357888888888889
"mild",0.3,501,300,0.430118215868865,0.00237558012950702,3.237,0.0481991094747003,0.359666666666667
"mild",0.3,502,301,0.428927035970522,0.00237691090147982,3.256,0.0475681272148349,0.361777777777778
"mild",0.3,503,302,0.42780754775305,0.00238414750526014,3.288,0.0471728871416758,0.365333333333333
"mild",0.3,504,303,0.42623436878207,0.00238759160925862,3.25,0.0469436226095058,0.361111111111111
"mild",0.3,505,304,0.425130076996729,0.00239824772887678,3.264,0.0480063392544007,0.362666666666667
"mild",0.3,506,305,0.424176089981948,0.00238951180151836,3.202,0.0477648142200667,0.355777777777778
"mild",0.3,507,306,0.422997740120265,0.00239180981723493,3.272,0.0485837048440769,0.363555555555556
"mild",0.3,508,307,0.422019252978261,0.00238648348592623,3.223,0.0466631380047297,0.358111111111111
"mild",0.3,509,308,0.420775102504837,0.00238958179373477,3.171,0.0479589309624293,0.352333333333333
"mild",0.3,510,309,0.419762939329033,0.00239398418531546,3.217,0.0476884177257454,0.357444444444444
"mild",0.3,511,310,0.418344195782279,0.0023941953215474,3.19,0.0479395264703166,0.354444444444444
"mild",0.3,512,311,0.417333716691072,0.00238749013754644,3.271,0.0456030551458852,0.363444444444444
"mild",0.3,513,312,0.416143457790673,0.00238473321659244,3.214,0.0467374409696167,0.357111111111111
"mild",0.3,514,313,0.414819518793591,0.00238993579404917,3.181,0.0485447792825922,0.353444444444444
"mild",0.3,515,314,0.413717403852354,0.00238868500346041,3.194,0.0481527017173771,0.354888888888889
"mild",0.3,516,315,0.412486075274337,0.00239216819293495,3.194,0.0480069647933368,0.354888888888889
"mild",0.3,517,316,0.411270578994797,0.00239714915381919,3.203,0.0467330180383739,0.355888888888889
"mild",0.3,518,317,0.410343785647268,0.00239458551416882,3.295,0.048418171375211,0.366111111111111
"mild",0.3,519,318,0.409263952626529,0.00239723794969249,3.233,0.0463989640386923,0.359222222222222
"mild",0.3,520,319,0.408400383161206,0.002399926599135,3.234,0.0479535561094643,0.359333333333333
"mild",0.3,521,320,0.40740827308917,0.00240137942075862,3.239,0.0465407890462231,0.359888888888889
"mild",0.3,522,321,0.406172974689996,0.00239726210337342,3.196,0.0477269511058675,0.355111111111111
"mild",0.3,523,322,0.404973156044835,0.00239475872393457,3.176,0.0463591757171456,0.352888888888889
"mild",0.3,524,323,0.404067990296194,0.00239517595468547,3.121,0.0468246895510429,0.346777777777778
"mild",0.3,525,324,0.403102937631344,0.00239619541188274,3.25,0.0474947971440636,0.361111111111111
"mild",0.3,526,325,0.401655732050258,0.00239315760412963,3.263,0.0468831422691466,0.362555555555556
"mild",0.3,527,326,0.400545020245581,0.00239725509391747,3.062,0.0479421990990658,0.340222222222222
"mild",0.3,528,327,0.399482217091461,0.00241180231991455,3.158,0.0456850426630325,0.350888888888889
"mild",0.3,529,328,0.39834504765803,0.00241726120736059,3.301,0.047462107534871,0.366777777777778
"mild",0.3,530,329,0.396726104918628,0.00241280664653961,3.252,0.0474842158064209,0.361333333333333
"mild",0.3,531,330,0.39573439133056,0.00241340749511243,3.179,0.0481380958937543,0.353222222222222
"mild",0.3,532,331,0.394635434036716,0.00241223783380604,3.186,0.0467930934390278,0.354
"mild",0.3,533,332,0.39338673596261,0.00241255149986062,3.133,0.0475559940761686,0.348111111111111
"mild",0.3,534,333,0.392224470598306,0.00240758148717961,3.208,0.0451527936541558,0.356444444444444
"mild",0.3,535,334,0.391191195394866,0.00240595117178438,3.089,0.0466181536769983,0.343222222222222
"mild",0.3,536,335,0.390398620324758,0.00240651436530279,3.282,0.0490599926914271,0.364666666666667
"mild",0.3,537,336,0.389079735740733,0.00241197905036486,3.226,0.0470227087175454,0.358444444444444
"mild",0.3,538,337,0.38795604227087,0.00240429386987848,3.15,0.0462562389266534,0.35
"mild",0.3,539,338,0.386959571797494,0.00240678952662471,3.257,0.0472565782107018,0.361888888888889
"mild",0.3,540,339,0.385780155852223,0.00240705656925966,3.228,0.0479407375236793,0.358666666666667
"mild",0.3,541,340,0.384649967531552,0.00241400476824983,3.192,0.0475962330589448,0.354666666666667
"mild",0.3,542,341,0.383753828664514,0.00241654428102638,3.217,0.0462606858039421,0.357444444444444
"mild",0.3,543,342,0.382851159395039,0.00241500181440208,3.193,0.0468181902997429,0.354777777777778
"mild",0.3,544,343,0.381790000790844,0.00241938289473151,3.147,0.0486390455987446,0.349666666666667
"mild",0.3,545,344,0.380698660633471,0.00242410628962605,3.156,0.0487446411417711,0.350666666666667
"mild",0.3,546,345,0.379622915057287,0.00241337849600474,3.126,0.048087799247173,0.347333333333333
"mild",0.3,547,346,0.378478840251337,0.00241151521097181,3.044,0.0461540268470063,0.338222222222222
"mild",0.3,548,347,0.377458198509254,0.0024064797976669,3.127,0.0469795495729587,0.347444444444444
"mild",0.3,549,348,0.376212896419012,0.0024010301976034,3.201,0.0474431222607644,0.355666666666667
"mild",0.3,550,349,0.375122402165483,0.00239340134711431,3.146,0.0475704419460966,0.349555555555556
"mild",0.3,551,350,0.37410932379085,0.00240151015462084,3.166,0.0468896858876518,0.351777777777778
"mild",0.3,552,351,0.373385877292982,0.00240298015610511,3.122,0.0453119097938851,0.346888888888889
"mild",0.3,553,352,0.37212512506354,0.0024127345651223,3.062,0.0461116284930634,0.340222222222222
"mild",0.3,554,353,0.371204499077642,0.00241707017934399,3.084,0.0465952263125217,0.342666666666667
"mild",0.3,555,354,0.369937894550114,0.00241533208479656,3.158,0.0463808924794162,0.350888888888889
"mild",0.3,556,355,0.3688252683037,0.002419129732056,3.11,0.0471181506441,0.345555555555556
"mild",0.3,557,356,0.367852662352872,0.00242191876079248,3.182,0.0490640732439053,0.353555555555556
"mild",0.3,558,357,0.366546803757474,0.00242123559629246,3.107,0.0448504466261214,0.345222222222222
"mild",0.3,559,358,0.365768766593587,0.00242103747271082,3.075,0.0487622061924269,0.341666666666667
"mild",0.3,560,359,0.364835658183662,0.00243632448229251,3.115,0.047770880848662,0.346111111111111
"mild",0.3,561,360,0.363556010830112,0.00243047288128693,3.149,0.047865332863045,0.349888888888889
"mild",0.3,562,361,0.362399443999866,0.00242584421667046,3.193,0.0483330848083079,0.354777777777778
"mild",0.3,563,362,0.361412827682023,0.00243058325385085,3.126,0.0477745372181289,0.347333333333333
"mild",0.3,564,363,0.360405539968526,0.00242409759323044,3.062,0.0475438367868689,0.340222222222222
"mild",0.3,565,364,0.359505988168288,0.0024287472881977,3.141,0.0468114335425687,0.349
"mild",0.3,566,365,0.358297417504167,0.00244083152740456,3.25,0.0463427194675458,0.361111111111111
"mild",0.3,567,366,0.357374104792321,0.00243885598553732,3.104,0.0475967378025999,0.344888888888889
"mild",0.3,568,367,0.356506554316917,0.00245130383602023,3.081,0.0475257582548422,0.342333333333333
"mild",0.3,569,368,0.355853005041998,0.00245658652545373,3.137,0.0461558377820331,0.348555555555556
"mild",0.3,570,369,0.355009549828706,0.00246787112448225,3.073,0.0467745535399201,0.341444444444444
"mild",0.3,571,370,0.353793095256505,0.00247166514965792,3.075,0.0465568742780542,0.341666666666667
"mild",0.3,572,371,0.352905655260836,0.0024641428810828,3.139,0.0453402110133459,0.348777777777778
"mild",0.3,573,372,0.352012487206488,0.00246535590988062,3.118,0.0460238437572766,0.346444444444444
"mild",0.3,574,373,0.350746675525904,0.00246364575184774,2.99,0.0480854677861432,0.332222222222222
"mild",0.3,575,374,0.350047753700579,0.00246413102358775,3.115,0.0508562814346604,0.346111111111111
"mild",0.3,576,375,0.349240417164113,0.00245907889092389,3.106,0.0474237600050125,0.345111111111111
"mild",0.3,577,376,0.348285385516332,0.00245586767876122,3.131,0.0477925006996196,0.347888888888889
"mild",0.3,578,377,0.347406462100948,0.00245847613795736,3.06,0.0466537948786222,0.34
"mild",0.3,579,378,0.346477857487086,0.00246180420660097,3.068,0.0477876517487483,0.340888888888889
"mild",0.3,580,379,0.345360757123127,0.00247154247141391,3.151,0.0482133127209023,0.350111111111111
"mild",0.3,581,380,0.34447858269435,0.002466503098743,3.144,0.0467701983259792,0.349333333333333
"mild",0.3,582,381,0.343452428705611,0.00247144562776226,3.039,0.047767779525123,0.337666666666667
"mild",0.3,583,382,0.342498880983833,0.00246887717333569,3.041,0.0465132506118685,0.337888888888889
"mild",0.3,584,383,0.341686997085121,0.00246027073704178,3.057,0.0450086300255493,0.339666666666667
"mild",0.3,585,384,0.34113258564279,0.00244820673825034,3.067,0.0473999763476494,0.340777777777778
"mild",0.3,586,385,0.34007458556855,0.00244272827317839,3.091,0.0481148005714876,0.343444444444444
"mild",0.3,587,386,0.339222958639946,0.00244927074245554,3.083,0.0457187182803849,0.342555555555556
"mild",0.3,588,387,0.338150556247802,0.00245882669334128,3.137,0.0454345165627993,0.348555555555556
"mild",0.3,589,388,0.337043142737668,0.0024644309175035,3.137,0.0475024998025101,0.348555555555556
"mild",0.3,590,389,0.33635813610374,0.00246675108099677,3.083,0.0485022006043381,0.342555555555556
"mild",0.3,591,390,0.335335605529542,0.00246770680016863,3.031,0.0453662550481864,0.336777777777778
"mild",0.3,592,391,0.334512026540078,0.00246655925997071,3.108,0.0470377353679847,0.345333333333333
"mild",0.3,593,392,0.333352966048245,0.00245513982972372,3.066,0.0474752345744378,0.340666666666667
"mild",0.3,594,393,0.332344289976696,0.00244972123748966,2.979,0.0456798166113399,0.331
"mild",0.3,595,394,0.331314624454429,0.00244870575381964,3.049,0.0460512727263831,0.338777777777778
"mild",0.3,596,395,0.330361714118555,0.00245650041795019,3.141,0.047511855114028,0.349
"mild",0.3,597,396,0.329402009025982,0.00246083892655807,3.118,0.0458058312245743,0.346444444444444
"mild",0.3,598,397,0.328530244895281,0.00246342511836848,3.048,0.0498013672119173,0.338666666666667
"mild",0.3,599,398,0.327360372914959,0.00246797191678892,3.142,0.0476876305776466,0.349111111111111
"mild",0.3,600,399,0.326234473152334,0.00246160866756261,3.148,0.048378057385931,0.349777777777778
"mild",0.3,601,400,0.325341869189008,0.00245997703327672,3.102,0.0479154661032521,0.344666666666667
"mild",0.3,602,401,0.324485270036684,0.0024598984293296,3.09,0.0478977472768209,0.343333333333333
"mild",0.3,603,402,0.323437715493348,0.00246517579518034,3.053,0.0469936101975516,0.339222222222222
"mild",0.3,604,403,0.32259516706464,0.00247125812286725,3,0.0452774783976543,0.333333333333333
"mild",0.3,605,404,0.321302390468972,0.00247454751639548,3.019,0.047316782201222,0.335444444444444
"mild",0.3,606,405,0.320097898405631,0.00247530930944824,3.1,0.0460882210995838,0.344444444444444
"mild",0.3,607,406,0.319366452254847,0.0024760124315767,3.105,0.0468846795144553,0.345
"mild",0.3,608,407,0.318527514791887,0.00247942487433827,3.142,0.0471811621525165,0.349111111111111
"mild",0.3,609,408,0.317554134994573,0.0024746247893555,3.059,0.0455586939518089,0.339888888888889
"mild",0.3,610,409,0.316650543683873,0.00248396873031784,3.07,0.0464247267655422,0.341111111111111
"mild",0.3,611,410,0.315705861267938,0.002481858364978,3.128,0.0473059600246509,0.347555555555556
"mild",0.3,612,411,0.314910463469892,0.00247802161937257,3.02,0.0464085525927468,0.335555555555555
"mild",0.3,613,412,0.313936067956008,0.00248169860388498,3.082,0.0469625540349065,0.342444444444444
"mild",0.3,614,413,0.313275503481463,0.00247539255784758,3.088,0.0484830548398779,0.343111111111111
"mild",0.3,615,414,0.312268269336299,0.00247361857283103,3.115,0.0476869903542785,0.346111111111111
"mild",0.3,616,415,0.311075762058872,0.00246585651320222,2.995,0.0468526431503089,0.332777777777778
"mild",0.3,617,416,0.309841834084539,0.00247070865200077,3.023,0.0469965922134752,0.335888888888889
"mild",0.3,618,417,0.308735774321571,0.00247224160156025,3.057,0.0477287023606239,0.339666666666667
"mild",0.3,619,418,0.307752898359586,0.00246981811408352,3.081,0.0452380977217818,0.342333333333333
"mild",0.3,620,419,0.306943369284047,0.0024758990251977,3.041,0.0473451218243291,0.337888888888889
"mild",0.3,621,420,0.306268577382511,0.00247924975976076,3.04,0.0456342249028344,0.337777777777778
"mild",0.3,622,421,0.305390812448014,0.00247519820836304,3.026,0.0470056755459757,0.336222222222222
"mild",0.3,623,422,0.304699561565936,0.00247398000304004,3.059,0.0471777992783125,0.339888888888889
"mild",0.3,624,423,0.303852534791005,0.00248554812340325,2.94,0.0473988042744396,0.326666666666667
"mild",0.3,625,424,0.303084169002383,0.0024794590911407,3.006,0.0471188304628222,0.334
"mild",0.3,626,425,0.302181845866244,0.0024726533467305,3.02,0.0462356760276924,0.335555555555556
"mild",0.3,627,426,0.30121522952124,0.00247028798111962,2.975,0.048442973914921,0.330555555555556
"mild",0.3,628,427,0.300252149185804,0.00246674681997501,3.022,0.0496788081981038,0.335777777777778
"mild",0.3,629,428,0.29958855559723,0.00246471349529672,2.971,0.0472905423461755,0.330111111111111
"mild",0.3,630,429,0.298801082587654,0.00246857870093651,3.024,0.0481844969439935,0.336
"mild",0.3,631,430,0.298472902365655,0.00246545020805835,2.96,0.0463524384315274,0.328888888888889
"mild",0.3,632,431,0.297579346465986,0.00246161853702623,2.973,0.0461128766983518,0.330333333333333
"mild",0.3,633,432,0.296575479661414,0.00245343503911602,3.02,0.046730972424975,0.335555555555556
"mild",0.3,634,433,0.29536072361475,0.00245512427375581,2.996,0.0468206810733908,0.332888888888889
"mild",0.3,635,434,0.294528392744607,0.00245403664809011,3.021,0.0474848798441548,0.335666666666667
"mild",0.3,636,435,0.293880679674763,0.00245221492574574,2.975,0.0467606839295743,0.330555555555556
"mild",0.3,637,436,0.292983089618758,0.00245656795556521,3.065,0.0480112495159214,0.340555555555556
"mild",0.3,638,437,0.292477640878945,0.00246057248326533,3.052,0.0473025742801967,0.339111111111111
"mild",0.3,639,438,0.291565537322178,0.00246710257658688,3.015,0.0461617363831334,0.335
"mild",0.3,640,439,0.290821653752364,0.00246827418064823,3.057,0.0482086618262223,0.339666666666667
"mild",0.3,641,440,0.290069526115613,0.00246666895299451,2.935,0.0486532850087446,0.326111111111111
"mild",0.3,642,441,0.288925944961223,0.00246293473750655,2.919,0.0448603550080854,0.324333333333333
"mild",0.3,643,442,0.288497021421035,0.00245969411801818,2.985,0.0464427812682652,0.331666666666667
"mild",0.3,644,443,0.287896129355996,0.00245403136974875,3.049,0.0466344698026446,0.338777777777778
"mild",0.3,645,444,0.286753199088725,0.00245745549093138,2.974,0.0450705597408704,0.330444444444444
"mild",0.3,646,445,0.285926456989766,0.00246227610408913,2.986,0.0477921341654469,0.331777777777778
"mild",0.3,647,446,0.284925766282975,0.00246083876793894,2.993,0.0478669222140118,0.332555555555556
"mild",0.3,648,447,0.284322358976422,0.00245302962173983,2.934,0.0466242192193908,0.326
"mild",0.3,649,448,0.283338197801444,0.00245691558223077,2.924,0.0469300162627974,0.324888888888889
"mild",0.3,650,449,0.28284635455681,0.0024488017109145,3.038,0.0466769186508142,0.337555555555556
"mild",0.3,651,450,0.281852315959192,0.00244057094693411,2.995,0.0467456967020514,0.332777777777778
"mild",0.3,652,451,0.280889948953842,0.00244504116702244,3.028,0.0465121422789725,0.336444444444444
"mild",0.3,653,452,0.280261269031464,0.00245239258512194,2.97,0.0445767550084917,0.33
"mild",0.3,654,453,0.279655710053105,0.00246436885638595,2.934,0.0465167476056506,0.326
"mild",0.3,655,454,0.279090035290964,0.00247024650931816,2.85,0.0463643143985723,0.316666666666667
"mild",0.3,656,455,0.278255203425815,0.00247395956616877,2.978,0.0453825470371108,0.330888888888889
"mild",0.3,657,456,0.277614179670051,0.00247512624918595,3.051,0.0469958254274527,0.339
"mild",0.3,658,457,0.276855517131641,0.00247252377188826,2.937,0.047172621892961,0.326333333333333
"mild",0.3,659,458,0.276189293444233,0.00247379713609569,2.912,0.0476920384396655,0.323555555555556
"mild",0.3,660,459,0.2756160793635,0.00246842742793726,2.994,0.0457389992900594,0.332666666666667
"mild",0.3,661,460,0.274758417643882,0.00247445559190857,2.915,0.0463456893672207,0.323888888888889
"mild",0.3,662,461,0.274092675962587,0.00246683719100893,2.957,0.0481816611634808,0.328555555555556
"mild",0.3,663,462,0.273392795227442,0.00246463774578642,2.959,0.0457538240195551,0.328777777777778
"mild",0.3,664,463,0.272347525031077,0.0024619460882801,2.961,0.050199591621835,0.329
"mild",0.3,665,464,0.272076705892961,0.00246103232216719,2.964,0.0453515243488105,0.329333333333333
"mild",0.3,666,465,0.271263262977289,0.0024601261041262,2.992,0.0471822229463827,0.332444444444444
"mild",0.3,667,466,0.270390542010044,0.00245953270024512,2.963,0.0465381219732468,0.329222222222222
"mild",0.3,668,467,0.269528369629958,0.00246244716781651,3.015,0.0474238760965826,0.335
"mild",0.3,669,468,0.268592019282302,0.00245902597192273,2.932,0.0462332511674606,0.325777777777778
"mild",0.3,670,469,0.267637050744852,0.00246845637124214,2.959,0.048864165875483,0.328777777777778
"mild",0.3,671,470,0.26675355096203,0.00247458186759405,2.878,0.0473852441310728,0.319777777777778
"mild",0.3,672,471,0.265981855552347,0.00248242749242732,3.007,0.0480130842193696,0.334111111111111
"mild",0.3,673,472,0.265471687516807,0.00248382788469024,2.896,0.0465548209249196,0.321777777777778
"mild",0.3,674,473,0.264727626977606,0.00248644523652216,2.943,0.0458022799525182,0.327
"mild",0.3,675,474,0.264133513074734,0.00248156788052598,2.905,0.0476050547866634,0.322777777777778
"mild",0.3,676,475,0.263297285410082,0.0024875005634456,2.998,0.0467566271471989,0.333111111111111
"mild",0.3,677,476,0.26277218145621,0.00248498076610895,3.005,0.0474681812188781,0.333888888888889
"mild",0.3,678,477,0.26206251931561,0.00248982543310348,2.967,0.0474147567657914,0.329666666666667
"mild",0.3,679,478,0.261205564607453,0.00247859352640018,2.916,0.0465522406669228,0.324
"mild",0.3,680,479,0.260582517904187,0.00248945611228845,2.912,0.046587835605729,0.323555555555556
"mild",0.3,681,480,0.259703779394908,0.00248861417796258,2.97,0.0478266388886716,0.33
"mild",0.3,682,481,0.259024183159685,0.00248983243762391,2.864,0.0459958652448198,0.318222222222222
"mild",0.3,683,482,0.258254796055065,0.00248481668129057,2.983,0.0471480003174465,0.331444444444444
"mild",0.3,684,483,0.257500460413157,0.00248426065337763,2.847,0.047474675826643,0.316333333333333
"mild",0.3,685,484,0.256649295816777,0.00247246746073909,3.003,0.0458595038579147,0.333666666666667
"mild",0.3,686,485,0.255851667695707,0.00247284551268869,2.917,0.0450792983878758,0.324111111111111
"mild",0.3,687,486,0.255395176492342,0.00247140116177597,2.826,0.0459329275556635,0.314
"mild",0.3,688,487,0.254680353761178,0.00246300184946128,2.965,0.0448529462442189,0.329444444444444
"mild",0.3,689,488,0.254024275213457,0.0024641168514095,2.947,0.0476913562971896,0.327444444444444
"mild",0.3,690,489,0.253429904604238,0.00247458390506832,2.928,0.047718896603894,0.325333333333333
"mild",0.3,691,490,0.252745663792776,0.00247454206852891,2.821,0.0442144084424289,0.313444444444444
"mild",0.3,692,491,0.251938973102149,0.0024666104986335,2.905,0.04675640235477,0.322777777777778
"mild",0.3,693,492,0.251067228339249,0.00246147033401167,2.792,0.0452192523244334,0.310222222222222
"mild",0.3,694,493,0.250560226201651,0.00246899038736762,2.838,0.0454292837255862,0.315333333333333
"mild",0.3,695,494,0.24975062023256,0.0024692431936871,2.949,0.0456999725107958,0.327666666666667
"mild",0.3,696,495,0.249250611000518,0.00246826539897912,2.924,0.0450361216386608,0.324888888888889
"mild",0.3,697,496,0.248531973708011,0.00246997826292547,2.983,0.0477806864119174,0.331444444444444
"mild",0.3,698,497,0.247816290359085,0.00247084836021636,2.958,0.0455445969387184,0.328666666666667
"mild",0.3,699,498,0.247029264935949,0.00246660935887645,2.912,0.046587835605729,0.323555555555556
"mild",0.3,700,499,0.245956095512604,0.00246041850988615,2.937,0.0476791810364262,0.326333333333333
"mild",0.3,701,500,0.245083880367091,0.00246573486686018,2.926,0.0467408676503625,0.325111111111111
"mild",0.3,702,501,0.244473851850438,0.00246130131361601,2.863,0.0475235677268602,0.318111111111111
"mild",0.3,703,502,0.243856399295458,0.00245249163005311,2.846,0.0487920553437202,0.316222222222222
"mild",0.3,704,503,0.24300782554093,0.00244889345455058,2.935,0.0479486608162737,0.326111111111111
"mild",0.3,705,504,0.242318018154238,0.00245290123094618,2.963,0.047030233285014,0.329222222222222
"mild",0.3,706,505,0.241494993922774,0.00245144867839618,2.853,0.0451822136734404,0.317
"mild",0.3,707,506,0.241175497434652,0.00244630801524539,2.822,0.0453251626623711,0.313555555555556
"mild",0.3,708,507,0.240445692107977,0.00243708177958172,2.878,0.0468114014670285,0.319777777777778
"mild",0.3,709,508,0.239630861606665,0.00242984013580875,2.906,0.0463390905317672,0.322888888888889
"mild",0.3,710,509,0.238987283166223,0.00243836060574739,2.821,0.0466383333121387,0.313444444444444
"mild",0.3,711,510,0.238409793951863,0.00243029279690974,2.908,0.047873038631654,0.323111111111111
"mild",0.3,712,511,0.237891195725903,0.00242920792050536,2.931,0.0453905199276159,0.325666666666667
"mild",0.3,713,512,0.237269471598271,0.00242837210183537,2.833,0.0454221771183875,0.314777777777778
"mild",0.3,714,513,0.236712501922536,0.0024281592142682,2.885,0.0472864780990402,0.320555555555556
"mild",0.3,715,514,0.235989594353029,0.00243529768339913,2.826,0.0470099344174604,0.314
"mild",0.3,716,515,0.23519978660628,0.00243680223019951,2.957,0.0482854272268816,0.328555555555556
"mild",0.3,717,516,0.234486699498899,0.0024341774301137,2.876,0.0471470767582344,0.319555555555556
"mild",0.3,718,517,0.234215692423397,0.00243290957226469,2.869,0.043723572026434,0.318777777777778
"mild",0.3,719,518,0.233384469197979,0.00243158136700347,2.837,0.0455247570394782,0.315222222222222
"mild",0.3,720,519,0.232634590017761,0.0024257579579664,2.885,0.0479173358094028,0.320555555555556
"mild",0.3,721,520,0.231668872265149,0.00242846159029522,2.884,0.0462891638149436,0.320444444444444
"mild",0.3,722,521,0.230854841488,0.00243165097989607,2.956,0.0469922575779485,0.328444444444444
"mild",0.3,723,522,0.229992129508502,0.00241835811290182,2.847,0.0479363003254202,0.316333333333333
"mild",0.3,724,523,0.229329650730485,0.00240784326761237,2.885,0.0465611742006463,0.320555555555556
"mild",0.3,725,524,0.228809997824149,0.00240935858725144,2.881,0.0465940984461551,0.320111111111111
"mild",0.3,726,525,0.227997382403852,0.00240473250720605,2.826,0.045119394496821,0.314
"mild",0.3,727,526,0.227571915974965,0.00240616700362556,2.844,0.0456261519936291,0.316
"mild",0.3,728,527,0.227059600970083,0.00240717396699801,2.859,0.0471310973810323,0.317666666666667
"mild",0.3,729,528,0.22667884476269,0.00240032918246101,2.854,0.0449745117450618,0.317111111111111
"mild",0.3,730,529,0.225728765556677,0.00240856843612431,2.876,0.0456147421861038,0.319555555555556
"mild",0.3,731,530,0.22497443863359,0.00240551466113566,2.812,0.0460518922171149,0.312444444444444
"mild",0.3,732,531,0.224352097171453,0.00240363110646679,2.912,0.0476710449699661,0.323555555555556
"mild",0.3,733,532,0.223796436097728,0.00241027972076541,2.914,0.0468486797978212,0.323777777777778
"mild",0.3,734,533,0.223139396915161,0.00241468011838731,2.902,0.0466966441682545,0.322444444444444
"mild",0.3,735,534,0.222295648694165,0.00240789130052623,2.842,0.046917344737711,0.315777777777778
"mild",0.3,736,535,0.221745462679662,0.00241153733606718,2.788,0.0453333333333333,0.309777777777778
"mild",0.3,737,536,0.22146809722272,0.00240992979080235,2.83,0.0448454134902458,0.314444444444444
"mild",0.3,738,537,0.221087666102701,0.00240733716559612,2.859,0.045245620408678,0.317666666666667
"mild",0.3,739,538,0.220594760795832,0.00239642572930358,2.843,0.0458525185072037,0.315888888888889
"mild",0.3,740,539,0.220153351953787,0.00240252660037109,2.829,0.0468396515033252,0.314333333333333
"mild",0.3,741,540,0.219579343801356,0.00239916302269002,2.9,0.0483356631933021,0.322222222222222
"mild",0.3,742,541,0.218759649945342,0.00239371346804827,2.845,0.0482836028720551,0.316111111111111
"mild",0.3,743,542,0.218309958375801,0.00238855584867141,2.9,0.0466923995975809,0.322222222222222
"mild",0.3,744,543,0.217808485958765,0.00238201325421901,2.912,0.0458733077111337,0.323555555555556
"mild",0.3,745,544,0.217122051428218,0.00237053068213724,2.859,0.0477010942683122,0.317666666666667
"mild",0.3,746,545,0.21663227257944,0.00236733358276913,2.876,0.0478007207990519,0.319555555555556
"mild",0.3,747,546,0.215915443679242,0.00235565979369022,2.86,0.0477564726574388,0.317777777777778
"mild",0.3,748,547,0.215202016922243,0.00235674751011873,2.849,0.0450136115550088,0.316555555555556
"mild",0.3,749,548,0.214611775136336,0.00236371463783479,2.904,0.04697862270215,0.322666666666667
"mild",0.3,750,549,0.214140576968842,0.00236215406734932,2.862,0.0466168331091798,0.318
"mild",0.3,751,550,0.213557242770483,0.00237135190607362,2.813,0.045011743546069,0.312555555555556
"mild",0.3,752,551,0.213116457216743,0.00237857110163087,2.749,0.0468849357171064,0.305444444444444
"mild",0.3,753,552,0.21240976951328,0.00237892618631887,2.814,0.0462335542819448,0.312666666666667
"mild",0.3,754,553,0.211730156904933,0.00237591106651964,2.885,0.046797061499254,0.320555555555556
"mild",0.3,755,554,0.211310451341,0.00237048710018847,2.883,0.0471543691987768,0.320333333333333
"mild",0.3,756,555,0.210587069892627,0.00236173809215134,2.89,0.0482724582990157,0.321111111111111
"mild",0.3,757,556,0.209931429706093,0.00236130790812997,2.858,0.0479806016858702,0.317555555555556
"mild",0.3,758,557,0.209282369833635,0.0023611435799264,2.759,0.0456179789118281,0.306555555555556
"mild",0.3,759,558,0.208410054284853,0.00236221601253197,2.811,0.0471115537686723,0.312333333333333
"mild",0.3,760,559,0.207725605118945,0.00237189989556677,2.86,0.0460491098776137,0.317777777777778
"mild",0.3,761,560,0.206928901672238,0.00238067329267498,2.787,0.0462360116010105,0.309666666666667
"mild",0.3,762,561,0.206569875634956,0.00237218654707015,2.861,0.0473489273470996,0.317888888888889
"mild",0.3,763,562,0.20610392892905,0.00237141162875756,2.93,0.0448007489569885,0.325555555555556
"mild",0.3,764,563,0.205823411334644,0.00236669212941029,2.815,0.0459443781749834,0.312777777777778
"mild",0.3,765,564,0.205308130495335,0.00236004872843748,2.803,0.0458507720032416,0.311444444444444
"mild",0.3,766,565,0.204513883987584,0.00236662672806402,2.835,0.0470530444178586,0.315
"mild",0.3,767,566,0.204070548338509,0.00236055067882458,2.812,0.0460736234604873,0.312444444444444
"mild",0.3,768,567,0.203502306189787,0.0023549984577016,2.822,0.0463083195598856,0.313555555555556
"mild",0.3,769,568,0.202588046872176,0.00234900737117984,2.838,0.0451419294425237,0.315333333333333
"mild",0.3,770,569,0.202382426610427,0.00234683052596087,2.839,0.0454438570561978,0.315444444444444
"mild",0.3,771,570,0.201727329010525,0.00235517981888536,2.793,0.0456534252300438,0.310333333333333
"mild",0.3,772,571,0.201297132969674,0.0023619754120157,2.832,0.0467114328399155,0.314666666666667
"mild",0.3,773,572,0.200757649648156,0.00235308469021146,2.787,0.0467527198868346,0.309666666666667
"mild",0.3,774,573,0.199964574816695,0.0023569998567989,2.753,0.0443842422596237,0.305888888888889
"mild",0.3,775,574,0.199270373572126,0.00235431859348448,2.842,0.045487416997507,0.315777777777778
"mild",0.3,776,575,0.19874749936133,0.00235880176760334,2.908,0.0466659802609322,0.323111111111111
"mild",0.3,777,576,0.198276887126668,0.00235402648246985,2.817,0.0477261855671366,0.313
"mild",0.3,778,577,0.197976688763779,0.00235743534439799,2.855,0.047033894025343,0.317222222222222
"mild",0.3,779,578,0.197519524015459,0.00235228157537674,2.874,0.0455653398999743,0.319333333333333
"mild",0.3,780,579,0.197230510385296,0.00235932178246325,2.843,0.046888693195157,0.315888888888889
"mild",0.3,781,580,0.196770380601214,0.00235501340248028,2.879,0.0459834043267076,0.319888888888889
"mild",0.3,782,581,0.196358019103165,0.00236150988728978,2.901,0.0464042277422258,0.322333333333333
"mild",0.3,783,582,0.195327506653016,0.00236193323810204,2.842,0.0459472213212848,0.315777777777778
"mild",0.3,784,583,0.194911586484644,0.00235288521336411,2.911,0.0457074191807867,0.323444444444444
"mild",0.3,785,584,0.194104424378296,0.00235086682692799,2.755,0.0459247654766367,0.306111111111111
"mild",0.3,786,585,0.193642908599156,0.00235372720961529,2.778,0.0457691032336313,0.308666666666667
"mild",0.3,787,586,0.193353007550464,0.00235063001278352,2.911,0.0466610786015094,0.323444444444444
"mild",0.3,788,587,0.192818402062212,0.00235521020729942,2.78,0.0482070941244536,0.308888888888889
"mild",0.3,789,588,0.19224809569841,0.00234633381532809,2.902,0.0457218381792168,0.322444444444444
"mild",0.3,790,589,0.19168962961112,0.00234564337163369,2.83,0.0461869379070884,0.314444444444444
"mild",0.3,791,590,0.191574916736964,0.00235235133773438,2.833,0.0446441945173625,0.314777777777778
"mild",0.3,792,591,0.190939009237899,0.00235707740591241,2.879,0.0457214331517445,0.319888888888889
"mild",0.3,793,592,0.190541985315683,0.00236108534970979,2.876,0.0472107281542326,0.319555555555556
"mild",0.3,794,593,0.19003789273836,0.00235785428923447,2.818,0.0469369692148853,0.313111111111111
"mild",0.3,795,594,0.18943295790203,0.0023653390357941,2.795,0.0467028495507091,0.310555555555556
"mild",0.3,796,595,0.188688141792147,0.0023661928574692,2.873,0.0463143176136281,0.319222222222222
"mild",0.3,797,596,0.18836131940757,0.00236753246152098,2.83,0.0457733022098603,0.314444444444444
"mild",0.3,798,597,0.187893669387592,0.00236925978255208,2.839,0.0478473444233676,0.315444444444444
"mild",0.3,799,598,0.187375555835479,0.00236416675687546,2.806,0.0464814427973631,0.311777777777778
"mild",0.3,800,599,0.186770787598474,0.00237318275070041,2.801,0.0460816940066499,0.311222222222222
"mild",0.3,801,600,0.186014627937098,0.00237674901077606,2.807,0.0464317446033089,0.311888888888889
"mild",0.3,802,601,0.185543029826376,0.002374946140859,2.851,0.0475295493146954,0.316777777777778
"mild",0.3,803,602,0.185173696911831,0.00237128811395577,2.783,0.0470757594429142,0.309222222222222
"mild",0.3,804,603,0.184514608922636,0.00238849154492226,2.731,0.0462036121290725,0.303444444444444
"mild",0.3,805,604,0.18385632162556,0.00238762602219074,2.712,0.0454436037426734,0.301333333333333
"mild",0.3,806,605,0.18363145553927,0.00239624097848258,2.751,0.0466172947753531,0.305666666666667
"mild",0.3,807,606,0.183281241445148,0.00238969370376651,2.781,0.046639191826341,0.309
"mild",0.3,808,607,0.182731476504096,0.00239911767999478,2.772,0.044452131467366,0.308
"mild",0.3,809,608,0.182264538862931,0.00239294486968839,2.76,0.0470809581106486,0.306666666666667
"mild",0.3,810,609,0.181310255189415,0.00238964775252047,2.799,0.0448398216946679,0.311
"mild",0.3,811,610,0.181272812535891,0.0023858239904392,2.846,0.0474819811985402,0.316222222222222
"mild",0.3,812,611,0.180996244015185,0.00238521766090147,2.83,0.046853978436151,0.314444444444444
"mild",0.3,813,612,0.180395452976555,0.00239531001752185,2.677,0.0468921088230192,0.297444444444444
"mild",0.3,814,613,0.18016791735137,0.00239040826374211,2.767,0.0453957241573672,0.307444444444444
"mild",0.3,815,614,0.179813259227098,0.00239507685774752,2.807,0.0467111649708389,0.311888888888889
"mild",0.3,816,615,0.179098552929975,0.00239670217292774,2.845,0.0449554890530179,0.316111111111111
"mild",0.3,817,616,0.17891095931547,0.00240123479458767,2.758,0.0464067838746621,0.306444444444444
"mild",0.3,818,617,0.178521108065713,0.00240106818935504,2.89,0.0477302648031431,0.321111111111111
"mild",0.3,819,618,0.178208160839234,0.00240472078206975,2.779,0.0459376672162321,0.308777777777778
"mild",0.3,820,619,0.177486113725125,0.00240643679718214,2.798,0.0449133968122341,0.310888888888889
"mild",0.3,821,620,0.177144346808176,0.00241268707514252,2.818,0.0449543868481921,0.313111111111111
"mild",0.3,822,621,0.176861160254706,0.00240551655289578,2.751,0.0459032254433837,0.305666666666667
"mild",0.3,823,622,0.176296939605368,0.00240782187595051,2.771,0.0471888311551133,0.307888888888889
"mild",0.3,824,623,0.175981402040616,0.00239717584920198,2.886,0.0435764030514556,0.320666666666667
"mild",0.3,825,624,0.175432824454438,0.00239972925001823,2.71,0.0467555995158451,0.301111111111111
"mild",0.3,826,625,0.174999727819432,0.00239517431032855,2.749,0.0469702587304477,0.305444444444444
"mild",0.3,827,626,0.174239545619621,0.0023969154452406,2.834,0.0473992688835038,0.314888888888889
"mild",0.3,828,627,0.17358369733115,0.00240205745011964,2.743,0.0472565782107018,0.304777777777778
"mild",0.3,829,628,0.172919413815824,0.00240114470490839,2.781,0.0457507610005795,0.309
"mild",0.3,830,629,0.172493353040931,0.00240255399975829,2.83,0.0480146374078302,0.314444444444444
"mild",0.3,831,630,0.172002447598743,0.00240094657447464,2.761,0.045320336858114,0.306777777777778
"mild",0.3,832,631,0.171386667744129,0.00239643437507444,2.787,0.0466026051074702,0.309666666666667
"mild",0.3,833,632,0.171157216985828,0.00240131956705489,2.747,0.0448441969713141,0.305222222222222
"mild",0.3,834,633,0.170705825802254,0.00239841258892678,2.759,0.0478456707363186,0.306555555555556
"mild",0.3,835,634,0.170187337754695,0.00239894440577604,2.778,0.0451525719616806,0.308666666666667
"mild",0.3,836,635,0.16947599052516,0.00240029945881773,2.753,0.04549792370055,0.305888888888889
"mild",0.3,837,636,0.169378631642924,0.00240008210456783,2.768,0.0437045316424519,0.307555555555556
"mild",0.3,838,637,0.168913442653851,0.00239818318821286,2.79,0.046043675135897,0.31
"mild",0.3,839,638,0.168261635414699,0.00240323647628677,2.705,0.0439306829551385,0.300555555555556
"mild",0.3,840,639,0.167574758889112,0.00239414997463254,2.84,0.0469105595852427,0.315555555555556
"mild",0.3,841,640,0.1674339825355,0.00239553697879545,2.752,0.0451501332726111,0.305777777777778
"mild",0.3,842,641,0.166922693642322,0.00238658424727943,2.768,0.045850608265085,0.307555555555556
"mild",0.3,843,642,0.166730240012701,0.00238552909087124,2.815,0.0459443781749836,0.312777777777778
"mild",0.3,844,643,0.166167305093479,0.00239077461248586,2.84,0.045699983462672,0.315555555555556
"mild",0.3,845,644,0.165802918140447,0.00239444077927652,2.756,0.046590070129102,0.306222222222222
"mild",0.3,846,645,0.165072436875507,0.00239175608771727,2.77,0.0456857438068725,0.307777777777778
"mild",0.3,847,646,0.164321487014668,0.00238950601376837,2.842,0.0461645661429537,0.315777777777778
"mild",0.3,848,647,0.164081810631375,0.00239077365441583,2.79,0.0470118081986867,0.31
"mild",0.3,849,648,0.163560364574452,0.00239169781827115,2.792,0.0441212271212245,0.310222222222222
"mild",0.3,850,649,0.163042868517425,0.00239166165481766,2.738,0.0445346981503112,0.304222222222222
"mild",0.3,851,650,0.162490284143235,0.00239489218599056,2.75,0.0455145204475624,0.305555555555556
"mild",0.3,852,651,0.161856342276589,0.00240360258884151,2.825,0.0468675961787201,0.313888888888889
"mild",0.3,853,652,0.16111397195349,0.00240984263836016,2.783,0.0466700020258097,0.309222222222222
"mild",0.3,854,653,0.160796682941205,0.00240307674167537,2.786,0.0465657854263447,0.309555555555556
"mild",0.3,855,654,0.160078620687502,0.00239596284791167,2.806,0.0457433760937741,0.311777777777778
"mild",0.3,856,655,0.15983117731992,0.00240286615663243,2.725,0.0473457138146275,0.302777777777778
"mild",0.3,857,656,0.159311699733582,0.00240180661586817,2.752,0.0466762752870736,0.305777777777778
"mild",0.3,858,657,0.158860644364071,0.00240693065067769,2.757,0.0465415633291053,0.306333333333333
"mild",0.3,859,658,0.158165621170349,0.00241220710031937,2.834,0.0447039421353692,0.314888888888889
"mild",0.3,860,659,0.157765287801898,0.00241186001740216,2.831,0.0492022342974367,0.314555555555556
"mild",0.3,861,660,0.157226989769767,0.00240637559617561,2.763,0.0464864710640847,0.307
"mild",0.3,862,661,0.15693366278937,0.00240998842937316,2.733,0.0464959446927674,0.303666666666667
"mild",0.3,863,662,0.156609049735217,0.00241060340597185,2.678,0.0464809259425461,0.297555555555556
"mild",0.3,864,663,0.156308829957755,0.00240109062685698,2.728,0.0458706891175632,0.303111111111111
"mild",0.3,865,664,0.15576340226518,0.00241475650381476,2.68,0.0439491926152406,0.297777777777778
"mild",0.3,866,665,0.155293864440144,0.00241659830752556,2.709,0.0461567920186125,0.301
"mild",0.3,867,666,0.15489401796803,0.00241827442777862,2.767,0.0467000202557974,0.307444444444444
"mild",0.3,868,667,0.154865924658755,0.00241984909002045,2.801,0.0463848094805891,0.311222222222222
"mild",0.3,869,668,0.154563854117602,0.00242070373921915,2.761,0.0469689800302825,0.306777777777778
"mild",0.3,870,669,0.154127490720469,0.0024185192601499,2.822,0.0466743451426425,0.313555555555556
"mild",0.3,871,670,0.153802125188036,0.00241498827983177,2.767,0.0462477010223194,0.307444444444444
"mild",0.3,872,671,0.153497555681676,0.00241051611254324,2.759,0.0458150413949176,0.306555555555556
"mild",0.3,873,672,0.153234758134727,0.00240574718861636,2.681,0.0459494325356727,0.297888888888889
"mild",0.3,874,673,0.153308897531337,0.00240618238831754,2.811,0.0462971103031542,0.312333333333333
"mild",0.3,875,674,0.152809824083759,0.00240218112730859,2.792,0.0451749574075812,0.310222222222222
"mild",0.3,876,675,0.152393987024803,0.00239131675446729,2.77,0.0470458639341794,0.307777777777778
"mild",0.3,877,676,0.152078422833854,0.00239328831628171,2.713,0.0445939415124926,0.301444444444444
"mild",0.3,878,677,0.15165474099787,0.00238978795631631,2.721,0.0484304088822766,0.302333333333333
"mild",0.3,879,678,0.151493491602396,0.00238633094678367,2.692,0.0450240287309247,0.299111111111111
"mild",0.3,880,679,0.151303689060027,0.00239010451999226,2.8,0.0452774783976544,0.311111111111111
"mild",0.3,881,680,0.151034858939474,0.00238667668977474,2.707,0.0464899162433353,0.300777777777778
"mild",0.3,882,681,0.150592547590343,0.00238747565928162,2.691,0.0474317274487104,0.299
"mild",0.3,883,682,0.150117574097605,0.00238096042830081,2.72,0.0460404139829316,0.302222222222222
"mild",0.3,884,683,0.149808458324799,0.00237508777699688,2.7,0.0463049041046858,0.3
"mild",0.3,885,684,0.149302522711802,0.00237496950452564,2.714,0.0457635039993475,0.301555555555556
"mild",0.3,886,685,0.148898572313965,0.00237076097916632,2.649,0.0458246538328326,0.294333333333333
"mild",0.3,887,686,0.148862187286947,0.00235690796608188,2.671,0.0448639250598047,0.296777777777778
"mild",0.3,888,687,0.14846325908194,0.00235681423500103,2.759,0.0440551910659782,0.306555555555556
"mild",0.3,889,688,0.148535909302633,0.00235282359385545,2.778,0.0453737233955376,0.308666666666667
"mild",0.3,890,689,0.148064156363964,0.00236858093559198,2.754,0.0473257194739153,0.306
"mild",0.3,891,690,0.147331047018415,0.00237879915451292,2.674,0.0475603404738231,0.297111111111111
"mild",0.3,892,691,0.147188212323379,0.0023760432767573,2.665,0.0464643296942282,0.296111111111111
"mild",0.3,893,692,0.14678382320737,0.00238052371991284,2.782,0.0459629044838181,0.309111111111111
"mild",0.3,894,693,0.146330526995104,0.00238028968999889,2.796,0.0462658029707097,0.310666666666667
"mild",0.3,895,694,0.146029936089002,0.00236985067083687,2.824,0.046724802912449,0.313777777777778
"mild",0.3,896,695,0.145810072453426,0.00236315578618757,2.702,0.0456210179333743,0.300222222222222
"mild",0.3,897,696,0.145096614177367,0.00236478128355272,2.678,0.0467172184370867,0.297555555555556
"mild",0.3,898,697,0.144729382880208,0.00236174634618624,2.675,0.0450933299769313,0.297222222222222
"mild",0.3,899,698,0.144237193666844,0.00236967280496288,2.722,0.0465712882029785,0.302444444444444
"mild",0.3,900,699,0.143895838440138,0.00237074328918677,2.646,0.0446169774264762,0.294
"mild",0.3,901,700,0.143450344341872,0.00237970592920519,2.676,0.0441698423698226,0.297333333333333
"mild",0.3,902,701,0.142823618904152,0.00238432894477606,2.744,0.0458973917621749,0.304888888888889
"mild",0.3,903,702,0.142512809877001,0.00238120080479456,2.737,0.046238176531617,0.304111111111111
"mild",0.3,904,703,0.142085991740321,0.0023854264723387,2.799,0.0464193252186388,0.311
"mild",0.3,905,704,0.141733524395026,0.002384475181942,2.727,0.0447042444234266,0.303
"mild",0.3,906,705,0.141342186281796,0.00238758228905956,2.726,0.0466379577072059,0.302888888888889
"mild",0.3,907,706,0.140977030441579,0.00237499800264416,2.728,0.0463266895230187,0.303111111111111
"mild",0.3,908,707,0.14038972912962,0.00237661464279176,2.764,0.04720733557968,0.307111111111111
"mild",0.3,909,708,0.139866888137288,0.0023762366965831,2.715,0.0470530444178587,0.301666666666667
"mild",0.3,910,709,0.139321043592381,0.00236828264545081,2.807,0.0464101810479651,0.311888888888889
"mild",0.3,911,710,0.138963137716654,0.0023664386725213,2.713,0.0465058468775034,0.301444444444444
"mild",0.3,912,711,0.138591670053196,0.00236612993699485,2.753,0.0465849885817434,0.305888888888889
"mild",0.3,913,712,0.138487162149565,0.00237026816838898,2.705,0.0470764398737965,0.300555555555556
"mild",0.3,914,713,0.138382065251001,0.00236817754780743,2.702,0.045555145387445,0.300222222222222
"mild",0.3,915,714,0.138132188546873,0.00236558090043006,2.792,0.0460527616637358,0.310222222222222
"mild",0.3,916,715,0.137487396376084,0.00236594362521637,2.748,0.0460936071556634,0.305333333333333
"mild",0.3,917,716,0.136881582758224,0.00237262215482963,2.612,0.0448717000956,0.290222222222222
"mild",0.3,918,717,0.136494495353725,0.00236673550358984,2.595,0.0456624578845693,0.288333333333333
"mild",0.3,919,718,0.136014840429563,0.00236791669925816,2.662,0.0458678521391603,0.295777777777778
"mild",0.3,920,719,0.135569922917338,0.0023619693443992,2.758,0.0460168833533254,0.306444444444444
"mild",0.3,921,720,0.135334281377305,0.00236649783156491,2.653,0.0472739444707742,0.294777777777778
"mild",0.3,922,721,0.134780141414941,0.00236109412683347,2.701,0.0461489840487169,0.300111111111111
"mild",0.3,923,722,0.13410558114634,0.00236597620922764,2.671,0.0461398730805351,0.296777777777778
"mild",0.3,924,723,0.133656297358905,0.00236339829024857,2.663,0.0460820415623544,0.295888888888889
"mild",0.3,925,724,0.132963934889701,0.00236485920542907,2.654,0.045368957915543,0.294888888888889
"mild",0.3,926,725,0.13277104304189,0.00236081080713173,2.722,0.0452190309577811,0.302444444444444
"mild",0.3,927,726,0.132297075065796,0.00235716892378296,2.676,0.0465745981538563,0.297333333333333
"mild",0.3,928,727,0.132103714716265,0.00236575608839146,2.697,0.0465333896933843,0.299666666666667
"mild",0.3,929,728,0.131556515811572,0.00236521910850072,2.732,0.0458506082650852,0.303555555555556
"mild",0.3,930,729,0.131494180702828,0.00236992321039838,2.725,0.0453368551007943,0.302777777777778
"mild",0.3,931,730,0.131370855579589,0.00236653123040185,2.683,0.0432247542431343,0.298111111111111
"mild",0.3,932,731,0.130820239421472,0.0023695079451415,2.671,0.0434355343658352,0.296777777777778
"mild",0.3,933,732,0.130605799975474,0.00237165245082602,2.735,0.0447971180075434,0.303888888888889
"mild",0.3,934,733,0.130215793208174,0.00235814776988536,2.646,0.0451743812876805,0.294
"mild",0.3,935,734,0.130120437956288,0.00235943916813965,2.721,0.0455986648734177,0.302333333333333
"mild",0.3,936,735,0.129640338943969,0.00235024003061966,2.72,0.0458661498678896,0.302222222222222
"mild",0.3,937,736,0.129099859225722,0.00234971331142429,2.682,0.0446863835286867,0.298
"mild",0.3,938,737,0.128936981052812,0.00234544317782385,2.754,0.0461910989003035,0.306
"mild",0.3,939,738,0.128752759744916,0.00234527267266617,2.78,0.0449847043296232,0.308888888888889
"mild",0.3,940,739,0.12828121974424,0.00234541367818935,2.664,0.0455321554198479,0.296
"mild",0.3,941,740,0.127819744221394,0.00234968778267663,2.694,0.046070451337994,0.299333333333333
"mild",0.3,942,741,0.12715696379619,0.00235026519740713,2.664,0.0456200086057116,0.296
"mild",0.3,943,742,0.127057185041671,0.00236012254917778,2.73,0.0449568806871774,0.303333333333333
"mild",0.3,944,743,0.126605486802564,0.00235564108294116,2.802,0.0455287696832329,0.311333333333333
"mild",0.3,945,744,0.126075494639145,0.00235799940404967,2.751,0.0454429759595921,0.305666666666667
"mild",0.3,946,745,0.125990071342034,0.00235765624013229,2.675,0.0461899178231409,0.297222222222222
"mild",0.3,947,746,0.125641499465607,0.00234550944146101,2.635,0.0459770474137793,0.292777777777778
"mild",0.3,948,747,0.125219494539658,0.00234877399051255,2.639,0.0444595957657698,0.293222222222222
"mild",0.3,949,748,0.124710842965249,0.00235221218854912,2.709,0.0446577352013435,0.301
"mild",0.3,950,749,0.124521280345206,0.00235769206152603,2.708,0.0447519691045964,0.300888888888889
"medium",0.5,1,-200,0,0,2.595,0.0453545150126428,0.288333333333333
"medium",0.5,2,-199,3.36414088899271e-05,0.000181859775748994,2.529,0.0441487044895786,0.281
"medium",0.5,3,-198,-0.000176198344100471,0.000257199039843324,2.449,0.0443775660482677,0.272111111111111
"medium",0.5,4,-197,-0.000231649983367769,0.000311321521864434,2.529,0.046252549100545,0.281
"medium",0.5,5,-196,-0.000145498445268213,0.000355802964453722,2.424,0.0451914401880074,0.269333333333333
"medium",0.5,6,-195,-0.000238312234459605,0.000389073898723959,2.463,0.0432029801923143,0.273666666666667
"medium",0.5,7,-194,-5.5736789564854e-05,0.000425225473670198,2.445,0.0443953369842593,0.271666666666667
"medium",0.5,8,-193,0.000153701869719138,0.000456742438607536,2.442,0.0446836953779856,0.271333333333333
"medium",0.5,9,-192,0.000200915234181308,0.000482051582758861,2.475,0.0448261573680411,0.275
"medium",0.5,10,-191,0.000359297454087035,0.000505978189131643,2.464,0.044188874806411,0.273777777777778
"medium",0.5,11,-190,0.000650558939456898,0.000527283175270429,2.485,0.0444944350987261,0.276111111111111
"medium",0.5,12,-189,0.000873669334728602,0.000560096148782174,2.44,0.0436383352604599,0.271111111111111
"medium",0.5,13,-188,0.00101454676735821,0.000585350417365136,2.559,0.0460938568970274,0.284333333333333
"medium",0.5,14,-187,0.00105749017349718,0.000608493236773203,2.409,0.0434004908106188,0.267666666666667
"medium",0.5,15,-186,0.00150285398300187,0.000620869445532172,2.414,0.0433414637787243,0.268222222222222
"medium",0.5,16,-185,0.00157081910016061,0.00063810595965404,2.533,0.0460763934573229,0.281444444444444
"medium",0.5,17,-184,0.00163404436584296,0.000671395470860536,2.475,0.0443321592113484,0.275
"medium",0.5,18,-183,0.00193429353064045,0.000686204417695228,2.448,0.0456001685893306,0.272
"medium",0.5,19,-182,0.00204824104759423,0.000703395494179752,2.453,0.0455836469456851,0.272555555555556
"medium",0.5,20,-181,0.0021309017840873,0.000721646799061702,2.552,0.0448029385565646,0.283555555555556
"medium",0.5,21,-180,0.00223163023346087,0.000740780534744245,2.533,0.0451103751474751,0.281444444444444
"medium",0.5,22,-179,0.00255053692185646,0.000767415504901857,2.471,0.0448237455838777,0.274555555555556
"medium",0.5,23,-178,0.00279204356523,0.000785910745268759,2.508,0.0451882504416579,0.278666666666667
"medium",0.5,24,-177,0.00236484912300438,0.000810167457573955,2.445,0.0438736811756194,0.271666666666667
"medium",0.5,25,-176,0.00253666217142799,0.00081916574478548,2.494,0.0458264559404727,0.277111111111111
"medium",0.5,26,-175,0.00306126540138149,0.000829464112270011,2.471,0.0445324841227409,0.274555555555556
"medium",0.5,27,-174,0.00281163491278356,0.000847487694782539,2.505,0.0437022297472894,0.278333333333333
"medium",0.5,28,-173,0.00249237676335015,0.000856753096539762,2.531,0.0466606495477313,0.281222222222222
"medium",0.5,29,-172,0.00243075787284308,0.000880404244784004,2.484,0.0440418401487006,0.276
"medium",0.5,30,-171,0.00262095400991327,0.00090665716245048,2.425,0.0449933261651037,0.269444444444444
"medium",0.5,31,-170,0.00293813835838195,0.000916650084368604,2.518,0.0451632119729731,0.279777777777778
"medium",0.5,32,-169,0.00286338599226549,0.000928699844873425,2.491,0.0446532519858621,0.276777777777778
"medium",0.5,33,-168,0.00297443973950602,0.000937392531277442,2.461,0.043730897445529,0.273444444444444
"medium",0.5,34,-167,0.00337422009418118,0.000951519619311276,2.469,0.0450451780778815,0.274333333333333
"medium",0.5,35,-166,0.00352803887602127,0.000969191632039152,2.454,0.043655352361306,0.272666666666667
"medium",0.5,36,-165,0.00376986891802939,0.00097990139444841,2.445,0.0441012462399864,0.271666666666667
"medium",0.5,37,-164,0.00390943826784951,0.000987177182041656,2.422,0.0436327837734405,0.269111111111111
"medium",0.5,38,-163,0.0039814293292117,0.00098664706315919,2.459,0.0419771495111456,0.273222222222222
"medium",0.5,39,-162,0.0040523811336808,0.000995363612464996,2.467,0.0434142349442644,0.274111111111111
"medium",0.5,40,-161,0.00462056340531862,0.00100511594056758,2.515,0.0432856633153363,0.279444444444444
"medium",0.5,41,-160,0.00453945738497585,0.00101914390976169,2.491,0.0429623645155239,0.276777777777778
"medium",0.5,42,-159,0.00454795176102077,0.00103292789889277,2.489,0.0452982442367353,0.276555555555556
"medium",0.5,43,-158,0.00482569766151103,0.00104115951803961,2.457,0.0437729033429026,0.273
"medium",0.5,44,-157,0.00515584168750942,0.00105078828463241,2.46,0.043316004851282,0.273333333333333
"medium",0.5,45,-156,0.0052546221270231,0.00105327856278681,2.51,0.0441344292797339,0.278888888888889
"medium",0.5,46,-155,0.00538225988890015,0.00106496975415657,2.547,0.0459336576042111,0.283
"medium",0.5,47,-154,0.00549558167542853,0.00108241458124278,2.457,0.0431510488054814,0.273
"medium",0.5,48,-153,0.00580571848694779,0.00109541148193584,2.483,0.0426089958403917,0.275888888888889
"medium",0.5,49,-152,0.00586859924287408,0.00111117274761933,2.613,0.045158280196109,0.290333333333333
"medium",0.5,50,-151,0.00584564388034849,0.00112742337993025,2.538,0.0457673535465035,0.282
"medium",0.5,51,-150,0.00599624975026085,0.00113409558536104,2.481,0.0448514286355591,0.275666666666667
"medium",0.5,52,-149,0.00637646479347816,0.00114701009839224,2.508,0.0458479883750427,0.278666666666667
"medium",0.5,53,-148,0.00649906770906035,0.00114845670056136,2.503,0.0441127752123684,0.278111111111111
"medium",0.5,54,-147,0.0067028958588563,0.00115287266360766,2.455,0.0440217322797833,0.272777777777778
"medium",0.5,55,-146,0.00679895813048952,0.00116424771396746,2.501,0.0433113711959674,0.277888888888889
"medium",0.5,56,-145,0.00692641025140196,0.00117252907342729,2.483,0.045494843452646,0.275888888888889
"medium",0.5,57,-144,0.00685607838018453,0.00118036856499274,2.493,0.0448995207877208,0.277
"medium",0.5,58,-143,0.00713337559516912,0.00119471407090781,2.468,0.0438965021716184,0.274222222222222
"medium",0.5,59,-142,0.00727715597558014,0.00120244602031305,2.512,0.0453642360666849,0.279111111111111
"medium",0.5,60,-141,0.00760994958069443,0.00121045969213126,2.545,0.0444966847636423,0.282777777777778
"medium",0.5,61,-140,0.0079368630261324,0.00122634803730757,2.606,0.0451087441500961,0.289555555555556
"medium",0.5,62,-139,0.00766551715977366,0.00123353747432761,2.43,0.0444418167391375,0.27
"medium",0.5,63,-138,0.00790538006499254,0.00124670962408533,2.5,0.0430564031690276,0.277777777777778
"medium",0.5,64,-137,0.00779675697289535,0.00124557870290261,2.455,0.044855177928384,0.272777777777778
"medium",0.5,65,-136,0.00782973261801361,0.00124773646128806,2.492,0.0437246823641734,0.276888888888889
"medium",0.5,66,-135,0.00781299308061895,0.00125678329213352,2.526,0.0443992713374363,0.280666666666667
"medium",0.5,67,-134,0.00781869467663767,0.00126176488190598,2.51,0.0450769556639744,0.278888888888889
"medium",0.5,68,-133,0.00796244966926984,0.0012631771907889,2.562,0.0448571975068455,0.284666666666667
"medium",0.5,69,-132,0.00791163456435433,0.0012750650805469,2.418,0.0450700267063076,0.268666666666667
"medium",0.5,70,-131,0.00793019178856184,0.00127925947402531,2.452,0.0434232838645538,0.272444444444444
"medium",0.5,71,-130,0.0078989960148566,0.00129243013787199,2.56,0.04363833526046,0.284444444444444
"medium",0.5,72,-129,0.00809837664664602,0.0013032305944777,2.444,0.0438267587757159,0.271555555555556
"medium",0.5,73,-128,0.00810695925030513,0.00130622091367139,2.57,0.0454440883412262,0.285555555555556
"medium",0.5,74,-127,0.00827621003539132,0.0013133210331684,2.492,0.0427757614282408,0.276888888888889
"medium",0.5,75,-126,0.00813417811171906,0.00132202283334583,2.557,0.0434354421830567,0.284111111111111
"medium",0.5,76,-125,0.00848990741488429,0.00132743703093305,2.492,0.0443836220458168,0.276888888888889
"medium",0.5,77,-124,0.00881253400547725,0.00134245407268289,2.54,0.0458748787955294,0.282222222222222
"medium",0.5,78,-123,0.00885321435042703,0.00135529328638469,2.46,0.0441400990976273,0.273333333333333
"medium",0.5,79,-122,0.008766770735234,0.00136331844013965,2.453,0.0447413990929294,0.272555555555556
"medium",0.5,80,-121,0.00878288021291495,0.00136927448865357,2.484,0.0433777088563428,0.276
"medium",0.5,81,-120,0.00877711083277709,0.00137243060679718,2.528,0.0433023220057666,0.280888888888889
"medium",0.5,82,-119,0.00870575998975955,0.0013844658820764,2.56,0.0441400990976272,0.284444444444444
"medium",0.5,83,-118,0.00900011263126079,0.00139388745623766,2.65,0.0460393268806095,0.294444444444444
"medium",0.5,84,-117,0.00906268560100072,0.00139562116366019,2.568,0.0440603826279041,0.285333333333333
"medium",0.5,85,-116,0.00915301648225168,0.00139750413068061,2.438,0.0441146472512484,0.270888888888889
"medium",0.5,86,-115,0.00899257485162598,0.00141111790269522,2.516,0.0444715833057666,0.279555555555556
"medium",0.5,87,-114,0.00909500087730765,0.00141468340541455,2.494,0.0445639983613451,0.277111111111111
"medium",0.5,88,-113,0.00937330994508121,0.00142642848667096,2.483,0.0446733332840375,0.275888888888889
"medium",0.5,89,-112,0.00939253245318531,0.00143578020158315,2.547,0.0435394842262363,0.283
"medium",0.5,90,-111,0.009781468218489,0.00143199975024368,2.563,0.0443621347434836,0.284777777777778
"medium",0.5,91,-110,0.00968801466320181,0.00143885252525757,2.519,0.0442447352415696,0.279888888888889
"medium",0.5,92,-109,0.00960499872189874,0.00144233359724121,2.49,0.0442250591390881,0.276666666666667
"medium",0.5,93,-108,0.00974970373496335,0.00144797337332388,2.425,0.0441624877619608,0.269444444444444
"medium",0.5,94,-107,0.0101126805143188,0.00144818473642536,2.434,0.044290016997125,0.270444444444444
"medium",0.5,95,-106,0.010397418351716,0.00145928845823993,2.525,0.0464707922735833,0.280555555555556
"medium",0.5,96,-105,0.0102931495051357,0.00147408351751287,2.503,0.0455638789730097,0.278111111111111
"medium",0.5,97,-104,0.0106185846176419,0.00148127733678185,2.492,0.0456291356264616,0.276888888888889
"medium",0.5,98,-103,0.0106605413032672,0.00148791137695135,2.508,0.0463258252174972,0.278666666666667
"medium",0.5,99,-102,0.0109172105798347,0.00149168302758368,2.573,0.0454834007055292,0.285888888888889
"medium",0.5,100,-101,0.0109628509773775,0.00150077010655718,2.522,0.0450948949388903,0.280222222222222
"medium",0.5,101,-100,0.0110527530287604,0.00151436008141701,2.564,0.0458258006368029,0.284888888888889
"medium",0.5,102,-99,0.0111317106593286,0.00151546121565383,2.435,0.0439284043041027,0.270555555555555
"medium",0.5,103,-98,0.0115106307811564,0.00151403684267078,2.509,0.0431019347219677,0.278777777777778
"medium",0.5,104,-97,0.0114170288505548,0.00151784389050337,2.602,0.0452287700655417,0.289111111111111
"medium",0.5,105,-96,0.0117086850269606,0.00151526225273551,2.457,0.0443860464686949,0.273
"medium",0.5,106,-95,0.0117477445502155,0.00151936851270739,2.448,0.043349454150833,0.272
"medium",0.5,107,-94,0.0118518983181153,0.00152083058985899,2.527,0.0458407283141571,0.280777777777778
"medium",0.5,108,-93,0.0117904787429122,0.00152299808601695,2.479,0.0452504873631944,0.275444444444444
"medium",0.5,109,-92,0.0119290886139589,0.00152329521732795,2.569,0.0455556178128925,0.285444444444444
"medium",0.5,110,-91,0.0117982009862155,0.00152882205106474,2.438,0.0435896324377257,0.270888888888889
"medium",0.5,111,-90,0.0117428603702137,0.00152975463296445,2.473,0.0450921756439441,0.274777777777778
"medium",0.5,112,-89,0.0118827343974951,0.00153714690118888,2.548,0.0471796770010346,0.283111111111111
"medium",0.5,113,-88,0.0121453114338099,0.00155324677463152,2.509,0.0449882533884449,0.278777777777778
"medium",0.5,114,-87,0.0121629543194966,0.00155834909844801,2.451,0.0448063232881989,0.272333333333333
"medium",0.5,115,-86,0.0122734825885789,0.00155873767082211,2.429,0.0457061051507132,0.269888888888889
"medium",0.5,116,-85,0.01250427892353,0.00155735526051965,2.513,0.0444725624268358,0.279222222222222
"medium",0.5,117,-84,0.0124094427797002,0.00155100104004156,2.525,0.0443547330320265,0.280555555555556
"medium",0.5,118,-83,0.0126517284094615,0.00156797473613955,2.533,0.0449992881714359,0.281444444444444
"medium",0.5,119,-82,0.0127850187226748,0.00156865449957451,2.479,0.0445819082874045,0.275444444444444
"medium",0.5,120,-81,0.0128887295934065,0.00157316886809694,2.395,0.0440785426020181,0.266111111111111
"medium",0.5,121,-80,0.0127629055483103,0.00157142857634487,2.495,0.0452108285593064,0.277222222222222
"medium",0.5,122,-79,0.0126680617682183,0.00157770218089899,2.529,0.0443297205509368,0.281
"medium",0.5,123,-78,0.012710369794672,0.00157666224149337,2.493,0.0448102550646496,0.277
"medium",0.5,124,-77,0.0131768288957528,0.00157918442229743,2.579,0.0439737727821106,0.286555555555556
"medium",0.5,125,-76,0.0134864502841101,0.00158331334818104,2.54,0.0450158463924254,0.282222222222222
"medium",0.5,126,-75,0.0134508474094684,0.0015855865468701,2.491,0.045541113216444,0.276777777777778
"medium",0.5,127,-74,0.0134029197623294,0.00158799579762341,2.54,0.0441627710900296,0.282222222222222
"medium",0.5,128,-73,0.0135821196994943,0.00158970101796428,2.483,0.0452963879659598,0.275888888888889
"medium",0.5,129,-72,0.0134694834396309,0.00159466508827557,2.526,0.0440597919339761,0.280666666666667
"medium",0.5,130,-71,0.0134462020792026,0.0015942282608199,2.538,0.0461159699310627,0.282
"medium",0.5,131,-70,0.0136562508505557,0.00160514967850841,2.502,0.0456078510354969,0.278
"medium",0.5,132,-69,0.0139075290149057,0.00161770854177795,2.606,0.0458133480861516,0.289555555555556
"medium",0.5,133,-68,0.0136259776020803,0.00163077237492447,2.56,0.047187144717885,0.284444444444444
"medium",0.5,134,-67,0.0139359679399871,0.00163224872150566,2.524,0.0438331534953323,0.280444444444444
"medium",0.5,135,-66,0.0138205453925242,0.00164622692618973,2.48,0.0457568977717425,0.275555555555555
"medium",0.5,136,-65,0.013995498493777,0.00166525784997192,2.511,0.0465192760373917,0.279
"medium",0.5,137,-64,0.014134875150796,0.00166850920897285,2.556,0.0445291684948961,0.284
"medium",0.5,138,-63,0.0143212206240863,0.00167497028151372,2.506,0.0442257834291257,0.278444444444444
"medium",0.5,139,-62,0.0142732508095576,0.00168655475328078,2.555,0.0445753515068806,0.283888888888889
"medium",0.5,140,-61,0.0144559170355382,0.00169469009513972,2.584,0.0451329256860331,0.287111111111111
"medium",0.5,141,-60,0.0144942308922641,0.00169629668467706,2.592,0.0449394654569406,0.288
"medium",0.5,142,-59,0.0146573042185647,0.00170457608054977,2.567,0.0440619161232513,0.285222222222222
"medium",0.5,143,-58,0.0147414405214647,0.00171195226786257,2.525,0.0441511531482964,0.280555555555556
"medium",0.5,144,-57,0.0147907234607411,0.00171324059011936,2.505,0.0454977476920014,0.278333333333333
"medium",0.5,145,-56,0.0146008381342475,0.00171073947951594,2.485,0.0453633423904459,0.276111111111111
"medium",0.5,146,-55,0.0148221402905421,0.00170886192024394,2.504,0.0443164523393734,0.278222222222222
"medium",0.5,147,-54,0.0150541376535308,0.00171345863674609,2.448,0.0450924531305332,0.272
"medium",0.5,148,-53,0.0149811242873648,0.00170738403843888,2.476,0.0443101273682147,0.275111111111111
"medium",0.5,149,-52,0.0149024529479429,0.00171443768458321,2.452,0.0423259670590942,0.272444444444444
"medium",0.5,150,-51,0.015061815911314,0.00171842841150661,2.474,0.0450927639134857,0.274888888888889
"medium",0.5,151,-50,0.0150292979365728,0.00172135801784803,2.588,0.0452360730203485,0.287555555555556
"medium",0.5,152,-49,0.0151272438653766,0.00172347973499256,2.509,0.0442026342300191,0.278777777777778
"medium",0.5,153,-48,0.0150526413766948,0.00172640779805629,2.488,0.0438837302628409,0.276444444444444
"medium",0.5,154,-47,0.0152046821204766,0.00173132886050492,2.571,0.0449775719885143,0.285666666666667
"medium",0.5,155,-46,0.015339454131653,0.00173773784354761,2.519,0.0439268547538811,0.279888888888889
"medium",0.5,156,-45,0.0154529455714653,0.00174338464204712,2.519,0.0428891417316606,0.279888888888889
"medium",0.5,157,-44,0.0153437929713522,0.00174942152654286,2.527,0.0449142325804225,0.280777777777778
"medium",0.5,158,-43,0.0152037646264876,0.00175319401867439,2.49,0.0462605667933287,0.276666666666667
"medium",0.5,159,-42,0.0150819604271303,0.00175492945839425,2.51,0.0442476875989903,0.278888888888889
"medium",0.5,160,-41,0.0153626715915338,0.00176111699121747,2.563,0.0431264523336998,0.284777777777778
"medium",0.5,161,-40,0.0154178226514973,0.0017688474310789,2.617,0.045567393906031,0.290777777777778
"medium",0.5,162,-39,0.0151949703012826,0.00177340666852723,2.49,0.0441117427205708,0.276666666666667
"medium",0.5,163,-38,0.0154685439054706,0.00178849290246491,2.608,0.0457211813761021,0.289777777777778
"medium",0.5,164,-37,0.0154984106479157,0.00179855929378129,2.514,0.0445846587044447,0.279333333333333
"medium",0.5,165,-36,0.0155675340631609,0.00179824311801787,2.498,0.0440219710364488,0.277555555555556
"medium",0.5,166,-35,0.0152665218443707,0.00179349085451038,2.523,0.0432590145789563,0.280333333333333
"medium",0.5,167,-34,0.0153607800383035,0.00179540794368399,2.541,0.0456552669842526,0.282333333333333
"medium",0.5,168,-33,0.0151976759543286,0.00179572524438067,2.548,0.0449412473760549,0.283111111111111
"medium",0.5,169,-32,0.0151689747170648,0.00180372651082369,2.524,0.0453153117332044,0.280444444444444
"medium",0.5,170,-31,0.015278906899903,0.00180654702990301,2.537,0.0453065523261668,0.281888888888889
"medium",0.5,171,-30,0.0151942752444631,0.00181672269717093,2.518,0.0454063623046123,0.279777777777778
"medium",0.5,172,-29,0.0154219096251729,0.00181390262594167,2.564,0.045913091945675,0.284888888888889
"medium",0.5,173,-28,0.0153886279418369,0.00182215279608209,2.553,0.0443526567204055,0.283666666666667
"medium",0.5,174,-27,0.0155532915174583,0.00182148130002547,2.441,0.0430391841392396,0.271222222222222
"medium",0.5,175,-26,0.0155620118993096,0.00182265008768764,2.498,0.0436107543834992,0.277555555555556
"medium",0.5,176,-25,0.015317262832001,0.00182538584575088,2.523,0.0448495538716105,0.280333333333333
"medium",0.5,177,-24,0.0154216872249474,0.00182748539294167,2.475,0.0443321592113484,0.275
"medium",0.5,178,-23,0.0157393831715427,0.00182696578474635,2.523,0.0457554867154156,0.280333333333333
"medium",0.5,179,-22,0.0158606309237206,0.00184136556664027,2.561,0.0446572869000487,0.284555555555556
"medium",0.5,180,-21,0.0156909358063342,0.00184677082173917,2.47,0.0455540906524889,0.274444444444444
"medium",0.5,181,-20,0.0158773728208075,0.00185077882266781,2.487,0.0450317538949889,0.276333333333333
"medium",0.5,182,-19,0.0157817575305333,0.00186216841828373,2.497,0.0463480219549783,0.277444444444444
"medium",0.5,183,-18,0.0154893822367519,0.00185753182865979,2.42,0.0443572718679537,0.268888888888889
"medium",0.5,184,-17,0.0155824766093735,0.0018590617280475,2.426,0.044412796539922,0.269555555555556
"medium",0.5,185,-16,0.0154110028009383,0.00186176470697616,2.411,0.0440229146810728,0.267888888888889
"medium",0.5,186,-15,0.015521513830538,0.00186217882238907,2.476,0.0438559841680399,0.275111111111111
"medium",0.5,187,-14,0.0157300216130438,0.00186815446847574,2.455,0.0434955959479448,0.272777777777778
"medium",0.5,188,-13,0.0159550572684087,0.00186424267590182,2.513,0.0437692443017553,0.279222222222222
"medium",0.5,189,-12,0.0159484092883107,0.00186772135891697,2.559,0.0435938002406239,0.284333333333333
"medium",0.5,190,-11,0.0163064652467715,0.00187424293231412,2.456,0.0451009766867426,0.272888888888889
"medium",0.5,191,-10,0.0166001890897433,0.00186651251254305,2.485,0.0432393876534422,0.276111111111111
"medium",0.5,192,-9,0.0166328201996603,0.00187858981024896,2.438,0.0462416943276765,0.270888888888889
"medium",0.5,193,-8,0.0167264864218057,0.00188426921322307,2.494,0.0469059075614595,0.277111111111111
"medium",0.5,194,-7,0.0168342425741079,0.00188218543032417,2.601,0.0472231831734056,0.289
"medium",0.5,195,-6,0.016647660896191,0.00188385504418057,2.456,0.043863287473558,0.272888888888889
"medium",0.5,196,-5,0.0164554225063561,0.00188648906032161,2.5,0.0458705145393433,0.277777777777778
"medium",0.5,197,-4,0.0164279516654485,0.00188177017976153,2.463,0.0447955091235455,0.273666666666667
"medium",0.5,198,-3,0.0165598422809139,0.0018903183612396,2.605,0.0445978022324416,0.289444444444444
"medium",0.5,199,-2,0.016463075713342,0.00189108573460821,2.615,0.0458571464210089,0.290555555555556
"medium",0.5,200,-1,0.0162883173677344,0.00189636347909608,2.503,0.0432418878040827,0.278111111111111
"medium",0.5,201,0,1.01649351990034,0.00190103304492703,4.213,0.0489492290748999,0.468111111111111
"medium",0.5,202,1,1.01283413965832,0.00189779118539746,4.366,0.0477107987809922,0.485111111111111
"medium",0.5,203,2,1.00877859929841,0.00190510181363514,4.337,0.0476623824698547,0.481888888888889
"medium",0.5,204,3,1.00511693726077,0.00190490576764346,4.391,0.0488518731012998,0.487888888888889
"medium",0.5,205,4,1.00135591078729,0.00191318659506134,4.366,0.0471833685769707,0.485111111111111
"medium",0.5,206,5,0.997823998101445,0.00192154804937316,4.401,0.0477753229343505,0.489
"medium",0.5,207,6,0.994673022678935,0.00192631310967068,4.288,0.0488614719737694,0.476444444444444
"medium",0.5,208,7,0.991163758053314,0.0019285607798911,4.291,0.0491603065057139,0.476777777777778
"medium",0.5,209,8,0.987787099761631,0.0019282377358088,4.311,0.0463079196620126,0.479
"medium",0.5,210,9,0.984633267777706,0.00193948200921425,4.319,0.0474920466446171,0.479888888888889
"medium",0.5,211,10,0.981692411960421,0.0019316062680596,4.316,0.048708485056677,0.479555555555556
"medium",0.5,212,11,0.978580996745869,0.00193115327855965,4.269,0.0475489211223546,0.474333333333333
"medium",0.5,213,12,0.9754562974149,0.00193209384831876,4.3,0.048768620837362,0.477777777777778
"medium",0.5,214,13,0.972646789503994,0.00192376839866682,4.311,0.0491191580922524,0.479
"medium",0.5,215,14,0.969803013268759,0.00193227848840497,4.267,0.0483326705970926,0.474111111111111
"medium",0.5,216,15,0.966814373230567,0.00193069399698516,4.207,0.047099568674982,0.467444444444444
"medium",0.5,217,16,0.964108490324678,0.00193068578247466,4.216,0.0491910943541995,0.468444444444444
"medium",0.5,218,17,0.961678892305783,0.00194937209447421,4.236,0.0490174122808079,0.470666666666667
"medium",0.5,219,18,0.958848774620204,0.00195657491456157,4.206,0.0461269085425382,0.467333333333333
"medium",0.5,220,19,0.956496109080136,0.0019595125088609,4.229,0.048279290486604,0.469888888888889
"medium",0.5,221,20,0.954041507583895,0.00196386420132735,4.237,0.0491451548603342,0.470777777777778
"medium",0.5,222,21,0.951490640345616,0.00196832510303096,4.154,0.0497871746814655,0.461555555555556
"medium",0.5,223,22,0.948814401603547,0.00197312845584385,4.117,0.0503174208683519,0.457444444444444
"medium",0.5,224,23,0.946455819224422,0.00196578456975159,4.255,0.0502244711022177,0.472777777777778
"medium",0.5,225,24,0.943877269878196,0.00197702332236549,4.261,0.048736580247841,0.473444444444444
"medium",0.5,226,25,0.941485292601624,0.00197505909523785,4.23,0.0499959958356628,0.47
"medium",0.5,227,26,0.939266798503588,0.00197870511402294,4.131,0.0480223400631952,0.459
"medium",0.5,228,27,0.936809824883963,0.00198423071815444,4.133,0.0505951664773511,0.459222222222222
"medium",0.5,229,28,0.934532925560305,0.00199111128165662,4.23,0.0484297991472756,0.47
"medium",0.5,230,29,0.932291925363374,0.00199168423148955,4.213,0.0487648337330192,0.468111111111111
"medium",0.5,231,30,0.930025966361785,0.00199611870100359,4.216,0.046384216016825,0.468444444444444
"medium",0.5,232,31,0.927922923531019,0.00200747585491144,4.152,0.0481374408668888,0.461333333333333
"medium",0.5,233,32,0.925985951341318,0.00201669546944592,4.178,0.0487923835931051,0.464222222222222
"medium",0.5,234,33,0.923731371880638,0.00201484566771432,4.201,0.0475695476314613,0.466777777777778
"medium",0.5,235,34,0.921789533480333,0.00201319674670757,4.205,0.0492280245226069,0.467222222222222
"medium",0.5,236,35,0.919653366286378,0.00201704190418121,4.192,0.0491686236695065,0.465777777777778
"medium",0.5,237,36,0.917570759804624,0.00201235567313029,4.183,0.048988885585517,0.464777777777778
"medium",0.5,238,37,0.91549363662762,0.00201810714237757,4.212,0.0476584444493032,0.468
"medium",0.5,239,38,0.913435425061349,0.00203362346405648,4.168,0.0480008341602524,0.463111111111111
"medium",0.5,240,39,0.911264963726864,0.00203301257629371,4.193,0.0505203256452618,0.465888888888889
"medium",0.5,241,40,0.909115059418127,0.0020383709525529,4.196,0.0496593400082005,0.466222222222222
"medium",0.5,242,41,0.907237098278359,0.00205097610875833,4.223,0.0491088859849486,0.469222222222222
"medium",0.5,243,42,0.905193975245077,0.00206339755441018,4.082,0.0485966834016238,0.453555555555556
"medium",0.5,244,43,0.903173622203402,0.00206919992206528,4.124,0.0497302432841132,0.458222222222222
"medium",0.5,245,44,0.901567828983326,0.00206537568786606,4.154,0.048131077284854,0.461555555555556
"medium",0.5,246,45,0.899911855178322,0.0020747402398753,4.128,0.0484764475386344,0.458666666666667
"medium",0.5,247,46,0.898208311968469,0.00207585192341954,4.15,0.0483718910095506,0.461111111111111
"medium",0.5,248,47,0.896444739700667,0.00207806567416854,4.041,0.0476612063484612,0.449
"medium",0.5,249,48,0.894575338953811,0.00208001363682925,4.14,0.049888765156986,0.46
"medium",0.5,250,49,0.892346087996206,0.00208096020750524,4.09,0.0490337057981987,0.454444444444444
"medium",0.5,251,50,0.890582481265647,0.00208307071719508,4.15,0.0497591798161503,0.461111111111111
"medium",0.5,252,51,0.888864932584377,0.002088173681619,4.147,0.0497178324433283,0.460777777777778
"medium",0.5,253,52,0.887312639060931,0.00209930588073209,4.106,0.0503119796399952,0.456222222222222
"medium",0.5,254,53,0.885011058040394,0.00210370986802339,4.124,0.0488775307581409,0.458222222222222
"medium",0.5,255,54,0.883021132226105,0.00209597601511272,4.103,0.0469531212550943,0.455888888888889
"medium",0.5,256,55,0.881209029762258,0.00210016213499814,4.086,0.0496696191959537,0.454
"medium",0.5,257,56,0.879614384598991,0.00210398263114567,4.056,0.046572878728215,0.450666666666667
"medium",0.5,258,57,0.878278769978288,0.00210421579024783,4.089,0.0485121884935364,0.454333333333333
"medium",0.5,259,58,0.876739660434351,0.00210215234571346,4.113,0.0496053595057197,0.457
"medium",0.5,260,59,0.875118672530764,0.00211185080885973,4.061,0.0498775176484033,0.451222222222222
"medium",0.5,261,60,0.87358147322612,0.00211319182376503,4.092,0.0488048964543305,0.454666666666667
"medium",0.5,262,61,0.871966403190636,0.00210855687490044,4.051,0.0497279787631859,0.450111111111111
"medium",0.5,263,62,0.870034356729909,0.00211219296866598,4.051,0.0485258050294249,0.450111111111111
"medium",0.5,264,63,0.867945708955301,0.00211815771933217,4.044,0.0498653241296047,0.449333333333333
"medium",0.5,265,64,0.866454483684366,0.00212574002450041,4.108,0.0491808372717949,0.456444444444444
"medium",0.5,266,65,0.864885721160106,0.0021331856126537,4.108,0.0482562396448862,0.456444444444444
"medium",0.5,267,66,0.863274649859849,0.00212955297233284,4.084,0.0488193335403846,0.453777777777778
"medium",0.5,268,67,0.861684961047161,0.00213677674006212,3.995,0.0491669847803626,0.443888888888889
"medium",0.5,269,68,0.86028497458631,0.00214141792691998,4.132,0.0489793321205482,0.459111111111111
"medium",0.5,270,69,0.858778975164966,0.00213363927443447,3.982,0.0486831186967932,0.442444444444444
"medium",0.5,271,70,0.857447930892289,0.00213966827364496,4.091,0.0500522149782028,0.454555555555556
"medium",0.5,272,71,0.85588033401233,0.00213748863553914,3.982,0.0467532016215133,0.442444444444444
"medium",0.5,273,72,0.854391128216425,0.00214227894508435,4,0.049136691121955,0.444444444444444
"medium",0.5,274,73,0.852574249546334,0.00215085904669737,4.104,0.0485751329750473,0.456
"medium",0.5,275,74,0.851387456712459,0.0021517900970822,3.989,0.0495109112250052,0.443222222222222
"medium",0.5,276,75,0.849704679713932,0.00214494626262605,3.842,0.0483256802473732,0.426888888888889
"medium",0.5,277,76,0.848013999994598,0.00214307480657399,4.053,0.048523659647079,0.450333333333333
"medium",0.5,278,77,0.846594811603526,0.00214610822280191,4.025,0.0480904115982353,0.447222222222222
"medium",0.5,279,78,0.845024161242696,0.00215192454840146,4.04,0.0475464053390017,0.448888888888889
"medium",0.5,280,79,0.843165896474711,0.00215896364603844,4.052,0.0505554334552859,0.450222222222222
"medium",0.5,281,80,0.841765596850754,0.00216899911197152,4.006,0.0494004494352471,0.445111111111111
"medium",0.5,282,81,0.840236605485511,0.00217506869246495,4,0.048953001914044,0.444444444444444
"medium",0.5,283,82,0.838685870561308,0.00218756283574755,4.021,0.049568296480876,0.446777777777778
"medium",0.5,284,83,0.837037584336572,0.00218728719860359,4.057,0.0499824894262905,0.450777777777778
"medium",0.5,285,84,0.835614706988872,0.00219425319036463,4.049,0.0511391651693124,0.449888888888889
"medium",0.5,286,85,0.83377394369045,0.00220837934688185,4.101,0.0479280303798948,0.455666666666667
"medium",0.5,287,86,0.831823304826093,0.00220974720876808,3.987,0.0476350721643213,0.443
"medium",0.5,288,87,0.830228490539394,0.00221139200073899,4,0.0492181107156951,0.444444444444444
"medium",0.5,289,88,0.828639935488851,0.00221452530493693,3.872,0.0493360927724325,0.430222222222222
"medium",0.5,290,89,0.826692854596715,0.00221494281251515,3.975,0.0499286277386818,0.441666666666667
"medium",0.5,291,90,0.824926505048858,0.00221979079569681,3.984,0.0499824193316235,0.442666666666667
"medium",0.5,292,91,0.822977003092835,0.00221967427763128,3.973,0.047671202455398,0.441444444444444
"medium",0.5,293,92,0.821563675584939,0.00222287910614651,4.033,0.0480647607007589,0.448111111111111
"medium",0.5,294,93,0.820200665729058,0.00222190836762915,4.108,0.04966691859581,0.456444444444444
"medium",0.5,295,94,0.818437787256533,0.00221338632441043,3.888,0.0479140037123988,0.432
"medium",0.5,296,95,0.816938476205845,0.0022118501301229,3.98,0.0481863250510132,0.442222222222222
"medium",0.5,297,96,0.81526317213357,0.00221211495252365,4.026,0.047787107127421,0.447333333333333
"medium",0.5,298,97,0.813766087056975,0.00221350161906061,3.997,0.0476997512180752,0.444111111111111
"medium",0.5,299,98,0.812200422864126,0.00221975084904923,3.948,0.0478286899630711,0.438666666666667
"medium",0.5,300,99,0.810548640388085,0.00222196363074747,3.98,0.0478318710473244,0.442222222222222
"medium",0.5,301,100,0.808645973701243,0.00222018565159441,3.977,0.0486089892286791,0.441888888888889
"medium",0.5,302,101,0.807423723680677,0.00222190809677963,3.91,0.0486442829761759,0.434444444444444
"medium",0.5,303,102,0.805680694771222,0.00222262134041206,3.975,0.0489772781376606,0.441666666666667
"medium",0.5,304,103,0.804036345081778,0.00222482981315441,3.859,0.0480981541478719,0.428777777777778
"medium",0.5,305,104,0.80263274314241,0.00221823779114881,3.879,0.048915761792614,0.431
"medium",0.5,306,105,0.801175243368825,0.00221949518905992,3.902,0.0487932042069055,0.433555555555556
"medium",0.5,307,106,0.799267206003421,0.00222944333064626,3.886,0.0505525425627589,0.431777777777778
"medium",0.5,308,107,0.797819699281504,0.00224470032876569,3.911,0.0465536920796431,0.434555555555556
"medium",0.5,309,108,0.796240812133972,0.00225539833982662,3.943,0.0491341547720642,0.438111111111111
"medium",0.5,310,109,0.794574790470993,0.0022511649229306,3.975,0.0489363849274726,0.441666666666667
"medium",0.5,311,110,0.792972910559522,0.00225067330582887,3.925,0.0509703146250145,0.436111111111111
"medium",0.5,312,111,0.791778275840995,0.00225261619235507,4.005,0.0495522999509653,0.445
"medium",0.5,313,112,0.789936044119582,0.0022606462495437,3.797,0.0475399942264516,0.421888888888889
"medium",0.5,314,113,0.788266296614065,0.00225417274997847,3.976,0.0493341449490901,0.441777777777778
"medium",0.5,315,114,0.786325714938995,0.00225608583131045,3.887,0.0498067436368983,0.431888888888889
"medium",0.5,316,115,0.785132501988632,0.00226349621514161,3.97,0.0486154652704617,0.441111111111111
"medium",0.5,317,116,0.783445325489943,0.00226973715471184,3.974,0.0493331304273078,0.441555555555556
"medium",0.5,318,117,0.781970704443965,0.00227652965990367,3.815,0.0499727152781624,0.423888888888889
"medium",0.5,319,118,0.780159364667033,0.00227697136339895,3.85,0.0481021186000556,0.427777777777778
"medium",0.5,320,119,0.778696826510524,0.00227874413394625,3.902,0.0484638498753942,0.433555555555556
"medium",0.5,321,120,0.777220720198656,0.00227445215205382,3.906,0.0489649013229024,0.434
"medium",0.5,322,121,0.775592926236316,0.0022822692823253,3.936,0.0487060188916756,0.437333333333333
"medium",0.5,323,122,0.774124449935703,0.00227993350053465,3.873,0.0479705344161619,0.430333333333333
"medium",0.5,324,123,0.772651816290118,0.00228254425291346,3.906,0.049655106782985,0.434
"medium",0.5,325,124,0.77141938120667,0.00227956790577029,3.955,0.0487170231884948,0.439444444444444
"medium",0.5,326,125,0.77025527243161,0.00227878596499246,3.844,0.0483528903169397,0.427111111111111
"medium",0.5,327,126,0.768671693651041,0.00227804155292385,3.948,0.0494341960563711,0.438666666666667
"medium",0.5,328,127,0.767460846456315,0.00227497491226427,3.812,0.0471686429832454,0.423555555555556
"medium",0.5,329,128,0.765759840088026,0.00227537839332696,3.84,0.0462876067921269,0.426666666666667
"medium",0.5,330,129,0.764352128559857,0.00227993876123394,3.875,0.0476617944127857,0.430555555555556
"medium",0.5,331,130,0.762562642787765,0.00228299834625208,3.887,0.0494031544708602,0.431888888888889
"medium",0.5,332,131,0.761030255322491,0.00229128328351432,3.904,0.0500328620737136,0.433777777777778
"medium",0.5,333,132,0.75964729179492,0.00229276093262544,3.915,0.0476449897160765,0.435
"medium",0.5,334,133,0.7580890170567,0.00229617758669126,3.878,0.0482435844796327,0.430888888888889
"medium",0.5,335,134,0.756423592879709,0.00230091283466196,3.898,0.0477690054101809,0.433111111111111
"medium",0.5,336,135,0.755071428084911,0.00230969288166893,3.833,0.0493106737181975,0.425888888888889
"medium",0.5,337,136,0.753645952486548,0.00233079698605811,3.777,0.0490884984561626,0.419666666666667
"medium",0.5,338,137,0.752029431440276,0.00233909359295751,3.833,0.0495334691351671,0.425888888888889
"medium",0.5,339,138,0.750653388662162,0.00234776812204828,3.911,0.0473214361396429,0.434555555555556
"medium",0.5,340,139,0.749336914040434,0.00235139562268843,3.848,0.0490642772626206,0.427555555555556
"medium",0.5,341,140,0.74800183543272,0.00235713272312628,3.786,0.0488117463996792,0.420666666666667
"medium",0.5,342,141,0.746664061186437,0.00234909594642759,3.783,0.0499640611580705,0.420333333333333
"medium",0.5,343,142,0.745037720432838,0.00235464310761229,3.865,0.0487560473393009,0.429444444444444
"medium",0.5,344,143,0.743621386588938,0.00235973153923772,3.743,0.0493496341059018,0.415888888888889
"medium",0.5,345,144,0.742475053204804,0.00237552771256546,3.81,0.0476673071630039,0.423333333333333
"medium",0.5,346,145,0.741190129012359,0.00238471316504582,3.903,0.050140852656343,0.433666666666667
"medium",0.5,347,146,0.739656393671327,0.00238944479007461,3.869,0.0501433281040795,0.429888888888889
"medium",0.5,348,147,0.73821688895571,0.00240153010733109,3.859,0.0483472486958304,0.428777777777778
"medium",0.5,349,148,0.736921904694297,0.00240042472475797,3.884,0.049910269835326,0.431555555555556
"medium",0.5,350,149,0.735763287928451,0.00239996693642934,3.905,0.0489731903532264,0.433888888888889
"medium",0.5,351,150,0.734524661532716,0.00239878688095695,3.879,0.0483807782047757,0.431
"medium",0.5,352,151,0.733004928859869,0.00240043928474486,3.809,0.0480919102535119,0.423222222222222
"medium",0.5,353,152,0.731785748739503,0.00240285809678973,3.843,0.0469100367890663,0.427
"medium",0.5,354,153,0.730223282706307,0.00240174340728318,3.761,0.0470115846264416,0.417888888888889
"medium",0.5,355,154,0.72869097123073,0.00239527767556238,3.782,0.0497488788913977,0.420222222222222
"medium",0.5,356,155,0.727300172266732,0.00239775334077491,3.783,0.0489725362760528,0.420333333333333
"medium",0.5,357,156,0.725813352870656,0.00239754631065029,3.78,0.0480615221347587,0.42
"medium",0.5,358,157,0.724556082476227,0.00239596563300449,3.802,0.0483852987707747,0.422444444444444
"medium",0.5,359,158,0.722861151415862,0.00239053495039333,3.823,0.0479371355941192,0.424777777777778
"medium",0.5,360,159,0.721502555411773,0.00239252062668296,3.839,0.0507509079195107,0.426555555555556
"medium",0.5,361,160,0.720163248197776,0.00239418262752811,3.814,0.0498787719565336,0.423777777777778
"medium",0.5,362,161,0.719200461967388,0.00238914069437857,3.82,0.0476431513427677,0.424444444444444
"medium",0.5,363,162,0.717985233772622,0.00239902836851769,3.874,0.0494223286234729,0.430444444444444
"medium",0.5,364,163,0.71657810567119,0.00240318757544892,3.82,0.0497601856515435,0.424444444444444
"medium",0.5,365,164,0.714997927504096,0.00239949803971399,3.801,0.0492729827271176,0.422333333333333
"medium",0.5,366,165,0.713706887395257,0.00240088183369653,3.828,0.0475886612616986,0.425333333333333
"medium",0.5,367,166,0.712276352937748,0.00240930114731557,3.814,0.048618594876526,0.423777777777778
"medium",0.5,368,167,0.710974085780968,0.00241085673283144,3.726,0.0480544819265931,0.414
"medium",0.5,369,168,0.709755425952832,0.00242595426969487,3.739,0.0484068406552444,0.415444444444444
"medium",0.5,370,169,0.708285860000032,0.00242367179809749,3.825,0.0496874616361496,0.425
"medium",0.5,371,170,0.707018962559065,0.0024265760888101,3.751,0.0488813705657727,0.416777777777778
"medium",0.5,372,171,0.705827253926947,0.00242924735974882,3.78,0.0489079951745315,0.42
"medium",0.5,373,172,0.70430004937188,0.00243125524994693,3.734,0.0476394113472608,0.414888888888889
"medium",0.5,374,173,0.702811470134367,0.00244208519593738,3.73,0.0490255392984463,0.414444444444444
"medium",0.5,375,174,0.701598644735932,0.0024515240603367,3.712,0.0495329133961401,0.412444444444444
"medium",0.5,376,175,0.7001735350835,0.00245643733757698,3.689,0.0499677473554269,0.409888888888889
"medium",0.5,377,176,0.69874896453741,0.00245784218889489,3.734,0.0472596813095209,0.414888888888889
"medium",0.5,378,177,0.697648079400445,0.00246194531349961,3.723,0.0472705564332122,0.413666666666667
"medium",0.5,379,178,0.695909473352414,0.00246107689279852,3.717,0.0473619483779348,0.413
"medium",0.5,380,179,0.694557502774184,0.00246599508603255,3.661,0.050185631385862,0.406777777777778
"medium",0.5,381,180,0.693130872942852,0.00247132056687463,3.703,0.0484472717305953,0.411444444444444
"medium",0.5,382,181,0.691954409419159,0.00246300304152027,3.768,0.0477331588568624,0.418666666666667
"medium",0.5,383,182,0.69073257263979,0.00247133673847886,3.71,0.0496826767431906,0.412222222222222
"medium",0.5,384,183,0.68952908779565,0.00247029796495513,3.74,0.0484225644172708,0.415555555555556
"medium",0.5,385,184,0.688185625653477,0.00247140778087115,3.758,0.0481222583816653,0.417555555555556
"medium",0.5,386,185,0.686904507794459,0.00248291019997707,3.782,0.04790376572641,0.420222222222222
"medium",0.5,387,186,0.685505710110657,0.00248114609657834,3.675,0.0481839879700373,0.408333333333333
"medium",0.5,388,187,0.683890978160085,0.00248395900124899,3.721,0.0480777544241666,0.413444444444444
"medium",0.5,389,188,0.682906121583308,0.00248681497833858,3.618,0.0498855145765237,0.402
"medium",0.5,390,189,0.682017610666647,0.0024947309501924,3.78,0.0491326166005233,0.42
"medium",0.5,391,190,0.680730346210285,0.00249556069517528,3.741,0.0490338997360329,0.415666666666667
"medium",0.5,392,191,0.679391091254366,0.00249200461192893,3.688,0.0489801496022119,0.409777777777778
"medium",0.5,393,192,0.678078540289962,0.0024965288031629,3.719,0.0485633338785281,0.413222222222222
"medium",0.5,394,193,0.676752454473765,0.00249752229112887,3.729,0.0478732790902279,0.414333333333333
"medium",0.5,395,194,0.675657945878428,0.00250007257662214,3.648,0.04905611585218,0.405333333333333
"medium",0.5,396,195,0.674411540164992,0.00249611487326679,3.665,0.049489637543876,0.407222222222222
"medium",0.5,397,196,0.672884096778406,0.00248713870800467,3.723,0.0483798678337549,0.413666666666667
"medium",0.5,398,197,0.671507640321887,0.00248636764511122,3.685,0.0471380631443105,0.409444444444444
"medium",0.5,399,198,0.669965536362629,0.00248073795428266,3.668,0.0483540496144233,0.407555555555556
"medium",0.5,400,199,0.66903128581338,0.00248576452158794,3.696,0.0492951723195487,0.410666666666667
"medium",0.5,401,200,0.667908782596426,0.00249103840272195,3.706,0.050260223736968,0.411777777777778
"medium",0.5,402,201,0.666493004670951,0.00248847762893009,3.707,0.0482646918614477,0.411888888888889
"medium",0.5,403,202,0.665176845423369,0.0024961071530101,3.762,0.0487414785550429,0.418
"medium",0.5,404,203,0.663857757969848,0.00249067959443172,3.696,0.0465591210371474,0.410666666666667
"medium",0.5,405,204,0.662372791830572,0.002495156934963,3.677,0.0479893110387509,0.408555555555556
"medium",0.5,406,205,0.66113116744634,0.00249319460137106,3.672,0.0471448686352888,0.408
"medium",0.5,407,206,0.659786134975839,0.00249329187879225,3.686,0.0477879450038153,0.409555555555556
"medium",0.5,408,207,0.658639453353685,0.0024957771273311,3.642,0.0502430130501781,0.404666666666667
"medium",0.5,409,208,0.657029540453674,0.00249247726610091,3.665,0.0506887003615632,0.407222222222222
"medium",0.5,410,209,0.655750910974725,0.00249872023277196,3.731,0.0498510192887179,0.414555555555556
"medium",0.5,411,210,0.654754154464742,0.0024980423496937,3.688,0.0478010558559217,0.409777777777778
"medium",0.5,412,211,0.653520075782197,0.00248697538971099,3.691,0.0470715915891392,0.410111111111111
"medium",0.5,413,212,0.652280358659919,0.00249399532206227,3.716,0.0479545998173654,0.412888888888889
"medium",0.5,414,213,0.651109474873602,0.00250245330297342,3.67,0.0491275229735179,0.407777777777778
"medium",0.5,415,214,0.649837573030176,0.00250231889119815,3.675,0.0472610686359144,0.408333333333333
"medium",0.5,416,215,0.648590586065056,0.00251111924787073,3.708,0.0477390303107952,0.412
"medium",0.5,417,216,0.647796108869822,0.00252033427401377,3.688,0.0465921326709438,0.409777777777778
"medium",0.5,418,217,0.646502461441994,0.00252629322152808,3.671,0.0492461590805231,0.407888888888889
"medium",0.5,419,218,0.645440198570376,0.00252047843049938,3.622,0.0482850644345376,0.402444444444444
"medium",0.5,420,219,0.643990180884374,0.00252785211692559,3.612,0.0491311496900883,0.401333333333333
"medium",0.5,421,220,0.643051477567655,0.00253061824899516,3.622,0.0494930860380071,0.402444444444444
"medium",0.5,422,221,0.641679401277725,0.00253772954697658,3.662,0.050102557482291,0.406888888888889
"medium",0.5,423,222,0.640314983532094,0.00253847131097971,3.616,0.0483205844219509,0.401777777777778
"medium",0.5,424,223,0.639239970074814,0.00254012069749967,3.688,0.0504499871278596,0.409777777777778
"medium",0.5,425,224,0.63807233510746,0.00254505904911911,3.56,0.0483605080488071,0.395555555555555
"medium",0.5,426,225,0.637033115438992,0.00254444155746829,3.724,0.0510924107322648,0.413777777777778
"medium",0.5,427,226,0.636066695709657,0.00253880567057951,3.597,0.0481758436554246,0.399666666666667
"medium",0.5,428,227,0.634866885421934,0.00254524080853972,3.603,0.0494351578821676,0.400333333333333
"medium",0.5,429,228,0.633666210818766,0.00255467188368226,3.67,0.0501958127697882,0.407777777777778
"medium",0.5,430,229,0.632537568887533,0.00255240392554031,3.675,0.0475356143815838,0.408333333333333
"medium",0.5,431,230,0.631211643046837,0.00255747838449774,3.617,0.0484423126786663,0.401888888888889
"medium",0.5,432,231,0.630102988717614,0.00255555986715175,3.651,0.0504752092293508,0.405666666666667
"medium",0.5,433,232,0.628788543488225,0.00256235021706097,3.614,0.0497743054344455,0.401555555555556
"medium",0.5,434,233,0.627564249673024,0.00256035331520485,3.639,0.0478640780750029,0.404333333333333
"medium",0.5,435,234,0.626333890130562,0.00257102084955264,3.665,0.0499326373053563,0.407222222222222
"medium",0.5,436,235,0.625387913344862,0.00256597489712079,3.695,0.0488503977605235,0.410555555555556
"medium",0.5,437,236,0.623921201809384,0.00255916006569637,3.603,0.048618461048811,0.400333333333333
"medium",0.5,438,237,0.623034020422322,0.00256532486391209,3.596,0.0497519774406929,0.399555555555556
"medium",0.5,439,238,0.621670000869869,0.00255779011169598,3.568,0.0483292014387957,0.396444444444444
"medium",0.5,440,239,0.620628891012151,0.00255366099115831,3.535,0.0490017976831071,0.392777777777778
"medium",0.5,441,240,0.619507890170604,0.00255540288676961,3.694,0.0480694775785494,0.410444444444444
"medium",0.5,442,241,0.618467495368544,0.00256030224146337,3.658,0.0484704588939015,0.406444444444444
"medium",0.5,443,242,0.617326650956597,0.0025609541254134,3.564,0.0486237418168148,0.396
"medium",0.5,444,243,0.616052017742105,0.00256239754854439,3.577,0.0492798082331851,0.397444444444444
"medium",0.5,445,244,0.615105535235516,0.00256877849231999,3.621,0.0491505317852693,0.402333333333333
"medium",0.5,446,245,0.6142051777471,0.00256132805783275,3.51,0.0489110651314432,0.39
"medium",0.5,447,246,0.61294144284268,0.00256340700772441,3.589,0.0466718036640674,0.398777777777778
"medium",0.5,448,247,0.611893893202828,0.00256769452198528,3.546,0.0489518159038077,0.394
"medium",0.5,449,248,0.610682418079755,0.00257593331011016,3.518,0.0497207014044265,0.390888888888889
"medium",0.5,450,249,0.609357180426372,0.00258382327943035,3.52,0.0490306435201905,0.391111111111111
"medium",0.5,451,250,0.607962599560343,0.00258061165766799,3.607,0.0488358058798657,0.400777777777778
"medium",0.5,452,251,0.606964745230594,0.00258041571715907,3.597,0.0487746857495768,0.399666666666667
"medium",0.5,453,252,0.605664017447063,0.00257181723813504,3.544,0.0475849590556546,0.393777777777778
"medium",0.5,454,253,0.604459317643892,0.00257233935096357,3.556,0.0477403722560176,0.395111111111111
"medium",0.5,455,254,0.603205022221053,0.00257304628315372,3.606,0.0476343681918115,0.400666666666667
"medium",0.5,456,255,0.602242558228198,0.00256878808508654,3.634,0.0500854525042209,0.403777777777778
"medium",0.5,457,256,0.601034125456052,0.00256753167122773,3.608,0.0475878198765251,0.400888888888889
"medium",0.5,458,257,0.599668866150019,0.0025775108004157,3.654,0.0478599474986608,0.406
"medium",0.5,459,258,0.598524589824634,0.00258546114002253,3.631,0.0471281238758775,0.403444444444444
"medium",0.5,460,259,0.597325923569094,0.00258320728014425,3.567,0.0490705504240465,0.396333333333333
"medium",0.5,461,260,0.59652398869322,0.00257934807367678,3.503,0.0483355700010597,0.389222222222222
"medium",0.5,462,261,0.595517322500674,0.00256839149985564,3.515,0.0484574362004752,0.390555555555556
"medium",0.5,463,262,0.594325210995441,0.00257136395800102,3.54,0.0486699986518263,0.393333333333333
"medium",0.5,464,263,0.593529248686884,0.0025715369881256,3.555,0.0480341782721665,0.395
"medium",0.5,465,264,0.592188378204363,0.00257543845789116,3.534,0.0499132781465545,0.392666666666667
"medium",0.5,466,265,0.591366172432129,0.00258479319835827,3.557,0.0486941692825964,0.395222222222222
"medium",0.5,467,266,0.590213987180364,0.00258441433500182,3.533,0.0476779213492386,0.392555555555556
"medium",0.5,468,267,0.58910164759649,0.00258564408996586,3.513,0.0499432210147215,0.390333333333333
"medium",0.5,469,268,0.587796747997212,0.00257475345174998,3.503,0.0474156012219528,0.389222222222222
"medium",0.5,470,269,0.586955819056448,0.00257424157554337,3.559,0.0477996213772013,0.395444444444444
"medium",0.5,471,270,0.585785147460651,0.00258624468125309,3.588,0.0498471738490834,0.398666666666667
"medium",0.5,472,271,0.584755555380925,0.00259030733478213,3.552,0.0475137196350018,0.394666666666667
"medium",0.5,473,272,0.583668200907184,0.00257993108010167,3.495,0.0478567159891404,0.388333333333333
"medium",0.5,474,273,0.582667984098047,0.00258417060448466,3.509,0.0473514641923685,0.389888888888889
"medium",0.5,475,274,0.581705156743889,0.00258304667054672,3.559,0.0489378576759742,0.395444444444444
"medium",0.5,476,275,0.580497711115013,0.0025816976016183,3.581,0.0483919495451546,0.397888888888889
"medium",0.5,477,276,0.579564150762123,0.00259612027811689,3.525,0.0484533045593665,0.391666666666667
"medium",0.5,478,277,0.578349050538943,0.00259351244314775,3.526,0.047090779793305,0.391777777777778
"medium",0.5,479,278,0.577176366625957,0.00259293696946227,3.563,0.0480243410921726,0.395888888888889
"medium",0.5,480,279,0.575987447366284,0.00259753784445051,3.52,0.0477061408612756,0.391111111111111
"medium",0.5,481,280,0.574969640604305,0.00259174499891854,3.548,0.049458489080664,0.394222222222222
"medium",0.5,482,281,0.573925585008576,0.00259870418093016,3.487,0.0500633332623521,0.387444444444444
"medium",0.5,483,282,0.572753486269479,0.00259633214618251,3.497,0.0466923031255814,0.388555555555556
"medium",0.5,484,283,0.571553926309766,0.00260861678981696,3.515,0.047581919245014,0.390555555555556
"medium",0.5,485,284,0.570829965261567,0.0026126741113222,3.507,0.049420576619394,0.389666666666667
"medium",0.5,486,285,0.569819863988288,0.00261555157876345,3.582,0.0496562356783288,0.398
"medium",0.5,487,286,0.568719763518747,0.00261751466231518,3.483,0.0479792977544794,0.387
"medium",0.5,488,287,0.567728453339541,0.00261894255341411,3.46,0.0493643275740372,0.384444444444444
"medium",0.5,489,288,0.566722068692374,0.00262070672943075,3.485,0.0468398224694433,0.387222222222222
"medium",0.5,490,289,0.565592327376424,0.00262860876762533,3.528,0.0484723175179977,0.392
"medium",0.5,491,290,0.56450388705602,0.00263057367585548,3.499,0.049582834302382,0.388777777777778
"medium",0.5,492,291,0.563237201938076,0.00262818515197037,3.453,0.0491141853562003,0.383666666666667
"medium",0.5,493,292,0.561934309549947,0.00263202353341287,3.497,0.0470553419412208,0.388555555555556
"medium",0.5,494,293,0.560676059058113,0.00262733303856679,3.487,0.0466691440783844,0.387444444444444
"medium",0.5,495,294,0.5595834746328,0.00263773983637798,3.424,0.0484000678363838,0.380444444444444
"medium",0.5,496,295,0.558463117611335,0.00264180830804971,3.471,0.0483269541197717,0.385666666666667
"medium",0.5,497,296,0.557274525748435,0.00264504152984981,3.449,0.0478925118645148,0.383222222222222
"medium",0.5,498,297,0.556224380675033,0.00265202706897336,3.487,0.0504020968945873,0.387444444444444
"medium",0.5,499,298,0.555138231623797,0.00264716740087869,3.472,0.047365171375806,0.385777777777778
"medium",0.5,500,299,0.553983928231254,0.00264694695411597,3.508,0.0488909636469393,0.389777777777778
"medium",0.5,501,300,0.552954596578417,0.00264376018590059,3.502,0.0487275114321507,0.389111111111111
"medium",0.5,502,301,0.551746144984847,0.0026453751577165,3.473,0.0490068635261702,0.385888888888889
"medium",0.5,503,302,0.550994189164512,0.00264218158192436,3.469,0.0482427856406152,0.385444444444444
"medium",0.5,504,303,0.549841311433184,0.00263426718372225,3.487,0.0479179207304232,0.387444444444444
"medium",0.5,505,304,0.548902821788206,0.00265374006660417,3.444,0.0469581629652297,0.382666666666667
"medium",0.5,506,305,0.547870433263392,0.00266440236799129,3.45,0.0477889504360975,0.383333333333333
"medium",0.5,507,306,0.546819900834928,0.00266303096531556,3.463,0.0486723740945518,0.384777777777778
"medium",0.5,508,307,0.545859760635466,0.00266220581174119,3.415,0.0492463216920838,0.379444444444444
"medium",0.5,509,308,0.54463268182795,0.00265736140263783,3.379,0.047324397498527,0.375444444444444
"medium",0.5,510,309,0.543649980707559,0.00265250893770911,3.527,0.0481413397049624,0.391888888888889
"medium",0.5,511,310,0.542538076932523,0.00265063284346527,3.434,0.0465382617832878,0.381555555555556
"medium",0.5,512,311,0.54155850882391,0.00265039001820269,3.507,0.0486859458295853,0.389666666666667
"medium",0.5,513,312,0.540290722981475,0.00264877174798789,3.378,0.0484712849578539,0.375333333333333
"medium",0.5,514,313,0.539209669056091,0.00265279109920857,3.486,0.0468828540300398,0.387333333333333
"medium",0.5,515,314,0.538370017984429,0.00265989626281428,3.496,0.0488504899706275,0.388444444444444
"medium",0.5,516,315,0.537251151364163,0.0026663797478789,3.467,0.0483243856271991,0.385222222222222
"medium",0.5,517,316,0.536008396981738,0.00266956934054157,3.39,0.0478350100678175,0.376666666666667
"medium",0.5,518,317,0.534836610632068,0.00265934130883278,3.393,0.0479671955804365,0.377
"medium",0.5,519,318,0.533753745541832,0.00266518057911367,3.341,0.0485291054324526,0.371222222222222
"medium",0.5,520,319,0.532805645014509,0.0026637649622023,3.452,0.0475600458153478,0.383555555555556
"medium",0.5,521,320,0.531526302956007,0.00266143396044031,3.412,0.0481099841048672,0.379111111111111
"medium",0.5,522,321,0.530356302028292,0.0026625000917763,3.376,0.048259226609561,0.375111111111111
"medium",0.5,523,322,0.529215914194276,0.00265624640363358,3.45,0.0471775977104147,0.383333333333333
"medium",0.5,524,323,0.528062241781131,0.00265993204180653,3.413,0.0495265977418584,0.379222222222222
"medium",0.5,525,324,0.526955082627747,0.00266702339815588,3.46,0.0479029716687254,0.384444444444444
"medium",0.5,526,325,0.526107627886042,0.00266142476020526,3.342,0.0485529957200727,0.371333333333333
"medium",0.5,527,326,0.524821251584265,0.00265479403398491,3.453,0.0476661626634981,0.383666666666667
"medium",0.5,528,327,0.52386048223402,0.00265809031934592,3.474,0.0487206085522102,0.386
"medium",0.5,529,328,0.522857360919232,0.00265913587309948,3.372,0.0484144602361728,0.374666666666667
"medium",0.5,530,329,0.521749512969541,0.00265873265437675,3.444,0.0484480258752739,0.382666666666667
"medium",0.5,531,330,0.520796352356653,0.00265976256333571,3.48,0.0478318710473245,0.386666666666667
"medium",0.5,532,331,0.519441064624538,0.00266305520259514,3.436,0.0472454879976505,0.381777777777778
"medium",0.5,533,332,0.518186719407551,0.00266395600142866,3.467,0.0473196592353553,0.385222222222222
"medium",0.5,534,333,0.51700725149952,0.00265536302052509,3.432,0.0489261665141441,0.381333333333333
"medium",0.5,535,334,0.516242414019844,0.00266081952738537,3.448,0.0478286899630711,0.383111111111111
"medium",0.5,536,335,0.515140704448016,0.00265808032613297,3.408,0.0481024931770678,0.378666666666667
"medium",0.5,537,336,0.514091150268455,0.0026658543273394,3.418,0.0469838640756959,0.379777777777778
"medium",0.5,538,337,0.512994444090662,0.00266215330168714,3.361,0.047168887032703,0.373444444444444
"medium",0.5,539,338,0.512135147915275,0.00266878727557167,3.353,0.0463739317024289,0.372555555555556
"medium",0.5,540,339,0.510871002845196,0.00267600724543812,3.399,0.0480635944256055,0.377666666666667
"medium",0.5,541,340,0.510072367528632,0.00267770702650021,3.425,0.0480695921106649,0.380555555555556
"medium",0.5,542,341,0.509250977965865,0.00268346345877233,3.451,0.048434955816486,0.383444444444444
"medium",0.5,543,342,0.508201267256243,0.00268463037409214,3.417,0.0478267540023197,0.379666666666667
"medium",0.5,544,343,0.507033898969291,0.00268417900424869,3.348,0.0477197356779475,0.372
"medium",0.5,545,344,0.505962332249309,0.00268425599601336,3.346,0.0470797249407904,0.371777777777778
"medium",0.5,546,345,0.505014344786704,0.00268285539811637,3.458,0.0493017917186248,0.384222222222222
"medium",0.5,547,346,0.504034029585051,0.00268565885958198,3.385,0.0473393706761717,0.376111111111111
"medium",0.5,548,347,0.503181375880023,0.00267988665433056,3.317,0.0479041314064432,0.368555555555556
"medium",0.5,549,348,0.50228539095651,0.00268591944700468,3.401,0.0474810852177312,0.377888888888889
"medium",0.5,550,349,0.501203195792459,0.00269354000932645,3.341,0.0492254217060876,0.371222222222222
"medium",0.5,551,350,0.500398510607707,0.00269266791973761,3.387,0.0477022694062508,0.376333333333333
"medium",0.5,552,351,0.499348399689549,0.00269727860107112,3.354,0.0481560276912768,0.372666666666667
"medium",0.5,553,352,0.498195331000001,0.00269890392570811,3.377,0.045727037537566,0.375222222222222
"medium",0.5,554,353,0.497010373651595,0.00270062901933385,3.389,0.0472219113220645,0.376555555555556
"medium",0.5,555,354,0.495825764997457,0.00269421065071131,3.413,0.0461580064730004,0.379222222222222
"medium",0.5,556,355,0.494950460740942,0.00269976610742249,3.466,0.0472342574311808,0.385111111111111
"medium",0.5,557,356,0.493974867978435,0.00270603258802522,3.39,0.0475621925710135,0.376666666666667
"medium",0.5,558,357,0.493048597031044,0.00270183117738432,3.318,0.0492270179809757,0.368666666666667
"medium",0.5,559,358,0.492294140898408,0.00271642164987877,3.395,0.047929868268881,0.377222222222222
"medium",0.5,560,359,0.491091755083321,0.00272003938951743,3.331,0.046793467798707,0.370111111111111
"medium",0.5,561,360,0.490016169844312,0.0027231294211693,3.374,0.0492803465141283,0.374888888888889
"medium",0.5,562,361,0.488961071718948,0.0027135283594896,3.41,0.050759003895629,0.378888888888889
"medium",0.5,563,362,0.488215282386258,0.00271160350742051,3.373,0.0477509282752822,0.374777777777778
"medium",0.5,564,363,0.487001599092861,0.002718331581544,3.353,0.0480489302659248,0.372555555555556
"medium",0.5,565,364,0.486065907733902,0.00271205012314598,3.363,0.0490676944500009,0.373666666666667
"medium",0.5,566,365,0.485069801034079,0.00271464082832739,3.336,0.0471096945789647,0.370666666666667
"medium",0.5,567,366,0.484113988926092,0.00271291716191258,3.365,0.0473922042220135,0.373888888888889
"medium",0.5,568,367,0.483316812916027,0.00270989261062785,3.327,0.0486048704702879,0.369666666666667
"medium",0.5,569,368,0.482212810557393,0.00272225068489358,3.257,0.0482211185713922,0.361888888888889
"medium",0.5,570,369,0.481342141991965,0.0027248857892498,3.265,0.0481569734731543,0.362777777777778
"medium",0.5,571,370,0.480305629957711,0.00271870384804203,3.322,0.0474823185045818,0.369111111111111
"medium",0.5,572,371,0.478939524699678,0.00270046274985866,3.263,0.0475193548892354,0.362555555555556
"medium",0.5,573,372,0.477921493298023,0.00271959966899331,3.283,0.0476989117924738,0.364777777777778
"medium",0.5,574,373,0.476772105440324,0.00272138368747624,3.307,0.0475711468646071,0.367444444444444
"medium",0.5,575,374,0.475940831882107,0.00273072021976528,3.327,0.0486871794360843,0.369666666666667
"medium",0.5,576,375,0.474689587581638,0.00272981825624701,3.341,0.048073173704573,0.371222222222222
"medium",0.5,577,376,0.473780818718249,0.00273197288708664,3.269,0.049387023377382,0.363222222222222
"medium",0.5,578,377,0.473020975719883,0.0027401825476241,3.4,0.0459141384336906,0.377777777777778
"medium",0.5,579,378,0.471914864626824,0.00274189519171845,3.315,0.0487252413965201,0.368333333333333
"medium",0.5,580,379,0.471042795329759,0.00274754519420742,3.446,0.0487797443972749,0.382888888888889
"medium",0.5,581,380,0.469988078432588,0.00274771747834162,3.291,0.0490583909818262,0.365666666666667
"medium",0.5,582,381,0.469310531009593,0.00274990631753961,3.31,0.0480229758158136,0.367777777777778
"medium",0.5,583,382,0.468614959949786,0.00273748221875043,3.26,0.0477983753352004,0.362222222222222
"medium",0.5,584,383,0.467602112963314,0.00272978093836442,3.38,0.0471998710573218,0.375555555555556
"medium",0.5,585,384,0.466863178478228,0.00273703118171366,3.253,0.0494513542426944,0.361444444444444
"medium",0.5,586,385,0.465897350072795,0.00273134666015648,3.327,0.0475639919827317,0.369666666666667
"medium",0.5,587,386,0.465350571596511,0.00273255290085871,3.322,0.0468242299296901,0.369111111111111
"medium",0.5,588,387,0.464345829741498,0.00274354220099926,3.263,0.0486229903974982,0.362555555555556
"medium",0.5,589,388,0.463704362593294,0.00274078589493499,3.324,0.0477210781657467,0.369333333333333
"medium",0.5,590,389,0.462563568571855,0.00274514995202914,3.343,0.0468993662062779,0.371444444444444
"medium",0.5,591,390,0.461558236216234,0.00274191179556975,3.262,0.0458634872143348,0.362444444444444
"medium",0.5,592,391,0.460876021418487,0.0027420575681512,3.336,0.0476589485340937,0.370666666666667
"medium",0.5,593,392,0.460076434832094,0.0027392647831895,3.285,0.0475608771684989,0.365
"medium",0.5,594,393,0.45909719072952,0.00273789349297994,3.207,0.0468438399935927,0.356333333333333
"medium",0.5,595,394,0.457915283196867,0.00274029820347257,3.304,0.0475167532754694,0.367111111111111
"medium",0.5,596,395,0.456855938505162,0.0027469179068914,3.349,0.0478695152523032,0.372111111111111
"medium",0.5,597,396,0.455745575008686,0.00274424143374691,3.364,0.04621298128924,0.373777777777778
"medium",0.5,598,397,0.454837807141484,0.00274391656462374,3.238,0.0483497021055318,0.359777777777778
"medium",0.5,599,398,0.454159060558212,0.00274700565544143,3.272,0.0481698695901944,0.363555555555556
"medium",0.5,600,399,0.453227915958314,0.0027600251830414,3.35,0.0491926815687041,0.372222222222222
"medium",0.5,601,400,0.452443639802488,0.00276570933316025,3.308,0.0479524288794157,0.367555555555556
"medium",0.5,602,401,0.451385402966413,0.0027695730594134,3.212,0.0467465639511744,0.356888888888889
"medium",0.5,603,402,0.45081362530383,0.00276617101957493,3.213,0.0474750975237007,0.357
"medium",0.5,604,403,0.449853012559909,0.00276662689942834,3.322,0.0461784413817576,0.369111111111111
"medium",0.5,605,404,0.448730055349305,0.0027677470471352,3.287,0.0484869258871088,0.365222222222222
"medium",0.5,606,405,0.44784215407206,0.00276167003878906,3.357,0.0464295886984443,0.373
"medium",0.5,607,406,0.446860060761481,0.00277216460020386,3.35,0.0483718910095505,0.372222222222222
"medium",0.5,608,407,0.445537256711961,0.00278300381809831,3.246,0.0469860797650931,0.360666666666667
"medium",0.5,609,408,0.444891416077421,0.00279261837742811,3.217,0.0484588408782057,0.357444444444444
"medium",0.5,610,409,0.443699952648718,0.00278542867036686,3.252,0.0462020630560004,0.361333333333333
"medium",0.5,611,410,0.44257123654331,0.00278324977170985,3.242,0.0473252118397338,0.360222222222222
"medium",0.5,612,411,0.441841369035877,0.00278952203595663,3.221,0.050405353879322,0.357888888888889
"medium",0.5,613,412,0.441280533268773,0.00279334027985115,3.191,0.0467193932077645,0.354555555555556
"medium",0.5,614,413,0.440475172391929,0.00280093807799765,3.217,0.0470544910197223,0.357444444444444
"medium",0.5,615,414,0.439769017636111,0.00280201790510363,3.255,0.0488503977605236,0.361666666666667
"medium",0.5,616,415,0.43942726247296,0.00280775879850785,3.197,0.0478171253577361,0.355222222222222
"medium",0.5,617,416,0.438255837197633,0.00280945557522018,3.28,0.0496796544680825,0.364444444444444
"medium",0.5,618,417,0.437394110431851,0.00280920065594621,3.24,0.0478193129047951,0.36
"medium",0.5,619,418,0.436284830416361,0.00280822308408222,3.199,0.0473459675224895,0.355444444444444
"medium",0.5,620,419,0.435419168812154,0.00280677461396424,3.282,0.0462884285606956,0.364666666666667
"medium",0.5,621,420,0.434277460050359,0.00280528385208096,3.265,0.0485915232950783,0.362777777777778
"medium",0.5,622,421,0.433281648660884,0.0028099876135757,3.295,0.0497035757812799,0.366111111111111
"medium",0.5,623,422,0.432681443889302,0.00281240043904839,3.266,0.0485138907695271,0.362888888888889
"medium",0.5,624,423,0.431804895174434,0.00281180163791038,3.244,0.0472302307287896,0.360444444444444
"medium",0.5,625,424,0.430817587773629,0.00281243808491044,3.228,0.0468851171931372,0.358666666666667
"medium",0.5,626,425,0.430165278893287,0.00281143223093644,3.227,0.0478723590682845,0.358555555555556
"medium",0.5,627,426,0.429381098953494,0.00282418648369311,3.209,0.047975208395802,0.356555555555556
"medium",0.5,628,427,0.428797229982929,0.00283062878499401,3.258,0.0481222583816652,0.362
"medium",0.5,629,428,0.428028106417354,0.00283315166789555,3.273,0.0480705916520879,0.363666666666667
"medium",0.5,630,429,0.427026088885237,0.00282912388842159,3.215,0.049205652075714,0.357222222222222
"medium",0.5,631,430,0.426328556743955,0.00283328285135181,3.215,0.0463780759187563,0.357222222222222
"medium",0.5,632,431,0.425324875804926,0.00283233160721554,3.26,0.0516824058173674,0.362222222222222
"medium",0.5,633,432,0.424339043622189,0.0028338482831458,3.151,0.0467588000849614,0.350111111111111
"medium",0.5,634,433,0.423397167341403,0.00284074082958696,3.188,0.0470624146306887,0.354222222222222
"medium",0.5,635,434,0.42250320977422,0.00282836319765802,3.263,0.0477085642951778,0.362555555555556
"medium",0.5,636,435,0.42143245483587,0.00282995484660501,3.268,0.0486471226543006,0.363111111111111
"medium",0.5,637,436,0.420480236275043,0.00282268079299668,3.24,0.0482361558037823,0.36
"medium",0.5,638,437,0.419880075418176,0.00282976441353292,3.294,0.0494571532744254,0.366
"medium",0.5,639,438,0.418748012157718,0.0028249211798968,3.259,0.0473091656780919,0.362111111111111
"medium",0.5,640,439,0.417702568142759,0.00283373238399792,3.275,0.0482670146653457,0.363888888888889
"medium",0.5,641,440,0.417051187662826,0.0028385555954916,3.129,0.0481526497472119,0.347666666666667
"medium",0.5,642,441,0.416211496783296,0.00283636537077544,3.208,0.0453298002509473,0.356444444444444
"medium",0.5,643,442,0.415521371660044,0.00284755593590275,3.215,0.0464212228396662,0.357222222222222
"medium",0.5,644,443,0.414682884366916,0.00285349354671115,3.168,0.0484367848037224,0.352
"medium",0.5,645,444,0.41369012338879,0.00285141053195713,3.121,0.046373586334351,0.346777777777778
"medium",0.5,646,445,0.413042566311878,0.0028486744738835,3.223,0.0481413397049624,0.358111111111111
"medium",0.5,647,446,0.412042782254067,0.00284805908589726,3.257,0.0480130842193693,0.361888888888889
"medium",0.5,648,447,0.410931721449819,0.00285382961553223,3.165,0.0474344286887174,0.351666666666667
"medium",0.5,649,448,0.410275554740789,0.00285826015114694,3.201,0.0469553383951581,0.355666666666667
"medium",0.5,650,449,0.409663482405259,0.00286012263877044,3.207,0.0477119212296822,0.356333333333333
"medium",0.5,651,450,0.408368632530476,0.00285100667307901,3.254,0.0494360994408734,0.361555555555556
"medium",0.5,652,451,0.40738136677593,0.00285523808523929,3.22,0.0473480922724648,0.357777777777778
"medium",0.5,653,452,0.406459822839158,0.00285645582890876,3.221,0.0473117046553747,0.357888888888889
"medium",0.5,654,453,0.405769778946823,0.00285907311059861,3.203,0.0460642259558642,0.355888888888889
"medium",0.5,655,454,0.405205977699649,0.0028504517711968,3.23,0.0456199647213934,0.358888888888889
"medium",0.5,656,455,0.404525389339723,0.00285887725258357,3.148,0.0449679676894354,0.349777777777778
"medium",0.5,657,456,0.40364305504469,0.00286163568463154,3.096,0.0488176931774447,0.344
"medium",0.5,658,457,0.403068501350373,0.00285570639829333,3.125,0.0473034101583872,0.347222222222222
"medium",0.5,659,458,0.402450628467751,0.00285516615577682,3.148,0.0465216106799867,0.349777777777778
"medium",0.5,660,459,0.401667343564058,0.00285564492280089,3.148,0.0460023065966501,0.349777777777778
"medium",0.5,661,460,0.400730994787837,0.00286888439939752,3.188,0.0466779909040099,0.354222222222222
"medium",0.5,662,461,0.399779544023009,0.00287642154539279,3.303,0.0490468816194934,0.367
"medium",0.5,663,462,0.39913157506974,0.00286792575301979,3.278,0.047126817598231,0.364222222222222
"medium",0.5,664,463,0.398506254467148,0.00287525097771572,3.216,0.0474087712516532,0.357333333333333
"medium",0.5,665,464,0.397544355429589,0.00287830403305922,3.17,0.0477218752500086,0.352222222222222
"medium",0.5,666,465,0.396662196855429,0.00287723713566373,3.133,0.0473873037485418,0.348111111111111
"medium",0.5,667,466,0.395842400842034,0.00287142530664037,3.156,0.0470305844730413,0.350666666666667
"medium",0.5,668,467,0.394841726311878,0.00287116581649158,3.146,0.0478641303584947,0.349555555555556
"medium",0.5,669,468,0.394129857149378,0.00287537825836726,3.193,0.0483330848083079,0.354777777777778
"medium",0.5,670,469,0.393487355259802,0.00287325708728261,3.159,0.0460199612867809,0.351
"medium",0.5,671,470,0.392490169358358,0.00287487720876411,3.191,0.0472520026216007,0.354555555555556
"medium",0.5,672,471,0.391609398057365,0.00287490542524653,3.14,0.0471446987753941,0.348888888888889
"medium",0.5,673,472,0.390448655589637,0.00287475436271885,3.17,0.0474061952422609,0.352222222222222
"medium",0.5,674,473,0.389523166851598,0.00289242458811211,3.14,0.048069852409912,0.348888888888889
"medium",0.5,675,474,0.388941219306935,0.0028910417920905,3.162,0.0462806427991001,0.351333333333333
"medium",0.5,676,475,0.388474621465317,0.0028839625833536,3.188,0.0482595584831127,0.354222222222222
"medium",0.5,677,476,0.38768028359657,0.00288283015941722,3.107,0.0470719318359335,0.345222222222222
"medium",0.5,678,477,0.386752758403024,0.0028843218278655,3.123,0.0462169558388152,0.347
"medium",0.5,679,478,0.385990606290021,0.00289386349200712,3.146,0.0472113642348208,0.349555555555556
"medium",0.5,680,479,0.385193073179569,0.00289826127886087,3.164,0.0464678734532072,0.351555555555556
"medium",0.5,681,480,0.384702849090517,0.00288484783426405,3.187,0.0487073239195444,0.354111111111111
"medium",0.5,682,481,0.384174154578184,0.00288954516968183,3.108,0.0463517473725047,0.345333333333333
"medium",0.5,683,482,0.383400971426416,0.00289398704737832,3.137,0.0474181345002043,0.348555555555556
"medium",0.5,684,483,0.382744175371328,0.00288129111845028,3.192,0.0483888156238347,0.354666666666667
"medium",0.5,685,484,0.38198256653317,0.00289170974171249,3.153,0.0480822514333812,0.350333333333333
"medium",0.5,686,485,0.381046981498945,0.00288974112500833,3.185,0.0472123289406911,0.353888888888889
"medium",0.5,687,486,0.380260060730907,0.00288538907037463,3.154,0.0467597099057559,0.350444444444444
"medium",0.5,688,487,0.379701749566708,0.00290060123272578,3.132,0.0478002182093434,0.348
"medium",0.5,689,488,0.378748842227692,0.00291233701807277,3.181,0.0469088418044983,0.353444444444444
"medium",0.5,690,489,0.377722378193954,0.00291947440898239,3.099,0.0469190835417785,0.344333333333333
"medium",0.5,691,490,0.37678278239199,0.00290534129674921,3.208,0.0476760842457621,0.356444444444444
"medium",0.5,692,491,0.375952440327693,0.0028992818351397,3.18,0.0471574365696846,0.353333333333333
"medium",0.5,693,492,0.375278964759878,0.00289408875169012,3.175,0.0456339507105999,0.352777777777778
"medium",0.5,694,493,0.374511232624556,0.0028952762793722,3.19,0.0474568451559113,0.354444444444444
"medium",0.5,695,494,0.373964917195698,0.00289534323622389,3.18,0.0478527939611669,0.353333333333333
"medium",0.5,696,495,0.373181070817959,0.00288408850298111,3.141,0.0478686788036857,0.349
"medium",0.5,697,496,0.372218764808383,0.00289077983914838,3.086,0.0498104917169573,0.342888888888889
"medium",0.5,698,497,0.371519651801601,0.00289397840207325,3.186,0.0463632780716975,0.354
"medium",0.5,699,498,0.37062559916297,0.00289583849922847,3.172,0.0473567171440194,0.352444444444444
"medium",0.5,700,499,0.370013202349312,0.00289367292215444,3.102,0.046880633461951,0.344666666666667
"medium",0.5,701,500,0.369165574135855,0.00289846133793036,3.136,0.0480813458195153,0.348444444444444
"medium",0.5,702,501,0.368265667749643,0.00289985243728818,3.092,0.0476214636881712,0.343555555555556
"medium",0.5,703,502,0.367446352978217,0.00289462911779502,3.113,0.0476707824930901,0.345888888888889
"medium",0.5,704,503,0.36664575348543,0.0028865521501446,3.064,0.0470544165633589,0.340444444444444
"medium",0.5,705,504,0.365956824443269,0.00288439907429649,3.083,0.0468647768298037,0.342555555555556
"medium",0.5,706,505,0.365034211284805,0.00288362615795942,3.137,0.0490370842897049,0.348555555555556
"medium",0.5,707,506,0.364218119698029,0.00287633616191822,3.091,0.0472964687472115,0.343444444444444
"medium",0.5,708,507,0.363894323874956,0.00288609678016047,3.127,0.047845168618787,0.347444444444444
"medium",0.5,709,508,0.363276059366679,0.00288853459171561,3.084,0.0480755161725306,0.342666666666667
"medium",0.5,710,509,0.362747431381275,0.00288749931028206,3.068,0.0469849293240244,0.340888888888889
"medium",0.5,711,510,0.361814527730658,0.00288582904389049,3.104,0.0472378599792095,0.344888888888889
"medium",0.5,712,511,0.360882953216736,0.0028975326365421,3.139,0.0469028664249732,0.348777777777778
"medium",0.5,713,512,0.360289609238442,0.00289234521654956,3.153,0.0477270245130456,0.350333333333333
"medium",0.5,714,513,0.359626447601204,0.00289206351614374,3.103,0.0483189996349854,0.344777777777778
"medium",0.5,715,514,0.358900062154203,0.00289342981450139,3.108,0.0465457033731634,0.345333333333333
"medium",0.5,716,515,0.358145811048568,0.00289909704704006,3.132,0.0475903439874186,0.348
"medium",0.5,717,516,0.357655822101637,0.00289631452085194,3.099,0.0468977440651297,0.344333333333333
"medium",0.5,718,517,0.357004789279275,0.00288982183090852,3.01,0.0457382989625978,0.334444444444444
"medium",0.5,719,518,0.3560138165204,0.00289650571640005,3.052,0.0480999959418876,0.339111111111111
"medium",0.5,720,519,0.355096111743087,0.00289478751584987,3.156,0.0491128911394562,0.350666666666667
"medium",0.5,721,520,0.354623895378744,0.00289573776875651,3.17,0.0496746169342811,0.352222222222222
"medium",0.5,722,521,0.354035134892291,0.00289415336938896,3.101,0.0470213782232086,0.344555555555556
"medium",0.5,723,522,0.353352075903009,0.00289101049843308,3.079,0.0474025949290332,0.342111111111111
"medium",0.5,724,523,0.352793280627799,0.00288962077977068,3.119,0.047021803985492,0.346555555555556
"medium",0.5,725,524,0.351863419067762,0.00289323121332128,3.059,0.0479355485711472,0.339888888888889
"medium",0.5,726,525,0.351251291259073,0.00288934238007358,3.038,0.0471887993361007,0.337555555555556
"medium",0.5,727,526,0.350650354080845,0.00289652498588473,3.118,0.0485430987106555,0.346444444444444
"medium",0.5,728,527,0.349728293519267,0.0028994869920977,3.081,0.0498088337538626,0.342333333333333
"medium",0.5,729,528,0.349100303319446,0.0028916602640667,3.102,0.045822436597105,0.344666666666667
"medium",0.5,730,529,0.348287813230633,0.00289143515746773,3.166,0.0472723881211716,0.351777777777778
"medium",0.5,731,530,0.347495642297819,0.00289118052576591,3.148,0.0487490766319986,0.349777777777778
"medium",0.5,732,531,0.346776868516439,0.00288540561614487,3.098,0.0473565057688871,0.344222222222222
"medium",0.5,733,532,0.346089383710796,0.00288742447769891,3.039,0.0473679503749395,0.337666666666667
"medium",0.5,734,533,0.345322714345065,0.00288865677025914,3.069,0.0474604202624829,0.341
"medium",0.5,735,534,0.344693282285865,0.00289231794822549,3.03,0.0473850751328448,0.336666666666667
"medium",0.5,736,535,0.343905818278725,0.00290058573795589,3.07,0.0475958544976909,0.341111111111111
"medium",0.5,737,536,0.343332662006648,0.00289596381292887,3.009,0.0471502082937302,0.334333333333333
"medium",0.5,738,537,0.342996961318875,0.00289911325738692,3.072,0.0462271884603963,0.341333333333333
"medium",0.5,739,538,0.342304736876956,0.00289579589218548,3.106,0.0488584808518557,0.345111111111111
"medium",0.5,740,539,0.341355032458573,0.00288782921485477,3.134,0.04703462826744,0.348222222222222
"medium",0.5,741,540,0.340719055005636,0.00288711592977564,3.08,0.0473480922724648,0.342222222222222
"medium",0.5,742,541,0.340094417189092,0.00287835238406491,3.089,0.0466181536769983,0.343222222222222
"medium",0.5,743,542,0.339435425920556,0.00288867011905635,3.147,0.0468357191103604,0.349666666666667
"medium",0.5,744,543,0.339037460963324,0.00289894761011224,3.001,0.0461641649998149,0.333444444444444
"medium",0.5,745,544,0.338450259494006,0.00290082966013167,3.094,0.0467477202583116,0.343777777777778
"medium",0.5,746,545,0.337827489206669,0.00289299119319775,3.081,0.0473146666233387,0.342333333333333
"medium",0.5,747,546,0.337309269035534,0.00289188686487543,3.024,0.0484331474278695,0.336
"medium",0.5,748,547,0.336328986374474,0.00288787985035961,3.117,0.0466421106564283,0.346333333333333
"medium",0.5,749,548,0.335586955420035,0.00288862666714005,3.137,0.0469727307853974,0.348555555555556
"medium",0.5,750,549,0.334952624795464,0.00288606961736716,3.095,0.0471401866478823,0.343888888888889
"medium",0.5,751,550,0.334005169254275,0.00288853661994619,3.073,0.0477697912173891,0.341444444444444
"medium",0.5,752,551,0.33320854453606,0.00288902167654937,2.982,0.0476649551342279,0.331333333333333
"medium",0.5,753,552,0.332611483954078,0.00289872842264338,3.009,0.0490032684656885,0.334333333333333
"medium",0.5,754,553,0.331952160662343,0.00290748220224849,3.036,0.0477177218754308,0.337333333333333
"medium",0.5,755,554,0.331043622893219,0.00290447017088407,3.036,0.0463125128755592,0.337333333333333
"medium",0.5,756,555,0.330625479123394,0.00290497818810771,3.013,0.0480535132965337,0.334777777777778
"medium",0.5,757,556,0.329875177905647,0.00290934100307232,3.112,0.0483921253697108,0.345777777777778
"medium",0.5,758,557,0.328980040328846,0.00290700163018846,3.043,0.0472163147691598,0.338111111111111
"medium",0.5,759,558,0.328408412725929,0.00290326369542002,3.083,0.0455871603545251,0.342555555555556
"medium",0.5,760,559,0.327915456835234,0.00290346358260155,3.021,0.0480089977385893,0.335666666666667
"medium",0.5,761,560,0.327260685788103,0.00289924977085238,2.994,0.047267305806426,0.332666666666667
"medium",0.5,762,561,0.326479008673062,0.0029073443386091,2.996,0.047478818837859,0.332888888888889
"medium",0.5,763,562,0.325751063858995,0.00289431715805023,3.053,0.046673004717603,0.339222222222222
"medium",0.5,764,563,0.325192277878573,0.00289096590113768,3.018,0.0445832217730355,0.335333333333333
"medium",0.5,765,564,0.324340209343933,0.00289689505942444,3.096,0.046957310282734,0.344
"medium",0.5,766,565,0.323570998762003,0.00289956668411995,2.949,0.0466323232701694,0.327666666666667
"medium",0.5,767,566,0.322902181260245,0.00290462401965096,2.909,0.0468499083661208,0.323222222222222
"medium",0.5,768,567,0.32195173644158,0.00290911603845516,3.062,0.0454336903654132,0.340222222222222
"medium",0.5,769,568,0.321615165398435,0.0029015030442225,3.042,0.0466734872750518,0.338
"medium",0.5,770,569,0.320861991954416,0.00290136900318088,3.02,0.0476221363219654,0.335555555555556
"medium",0.5,771,570,0.320079606738417,0.00289563684602648,3.026,0.0465563260093781,0.336222222222222
"medium",0.5,772,571,0.319547707575285,0.00289953192740468,3.069,0.0476498636882574,0.341
"medium",0.5,773,572,0.319041482018266,0.00289624727523946,3.035,0.0467328466815254,0.337222222222222
"medium",0.5,774,573,0.318305008933676,0.00289875909123771,3.082,0.0474080533614654,0.342444444444444
"medium",0.5,775,574,0.317671666346493,0.00289799681223745,2.995,0.0460336191722323,0.332777777777778
"medium",0.5,776,575,0.316971710560768,0.00289732649958704,3.056,0.0473403116287282,0.339555555555556
"medium",0.5,777,576,0.316360460017299,0.00289406531951737,3.076,0.0476076726010681,0.341777777777778
"medium",0.5,778,577,0.316015561059703,0.0028915610234181,3.155,0.0483457579557125,0.350555555555556
"medium",0.5,779,578,0.315272754680423,0.00288674162730251,3.068,0.0483706079733935,0.340888888888889
"medium",0.5,780,579,0.314486219985535,0.00288335052860679,3.028,0.0464906160141742,0.336444444444444
"medium",0.5,781,580,0.31425427608973,0.00288590334566032,3.07,0.0473639456057383,0.341111111111111
"medium",0.5,782,581,0.313734590659691,0.00288399909045489,3.033,0.0469693210203971,0.337
"medium",0.5,783,582,0.313024918886639,0.00288151720187257,3.021,0.0446828328953699,0.335666666666667
"medium",0.5,784,583,0.312298443089774,0.00287890171483421,3.046,0.048561736400609,0.338444444444444
"medium",0.5,785,584,0.311143499427954,0.00288194742236971,2.99,0.0465195019756667,0.332222222222222
"medium",0.5,786,585,0.310238792143278,0.00288444142862371,2.973,0.04567666096988,0.330333333333333
"medium",0.5,787,586,0.309663393417205,0.00287982071924336,3.002,0.0463480759486749,0.333555555555556
"medium",0.5,788,587,0.308760101175428,0.00288392660813823,2.956,0.0466501901415228,0.328444444444444
"medium",0.5,789,588,0.308284098526669,0.00288839778561792,3.034,0.0459015353877294,0.337111111111111
"medium",0.5,790,589,0.307672589764912,0.00288590854720987,3.027,0.0474185567000886,0.336333333333333
"medium",0.5,791,590,0.307269167037228,0.00288349482669509,3.082,0.047344667255326,0.342444444444444
"medium",0.5,792,591,0.30670767820948,0.00287401354710899,3.069,0.0471642180414715,0.341
"medium",0.5,793,592,0.305899390796035,0.00286450695637814,3.037,0.0465166077309469,0.337444444444444
"medium",0.5,794,593,0.305074509005643,0.00286325835734074,3.119,0.0477401101603054,0.346555555555556
"medium",0.5,795,594,0.304571722781025,0.00286977508394276,3.061,0.0477237525406015,0.340111111111111
"medium",0.5,796,595,0.303961864422352,0.00287808070173519,2.984,0.0479170120107676,0.331555555555556
"medium",0.5,797,596,0.30367338521003,0.00286839637905577,3.009,0.046852044929908,0.334333333333333
"medium",0.5,798,597,0.303163125192085,0.00286102693235008,2.971,0.045565724346654,0.330111111111111
"medium",0.5,799,598,0.302492331861299,0.0028615773350701,3.006,0.0449219543428598,0.334
"medium",0.5,800,599,0.301873483737478,0.00286941952799602,2.988,0.0467979277964961,0.332
"medium",0.5,801,600,0.301135852044837,0.00287468648580616,3.035,0.0480216730350066,0.337222222222222
"medium",0.5,802,601,0.300457943683924,0.002871095996615,2.992,0.0488295025606479,0.332444444444444
"medium",0.5,803,602,0.299718694114698,0.00288459447081134,2.973,0.0470157577997152,0.330333333333333
"medium",0.5,804,603,0.298671064336253,0.00288852326671002,2.971,0.0460029920252509,0.330111111111111
"medium",0.5,805,604,0.298188785706473,0.00288865404597674,2.985,0.0472547141352903,0.331666666666667
"medium",0.5,806,605,0.297854974566474,0.0028837335898333,2.977,0.0461367489058299,0.330777777777778
"medium",0.5,807,606,0.297115081287497,0.00288069066563426,3.006,0.0470337769711957,0.334
"medium",0.5,808,607,0.296563287697907,0.002882539610217,2.96,0.0455903331691979,0.328888888888889
"medium",0.5,809,608,0.295683190204595,0.00288951898275201,2.919,0.0481118878631234,0.324333333333333
"medium",0.5,810,609,0.295317758156447,0.00287469002733423,3,0.0476683571383814,0.333333333333333
"medium",0.5,811,610,0.294406946524251,0.002877574532305,2.987,0.0494902038819834,0.331888888888889
"medium",0.5,812,611,0.294012929552137,0.00287952077722428,3.035,0.0477289540326734,0.337222222222222
"medium",0.5,813,612,0.293466803286854,0.00289065003973032,3.034,0.0472342574311811,0.337111111111111
"medium",0.5,814,613,0.292875533524742,0.00288870020371188,2.963,0.046581120647756,0.329222222222222
"medium",0.5,815,614,0.292149119028106,0.00289317610269823,3.011,0.0457271251006443,0.334555555555556
"medium",0.5,816,615,0.291896692921069,0.00289008460752704,3.069,0.0477757419777184,0.341
"medium",0.5,817,616,0.29131172032932,0.00289336715453959,2.903,0.0474535861958065,0.322555555555556
"medium",0.5,818,617,0.290972672076634,0.00289024954014387,2.97,0.0467256169920022,0.33
"medium",0.5,819,618,0.290355046962427,0.00288455045870734,2.93,0.0468753378366204,0.325555555555556
"medium",0.5,820,619,0.289925051512993,0.00288369815505873,2.968,0.0463802450093477,0.329777777777778
"medium",0.5,821,620,0.28925337999859,0.002882437398616,2.943,0.047854373269755,0.327
"medium",0.5,822,621,0.288512301779351,0.00288129437430237,3.014,0.0485196677457518,0.334888888888889
"medium",0.5,823,622,0.288019645236847,0.00287317557269038,3,0.0464775231715306,0.333333333333333
"medium",0.5,824,623,0.287765984895803,0.00287831620755184,2.952,0.0489498936882619,0.328
"medium",0.5,825,624,0.287323680591113,0.00288705418449695,3.017,0.0483844195175684,0.335222222222222
"medium",0.5,826,625,0.28647154795876,0.00287820650648091,3.005,0.0482006047503381,0.333888888888889
"medium",0.5,827,626,0.286153454012472,0.00288622423417099,3.023,0.047420667643125,0.335888888888889
"medium",0.5,828,627,0.285721248287595,0.00288009224482598,2.992,0.0482105824509542,0.332444444444444
"medium",0.5,829,628,0.284952338179587,0.00288690705554576,3.017,0.0462477010223195,0.335222222222222
"medium",0.5,830,629,0.284611642645999,0.0028874103076756,3,0.0476053176259361,0.333333333333333
"medium",0.5,831,630,0.283989521931825,0.00289168738065765,3.021,0.0466340405040538,0.335666666666667
"medium",0.5,832,631,0.2835185057164,0.00288802316102309,2.948,0.0452918022090901,0.327555555555556
"medium",0.5,833,632,0.283427019247456,0.00289488391096895,2.89,0.0469052246567489,0.321111111111111
"medium",0.5,834,633,0.282969974535306,0.00289857160539106,2.997,0.04867607585211,0.333
"medium",0.5,835,634,0.282203819662809,0.00289962873153173,2.998,0.0475210927300104,0.333111111111111
"medium",0.5,836,635,0.281752036957838,0.00290091753790441,2.982,0.0456262836286034,0.331333333333333
"medium",0.5,837,636,0.281027379497303,0.00290048953962818,3.003,0.0475105067142864,0.333666666666667
"medium",0.5,838,637,0.280444911601033,0.00290462353935011,3.027,0.048234817275466,0.336333333333333
"medium",0.5,839,638,0.279789878230184,0.00289371005312368,2.987,0.0458577576199919,0.331888888888889
"medium",0.5,840,639,0.279286063382775,0.00288706375738364,2.981,0.0479889772962702,0.331222222222222
"medium",0.5,841,640,0.27906455584011,0.00288521524031205,2.965,0.046410439870022,0.329444444444444
"medium",0.5,842,641,0.278497375645516,0.00289579215327042,2.986,0.0484577357307596,0.331777777777778
"medium",0.5,843,642,0.277785754527387,0.00289039076661074,2.914,0.0478423754938326,0.323777777777778
"medium",0.5,844,643,0.277309140413468,0.00288412915072414,3.039,0.0473679503749396,0.337666666666667
"medium",0.5,845,644,0.276750483826227,0.00287465879445675,2.928,0.0476349145594397,0.325333333333333
"medium",0.5,846,645,0.276000481705838,0.00287400308935203,2.944,0.0471708499932859,0.327111111111111
"medium",0.5,847,646,0.275321110243982,0.00287431767801053,2.923,0.0482223640689293,0.324777777777778
"medium",0.5,848,647,0.27448670086185,0.00287378721735056,2.985,0.0486327064858634,0.331666666666667
"medium",0.5,849,648,0.27391901778673,0.00287316443007984,2.928,0.0470002662229169,0.325333333333333
"medium",0.5,850,649,0.273549094548928,0.00287299484589058,2.963,0.0457572368563129,0.329222222222222
"medium",0.5,851,650,0.272894208613035,0.00287042785221213,2.862,0.0475101380045691,0.318
"medium",0.5,852,651,0.272045026310056,0.00287759244509997,2.972,0.0481407678951378,0.330222222222222
"medium",0.5,853,652,0.271774271104633,0.0028735205817725,2.979,0.0468695610791882,0.331
"medium",0.5,854,653,0.271522984330836,0.0028604075597283,2.994,0.0463477303879285,0.332666666666667
"medium",0.5,855,654,0.271040913775372,0.00286978636610112,2.893,0.0500405341204015,0.321444444444444
"medium",0.5,856,655,0.270463683075415,0.00287498874172969,2.967,0.0478769590012064,0.329666666666667
"medium",0.5,857,656,0.269949218094499,0.00287596800414294,2.896,0.0470041848497916,0.321777777777778
"medium",0.5,858,657,0.26957621492507,0.00287860214006278,2.976,0.0470280303184771,0.330666666666667
"medium",0.5,859,658,0.269191337354806,0.00287506094693179,2.89,0.0465625178450226,0.321111111111111
"medium",0.5,860,659,0.268800613395847,0.00287240455776364,2.987,0.047865667467634,0.331888888888889
"medium",0.5,861,660,0.268570461140062,0.00286135061927717,2.849,0.0468657166316209,0.316555555555556
"medium",0.5,862,661,0.267742522542659,0.00286247659379113,2.911,0.0473425846392051,0.323444444444444
"medium",0.5,863,662,0.267433090426247,0.00285844885557678,2.951,0.0472104631181249,0.327888888888889
"medium",0.5,864,663,0.266749160257205,0.00286086765880778,2.927,0.0469027810568933,0.325222222222222
"medium",0.5,865,664,0.266166604958198,0.00286590505106188,2.967,0.0478141945158255,0.329666666666667
"medium",0.5,866,665,0.265402098820009,0.00286432601768409,2.963,0.0478112634942533,0.329222222222222
"medium",0.5,867,666,0.264582221902211,0.00286411156650016,2.993,0.0453983701470882,0.332555555555556
"medium",0.5,868,667,0.263583741541354,0.00286148197884513,2.989,0.0470647861367084,0.332111111111111
"medium",0.5,869,668,0.262913889923903,0.00286573319148628,2.913,0.0477672765888187,0.323666666666667
"medium",0.5,870,669,0.262533173173503,0.00286385112245603,2.905,0.0460009901098996,0.322777777777778
"medium",0.5,871,670,0.262017725573497,0.00287116473892934,2.905,0.0480237574673334,0.322777777777778
"medium",0.5,872,671,0.261841227901284,0.00286865772763332,2.959,0.0480585957829463,0.328777777777778
"medium",0.5,873,672,0.261049775028086,0.00286405424101644,2.815,0.0486121192516655,0.312777777777778
"medium",0.5,874,673,0.260658460873507,0.00285689679009233,2.85,0.04422053205758,0.316666666666667
"medium",0.5,875,674,0.260117257627379,0.00286439944514212,2.885,0.045473540029811,0.320555555555556
"medium",0.5,876,675,0.259501352569478,0.00286343012460797,2.96,0.046782353388736,0.328888888888889
"medium",0.5,877,676,0.258946859164457,0.00287245824428131,2.823,0.0462580891392069,0.313666666666667
"medium",0.5,878,677,0.258326354709126,0.00286669900396439,2.981,0.048507648798844,0.331222222222222
"medium",0.5,879,678,0.257388662736128,0.00286270734186044,2.921,0.0449308110073452,0.324555555555556
"medium",0.5,880,679,0.256732682534817,0.00286139349317057,2.898,0.0462356327277322,0.322
"medium",0.5,881,680,0.256205069010706,0.00286268941058719,2.948,0.047217851767372,0.327555555555556
"medium",0.5,882,681,0.255593747142853,0.00286896119624376,2.909,0.0474443881820597,0.323222222222222
"medium",0.5,883,682,0.254768896090433,0.00287212527966756,2.982,0.0477907936736771,0.331333333333333
"medium",0.5,884,683,0.254183612299899,0.0028660553208003,2.968,0.0460770995083142,0.329777777777778
"medium",0.5,885,684,0.253862398692303,0.00286349768166565,2.906,0.0459268252035048,0.322888888888889
"medium",0.5,886,685,0.253157331634754,0.00286178555760286,2.938,0.0465222561826094,0.326444444444444
"medium",0.5,887,686,0.252419955313823,0.00286466250749768,2.923,0.0462948616394323,0.324777777777778
"medium",0.5,888,687,0.251948216108538,0.00285615060196849,2.93,0.0461001651322989,0.325555555555556
"medium",0.5,889,688,0.251422177665528,0.00285410892917089,2.965,0.0455615062399264,0.329444444444444
"medium",0.5,890,689,0.250880673708644,0.0028589270399532,2.931,0.0474182189404821,0.325666666666667
"medium",0.5,891,690,0.250411229495696,0.00285708159429977,2.864,0.045886921988837,0.318222222222222
"medium",0.5,892,691,0.249715069300527,0.00285496336811454,2.872,0.0462574940496755,0.319111111111111
"medium",0.5,893,692,0.248950506854867,0.00285110641766922,2.971,0.0464145808266469,0.330111111111111
"medium",0.5,894,693,0.248136306694959,0.00285213728951543,2.97,0.0462519106550124,0.33
"medium",0.5,895,694,0.247857676453306,0.00285339523642266,2.902,0.0464386967146211,0.322444444444444
"medium",0.5,896,695,0.247419689319995,0.00284933238872099,2.937,0.0453330573211877,0.326333333333333
"medium",0.5,897,696,0.24719363210068,0.00284462774680586,2.887,0.0468019382229136,0.320777777777778
"medium",0.5,898,697,0.246713025691346,0.00284755768621486,2.949,0.049283139386892,0.327666666666667
"medium",0.5,899,698,0.246374636005435,0.00285038182211712,2.986,0.0475822242866814,0.331777777777778
"medium",0.5,900,699,0.24596259647267,0.00284952434288806,2.923,0.0456196465588251,0.324777777777778
"medium",0.5,901,700,0.245807240226404,0.00285007124541951,2.935,0.0479277797532085,0.326111111111111
"medium",0.5,902,701,0.245382065668418,0.00285478589350134,2.863,0.0463722048363173,0.318111111111111
"medium",0.5,903,702,0.244582812818061,0.00285420724862348,2.859,0.0462521162570781,0.317666666666667
"medium",0.5,904,703,0.244156028635527,0.00284782133869953,3.01,0.0464333506873675,0.334444444444444
"medium",0.5,905,704,0.243338215622403,0.00285650499938505,2.891,0.0464249316022574,0.321222222222222
"medium",0.5,906,705,0.242925461798703,0.00286641158572238,2.838,0.0448527342284477,0.315333333333333
"medium",0.5,907,706,0.242471221883788,0.00285762542567301,2.89,0.0481062804030222,0.321111111111111
"medium",0.5,908,707,0.241970814792546,0.0028570631131286,2.827,0.0466180677875463,0.314111111111111
"medium",0.5,909,708,0.241553516063343,0.00284912488032183,2.791,0.0450482890723761,0.310111111111111
"medium",0.5,910,709,0.241145220474602,0.00285188860491402,2.907,0.0461354471039297,0.323
"medium",0.5,911,710,0.240630657889836,0.00285227144423575,2.902,0.0483190514262308,0.322444444444444
"medium",0.5,912,711,0.240015179628111,0.00285201261133578,2.89,0.0464549034877701,0.321111111111111
"medium",0.5,913,712,0.239607390311005,0.00284689700583977,2.952,0.0486421839771007,0.328
"medium",0.5,914,713,0.239106051047833,0.00285806642499921,2.892,0.0475878198765253,0.321333333333333
"medium",0.5,915,714,0.238749646057678,0.00286651324121553,2.853,0.0464709645967301,0.317
"medium",0.5,916,715,0.238587440352586,0.00287140791228462,2.838,0.0438597729095771,0.315333333333333
"medium",0.5,917,716,0.238030192093467,0.00288004126503865,2.909,0.0477807702114773,0.323222222222222
"medium",0.5,918,717,0.237535302556881,0.00288479426216379,2.845,0.0458156531555983,0.316111111111111
"medium",0.5,919,718,0.237083591110212,0.00288115346734356,2.923,0.0472790260718881,0.324777777777778
"medium",0.5,920,719,0.236721836026919,0.00288659714579759,2.815,0.0468077554040564,0.312777777777778
"medium",0.5,921,720,0.236068343518512,0.00288468807606398,2.924,0.0467804704167499,0.324888888888889
"medium",0.5,922,721,0.235232524205349,0.00287592583077958,2.811,0.0460803906494119,0.312333333333333
"medium",0.5,923,722,0.234765615992307,0.00287368988520356,2.884,0.0455699530460655,0.320444444444444
"medium",0.5,924,723,0.234270517786391,0.0028772055461911,2.815,0.046183415940226,0.312777777777778
"medium",0.5,925,724,0.233863078838429,0.00287503191656922,2.962,0.0480298122301436,0.329111111111111
"medium",0.5,926,725,0.233426090005476,0.0028630812063846,2.845,0.0460553590377505,0.316111111111111
"medium",0.5,927,726,0.232824492108113,0.00286047033145264,2.875,0.0461682413191851,0.319444444444444
"medium",0.5,928,727,0.232275936253481,0.00285216624736183,2.89,0.0484793796397008,0.321111111111111
"medium",0.5,929,728,0.231765005859792,0.00285360039285603,2.835,0.0464320033051657,0.315
"medium",0.5,930,729,0.231475576321869,0.00285844292571832,2.911,0.0454438570561977,0.323444444444444
"medium",0.5,931,730,0.231116661556583,0.00285183292617924,2.89,0.0469905108304654,0.321111111111111
"medium",0.5,932,731,0.230368513295518,0.00285146489494671,2.728,0.046023191264124,0.303111111111111
"medium",0.5,933,732,0.229845852516921,0.0028547996663314,2.861,0.0463446526238661,0.317888888888889
"medium",0.5,934,733,0.229776077504986,0.00284944019656972,2.893,0.0470080925028953,0.321444444444444
"medium",0.5,935,734,0.229349751480919,0.00285053050073614,2.854,0.0471052322242752,0.317111111111111
"medium",0.5,936,735,0.228841537276507,0.00284927088022564,2.871,0.0484221406352889,0.319
"medium",0.5,937,736,0.228239896075475,0.00285628709208494,2.832,0.0473710884403135,0.314666666666667
"medium",0.5,938,737,0.227812765989375,0.00284256789293008,2.861,0.0471794966580283,0.317888888888889
"medium",0.5,939,738,0.227583294245828,0.00285127952496258,2.931,0.0482552335769662,0.325666666666667
"medium",0.5,940,739,0.227251014695899,0.00284066233890177,2.813,0.046370046163242,0.312555555555556
"medium",0.5,941,740,0.22690027366395,0.00284224639586049,2.855,0.0449443544285041,0.317222222222222
"medium",0.5,942,741,0.226519667232901,0.00283808264395436,2.833,0.0464032785939124,0.314777777777778
"medium",0.5,943,742,0.225872679532949,0.00283652182927429,2.902,0.0469744888487635,0.322444444444444
"medium",0.5,944,743,0.225333503866546,0.00283669685283356,2.913,0.0474518986204206,0.323666666666667
"medium",0.5,945,744,0.224851713533944,0.0028356316603711,2.913,0.0476413759320687,0.323666666666667
"medium",0.5,946,745,0.224271266047298,0.0028366988418695,2.811,0.0462971103031542,0.312333333333333
"medium",0.5,947,746,0.223681070277137,0.00284295327142005,2.883,0.0476611223386797,0.320333333333333
"medium",0.5,948,747,0.223278059878904,0.00284516540686323,2.906,0.0460356740287713,0.322888888888889
"medium",0.5,949,748,0.222961382628929,0.00283939650507032,2.935,0.0468077554040562,0.326111111111111
"medium",0.5,950,749,0.222140859990262,0.00283412243793854,2.853,0.04672873392865,0.317
"strong",0.7,1,-200,0,0,2.601,0.0440424651755407,0.289
"strong",0.7,2,-199,2.76781320690583e-05,0.00017912716521417,2.517,0.0452963879659598,0.279666666666667
"strong",0.7,3,-198,-5.24802917301982e-06,0.000251895150173475,2.423,0.0449008584226076,0.269222222222222
"strong",0.7,4,-197,0.000156053243517736,0.0003087537643021,2.455,0.0425650888262528,0.272777777777778
"strong",0.7,5,-196,0.000780089316002969,0.000357651426907161,2.491,0.0439755938317248,0.276777777777778
"strong",0.7,6,-195,0.000751889225476279,0.000396165741379714,2.559,0.045985145793328,0.284333333333333
"strong",0.7,7,-194,0.000791644631261263,0.000436502840222266,2.511,0.0444280637981541,0.279
"strong",0.7,8,-193,0.000936623514313178,0.000466943443083023,2.498,0.0438625115550845,0.277555555555556
"strong",0.7,9,-192,0.000671365667901063,0.000500322797221135,2.531,0.043714413526318,0.281222222222222
"strong",0.7,10,-191,0.000541556541180028,0.0005350777087482,2.451,0.0442216525534104,0.272333333333333
"strong",0.7,11,-190,0.000340978382638766,0.000574110098104009,2.529,0.0445774174459016,0.281
"strong",0.7,12,-189,0.000503162641997382,0.000606643999743269,2.414,0.0423603399230741,0.268222222222222
"strong",0.7,13,-188,0.000663389815033832,0.000631855804699751,2.409,0.0446734229124512,0.267666666666667
"strong",0.7,14,-187,0.000816302939584745,0.000646740698226777,2.506,0.0447657007983566,0.278444444444444
"strong",0.7,15,-186,0.000800682215426496,0.000664470109435651,2.461,0.0431548530450669,0.273444444444444
"strong",0.7,16,-185,0.00087894729344381,0.000686235196103032,2.586,0.0447504928085333,0.287333333333333
"strong",0.7,17,-184,0.000974482717722123,0.00070847463560832,2.545,0.0452772020450141,0.282777777777778
"strong",0.7,18,-183,0.000934637397008438,0.000734593864849735,2.442,0.0434110644942104,0.271333333333333
"strong",0.7,19,-182,0.000829076373742599,0.000760445376441796,2.554,0.0445765753627517,0.283777777777778
"strong",0.7,20,-181,0.000634739576974247,0.000771857032116098,2.538,0.0457454768108132,0.282
"strong",0.7,21,-180,0.00071381930181851,0.000793704568327695,2.508,0.0455413000474297,0.278666666666667
"strong",0.7,22,-179,0.0013837041894673,0.000807736934322272,2.49,0.0447649852440933,0.276666666666667
"strong",0.7,23,-178,0.00168317600341983,0.000834390912190587,2.497,0.0430795409312455,0.277444444444444
"strong",0.7,24,-177,0.00168920724604675,0.000850849558716142,2.556,0.045879940812614,0.284
"strong",0.7,25,-176,0.0015061859780898,0.000869487370121245,2.473,0.0446011239797862,0.274777777777778
"strong",0.7,26,-175,0.00175868000539572,0.000882845426986049,2.519,0.0446276890576986,0.279888888888889
"strong",0.7,27,-174,0.00194549681510228,0.000897881535810239,2.476,0.044400398595006,0.275111111111111
"strong",0.7,28,-173,0.00189347143438052,0.000912044403522626,2.47,0.0435085393111857,0.274444444444444
"strong",0.7,29,-172,0.0021470301591945,0.000914829633632091,2.494,0.043148879774866,0.277111111111111
"strong",0.7,30,-171,0.00238369749712755,0.000928916483570524,2.492,0.0428926074723347,0.276888888888889
"strong",0.7,31,-170,0.00228216332880203,0.000941235273568953,2.459,0.0450371773909881,0.273222222222222
"strong",0.7,32,-169,0.00241897019643228,0.00095047725208452,2.488,0.0440885449952683,0.276444444444444
"strong",0.7,33,-168,0.00271645156273415,0.00095515964571812,2.517,0.0429832357851121,0.279666666666667
"strong",0.7,34,-167,0.00256636601935485,0.000972665002568911,2.491,0.045032731950737,0.276777777777778
"strong",0.7,35,-166,0.00297440994505029,0.000990360886219669,2.486,0.043883137191064,0.276222222222222
"strong",0.7,36,-165,0.00332046584610063,0.00100750448542003,2.586,0.0431794912946929,0.287333333333333
"strong",0.7,37,-164,0.0035809565856157,0.00101674490591105,2.544,0.0451675115996454,0.282666666666667
"strong",0.7,38,-163,0.00365208479846464,0.00101608129576874,2.522,0.0454045986390981,0.280222222222222
"strong",0.7,39,-162,0.00395198834247281,0.00102239589429273,2.522,0.0453384116569116,0.280222222222222
"strong",0.7,40,-161,0.00403953680840809,0.00103788492732859,2.388,0.0449385744708872,0.265333333333333
"strong",0.7,41,-160,0.00428114902852863,0.00104235864163081,2.49,0.044809685425228,0.276666666666667
"strong",0.7,42,-159,0.00456491526341289,0.00104830408527019,2.479,0.0447835300592144,0.275444444444444
"strong",0.7,43,-158,0.0047868053050686,0.00106206682503312,2.5,0.0451446346539435,0.277777777777778
"strong",0.7,44,-157,0.004582956614838,0.00106869879020813,2.505,0.0461964187909527,0.278333333333333
"strong",0.7,45,-156,0.00502748258314935,0.00108867862320142,2.501,0.0435878297108138,0.277888888888889
"strong",0.7,46,-155,0.00516831012244645,0.00109231131388982,2.451,0.0439719516570794,0.272333333333333
"strong",0.7,47,-154,0.00532344814560315,0.00111147196937622,2.45,0.0449390645154027,0.272222222222222
"strong",0.7,48,-153,0.00541610049422662,0.00112246942718026,2.396,0.0441263088319331,0.266222222222222
"strong",0.7,49,-152,0.00541298828762889,0.00113495649285397,2.52,0.0454275650201909,0.28
"strong",0.7,50,-151,0.00534663046111104,0.00114454338754767,2.52,0.0447168827133512,0.28
"strong",0.7,51,-150,0.00528894098363157,0.00115270952550003,2.462,0.0449285496602614,0.273555555555556
"strong",0.7,52,-149,0.00546872380450418,0.00115147257416399,2.386,0.0428350188378484,0.265111111111111
"strong",0.7,53,-148,0.00561593196937068,0.0011673429920628,2.501,0.0439081646954974,0.277888888888889
"strong",0.7,54,-147,0.00586744141239488,0.00118395346466726,2.478,0.0442659629453091,0.275333333333333
"strong",0.7,55,-146,0.006056445320801,0.00119650755900359,2.473,0.0433953241047253,0.274777777777778
"strong",0.7,56,-145,0.00620687013255892,0.00119717059375468,2.497,0.0451445348744346,0.277444444444444
"strong",0.7,57,-144,0.00664698646137667,0.0012031547170912,2.45,0.0452055698287672,0.272222222222222
"strong",0.7,58,-143,0.00689036029022809,0.00121713280586919,2.476,0.0444229377393866,0.275111111111111
"strong",0.7,59,-142,0.00679511544833433,0.00123675420917028,2.491,0.0455630880757108,0.276777777777778
"strong",0.7,60,-141,0.00710731234387078,0.00124350370780526,2.547,0.0453193650092854,0.283
"strong",0.7,61,-140,0.00736120390237003,0.001266457810546,2.528,0.0458837805909815,0.280888888888889
"strong",0.7,62,-139,0.00748058837614208,0.00128369012779591,2.497,0.0451001665742493,0.277444444444444
"strong",0.7,63,-138,0.00765726095782631,0.00129956492195756,2.444,0.0432751283849827,0.271555555555556
"strong",0.7,64,-137,0.00764566825020343,0.00130686970164317,2.48,0.042818610830262,0.275555555555556
"strong",0.7,65,-136,0.00810708507624508,0.00131959759089023,2.355,0.0441239381959717,0.261666666666667
"strong",0.7,66,-135,0.00830031943773675,0.00132395450239353,2.449,0.0437643041109339,0.272111111111111
"strong",0.7,67,-134,0.00817536607413044,0.0013333481650501,2.562,0.0433131854292894,0.284666666666667
"strong",0.7,68,-133,0.0084194206123991,0.00134024087308247,2.506,0.04386214641223,0.278444444444444
"strong",0.7,69,-132,0.00835488741583473,0.00135020076046649,2.525,0.0453368551007944,0.280555555555556
"strong",0.7,70,-131,0.00856780959318133,0.00136407719893195,2.468,0.0440331115743017,0.274222222222222
"strong",0.7,71,-130,0.00896429281238586,0.00138122814931589,2.521,0.0444244587196348,0.280111111111111
"strong",0.7,72,-129,0.00912262462933884,0.00138315264973326,2.457,0.0452791475317416,0.273
"strong",0.7,73,-128,0.00911533289023981,0.00139762312146016,2.446,0.0456636526043327,0.271777777777778
"strong",0.7,74,-127,0.00930917246651583,0.00140760803977332,2.534,0.0447308042052098,0.281555555555556
"strong",0.7,75,-126,0.00948984163914232,0.00140890098750317,2.476,0.0435122662856962,0.275111111111111
"strong",0.7,76,-125,0.00927585571905636,0.00142015153247403,2.438,0.0432900684918609,0.270888888888889
"strong",0.7,77,-124,0.00947585121535305,0.00143327813976832,2.498,0.0445418901707144,0.277555555555556
"strong",0.7,78,-123,0.00940876950089268,0.00144118824896459,2.542,0.0447016133292102,0.282444444444444
"strong",0.7,79,-122,0.00964772921108173,0.00144436073771441,2.508,0.0431485549908431,0.278666666666667
"strong",0.7,80,-121,0.00966386828428281,0.00145046095085132,2.596,0.0457917119234567,0.288444444444444
"strong",0.7,81,-120,0.00978400839089493,0.00144729217034805,2.521,0.045865702465597,0.280111111111111
"strong",0.7,82,-119,0.0100070949560972,0.00145626484402818,2.507,0.0448102550646496,0.278555555555556
"strong",0.7,83,-118,0.0100142617518341,0.00145887829104122,2.492,0.0448100875243952,0.276888888888889
"strong",0.7,84,-117,0.0100069379733813,0.00146369396290419,2.506,0.04386214641223,0.278444444444444
"strong",0.7,85,-116,0.0102193001389611,0.00146897693963228,2.465,0.0456383375886747,0.273888888888889
"strong",0.7,86,-115,0.0105666810637047,0.00147823789956514,2.483,0.0442455497046726,0.275888888888889
"strong",0.7,87,-114,0.0104298427299626,0.00147921571591221,2.5,0.0424947738646272,0.277777777777778
"strong",0.7,88,-113,0.0105435980510655,0.00148582349250686,2.588,0.0433143409523004,0.287555555555556
"strong",0.7,89,-112,0.0106957147572785,0.00149804328519358,2.497,0.0456516711093371,0.277444444444444
"strong",0.7,90,-111,0.0105264298082275,0.00150935177989555,2.444,0.0445965565133997,0.271555555555556
"strong",0.7,91,-110,0.0107249187205426,0.00151819290930809,2.545,0.0461747453388442,0.282777777777778
"strong",0.7,92,-109,0.0104245243241739,0.00152639706351953,2.404,0.0457917119234568,0.267111111111111
"strong",0.7,93,-108,0.010544316288437,0.00153336331508543,2.444,0.0429966593203788,0.271555555555556
"strong",0.7,94,-107,0.0107460236315905,0.00153672972841649,2.507,0.0455414648976625,0.278555555555556
"strong",0.7,95,-106,0.0108100392317263,0.00154128284454326,2.504,0.045475840311665,0.278222222222222
"strong",0.7,96,-105,0.0114596405291056,0.00154775861326166,2.444,0.0450654512336767,0.271555555555556
"strong",0.7,97,-104,0.011701741755777,0.0015517559000407,2.502,0.0434958375926696,0.278
"strong",0.7,98,-103,0.0118062959326067,0.00155851034241617,2.577,0.0463488858465788,0.286333333333333
"strong",0.7,99,-102,0.012024130948233,0.00156394443527835,2.561,0.0446124340209012,0.284555555555556
"strong",0.7,100,-101,0.01214992972307,0.00156768062380443,2.617,0.0452809160835043,0.290777777777778
"strong",0.7,101,-100,0.0121476217783726,0.00156857608813673,2.553,0.045356898573957,0.283666666666667
"strong",0.7,102,-99,0.0122915842179211,0.00155749431009193,2.523,0.0446033682636241,0.280333333333333
"strong",0.7,103,-98,0.0122853503584672,0.0015607696770825,2.463,0.0436868348537582,0.273666666666667
"strong",0.7,104,-97,0.0122135318694392,0.00156041011381293,2.518,0.0437217061376563,0.279777777777778
"strong",0.7,105,-96,0.0123186762308237,0.00156144530760529,2.663,0.0439244847478074,0.295888888888889
"strong",0.7,106,-95,0.0124681199656991,0.001565343942424,2.525,0.04524845215499,0.280555555555556
"strong",0.7,107,-94,0.0128701316152102,0.00157415398479155,2.503,0.0437710738605636,0.278111111111111
"strong",0.7,108,-93,0.0129579928706555,0.00157763899828801,2.518,0.0433769242519285,0.279777777777778
"strong",0.7,109,-92,0.0133314450042005,0.00158972746642283,2.505,0.045343478373753,0.278333333333333
"strong",0.7,110,-91,0.0136569459379467,0.00159951541946105,2.529,0.0442619262811521,0.281
"strong",0.7,111,-90,0.0137448555617666,0.00160582725853818,2.534,0.0443261639306717,0.281555555555556
"strong",0.7,112,-89,0.0138793838546646,0.00162190765085683,2.486,0.0437231713821829,0.276222222222222
"strong",0.7,113,-88,0.0138298798216128,0.00163970915914486,2.538,0.0447723191331492,0.282
"strong",0.7,114,-87,0.0140620610215551,0.00163750889299925,2.503,0.0433574776811438,0.278111111111111
"strong",0.7,115,-86,0.0143046897715657,0.00163109151310611,2.422,0.0441346107251877,0.269111111111111
"strong",0.7,116,-85,0.0143923022231639,0.001632261597605,2.482,0.0437445949757176,0.275777777777778
"strong",0.7,117,-84,0.0143224605319876,0.00162618108294553,2.517,0.0458236926797786,0.279666666666667
"strong",0.7,118,-83,0.0143732840783359,0.00162968803502649,2.551,0.0459729541416745,0.283444444444444
"strong",0.7,119,-82,0.0144210922272154,0.00163919611965623,2.549,0.0442216525534104,0.283222222222222
"strong",0.7,120,-81,0.0145002347199772,0.00163844271035315,2.615,0.044640427504312,0.290555555555556
"strong",0.7,121,-80,0.0147060310936116,0.00164728232499615,2.561,0.0445675360017272,0.284555555555556
"strong",0.7,122,-79,0.0151333533967807,0.00164537756250424,2.466,0.0444614532018556,0.274
"strong",0.7,123,-78,0.0149844334381246,0.00165228220996786,2.614,0.0442827840697144,0.290444444444444
"strong",0.7,124,-77,0.0147753694063044,0.00166227337349755,2.542,0.0458075794419911,0.282444444444444
"strong",0.7,125,-76,0.0150098635510161,0.00166680409847709,2.535,0.0458353125425786,0.281666666666667
"strong",0.7,126,-75,0.0149925272244996,0.0016645833339636,2.489,0.0463468124796843,0.276555555555556
"strong",0.7,127,-74,0.0153222977449892,0.00167456947192741,2.446,0.0437378211276809,0.271777777777778
"strong",0.7,128,-73,0.0155610810285449,0.00167779836446253,2.554,0.0442384565852048,0.283777777777778
"strong",0.7,129,-72,0.0158347659767026,0.00169618768942057,2.491,0.0434027971771726,0.276777777777778
"strong",0.7,130,-71,0.0159600279463892,0.00169341949588316,2.479,0.0449174417857538,0.275444444444444
"strong",0.7,131,-70,0.0161221883824278,0.00170609789253889,2.477,0.0434897960717496,0.275222222222222
"strong",0.7,132,-69,0.0163506582778445,0.00171092391628507,2.539,0.0445922355065032,0.282111111111111
"strong",0.7,133,-68,0.0165372349280341,0.00172265063440912,2.489,0.0435864517800976,0.276555555555556
"strong",0.7,134,-67,0.0165259943571772,0.00172572813577424,2.574,0.0434328264151716,0.286
"strong",0.7,135,-66,0.0166323891293845,0.00172730926222105,2.537,0.0468703299308617,0.281888888888889
"strong",0.7,136,-65,0.017188127161724,0.00173624505850006,2.527,0.0446011239797862,0.280777777777778
"strong",0.7,137,-64,0.0173048848816523,0.00174361750743251,2.45,0.0432130462634535,0.272222222222222
"strong",0.7,138,-63,0.0174480596349721,0.0017556829016845,2.544,0.0452339486460126,0.282666666666667
"strong",0.7,139,-62,0.0179127883508754,0.00174490522788883,2.525,0.0430956173204681,0.280555555555556
"strong",0.7,140,-61,0.017819148165824,0.00174633988318879,2.539,0.044479854512548,0.282111111111111
"strong",0.7,141,-60,0.0177808461297879,0.0017510404401739,2.508,0.0455632748165891,0.278666666666667
"strong",0.7,142,-59,0.0175358254496682,0.00176709354106859,2.573,0.0459650278340368,0.285888888888889
"strong",0.7,143,-58,0.0176895312776474,0.00177344556909097,2.479,0.0443568092464565,0.275444444444444
"strong",0.7,144,-57,0.0177247157505269,0.00177088925398386,2.508,0.0452767709315273,0.278666666666667
"strong",0.7,145,-56,0.0179946371106616,0.00177896701264304,2.476,0.0436500782282157,0.275111111111111
"strong",0.7,146,-55,0.0181274329413176,0.0017858724016366,2.479,0.0451397451986229,0.275444444444444
"strong",0.7,147,-54,0.0181726976341842,0.00178682197783375,2.533,0.0444847152389434,0.281444444444444
"strong",0.7,148,-53,0.0183857440215058,0.00178762542102483,2.502,0.0450113543677818,0.278
"strong",0.7,149,-52,0.018486863274158,0.00179349401814462,2.489,0.044450588914601,0.276555555555556
"strong",0.7,150,-51,0.0185189101438339,0.001797522194528,2.48,0.0446720896712432,0.275555555555556
"strong",0.7,151,-50,0.0185952020862217,0.00179912931694714,2.504,0.0438167080450359,0.278222222222222
"strong",0.7,152,-49,0.0189558999813439,0.00180297274574482,2.468,0.0455527282503589,0.274222222222222
"strong",0.7,153,-48,0.01922051098047,0.00180298696415123,2.522,0.0446711485358449,0.280222222222222
"strong",0.7,154,-47,0.0192370023811888,0.00180616046697717,2.47,0.0425077276140104,0.274444444444444
"strong",0.7,155,-46,0.0193629823071921,0.00181362019145848,2.506,0.0450554546530607,0.278444444444444
"strong",0.7,156,-45,0.019403345313427,0.00181436638828641,2.52,0.0444474473460016,0.28
"strong",0.7,157,-44,0.0195311090690517,0.00182166532764574,2.502,0.0449891100158696,0.278
"strong",0.7,158,-43,0.0195866794321671,0.00181862023065375,2.549,0.0442895084705232,0.283222222222222
"strong",0.7,159,-42,0.0196885897845214,0.0018229464237746,2.448,0.0447805906761099,0.272
"strong",0.7,160,-41,0.020094408576898,0.00183011965898896,2.537,0.0444365345814186,0.281888888888889
"strong",0.7,161,-40,0.0202919807127925,0.00183766088928831,2.57,0.0451124720574603,0.285555555555556
"strong",0.7,162,-39,0.0206468395656095,0.00183968247425428,2.559,0.0455696784671079,0.284333333333333
"strong",0.7,163,-38,0.0207718726290295,0.00183989792051781,2.504,0.0433573968760104,0.278222222222222
"strong",0.7,164,-37,0.0206801866989395,0.00183834164846283,2.531,0.0450007118173041,0.281222222222222
"strong",0.7,165,-36,0.0206772731113956,0.00184100266328176,2.51,0.0439526089308907,0.278888888888889
"strong",0.7,166,-35,0.020896833281809,0.00184691848594239,2.588,0.043933884260172,0.287555555555556
"strong",0.7,167,-34,0.0208403234587856,0.00185169358390227,2.508,0.0434490946260544,0.278666666666667
"strong",0.7,168,-33,0.0206716244708004,0.00185334214299528,2.498,0.0450558101250663,0.277555555555556
"strong",0.7,169,-32,0.0209335808452544,0.0018535461056818,2.537,0.0442785680842504,0.281888888888889
"strong",0.7,170,-31,0.0210763231884394,0.00185819538310316,2.479,0.0435827770852026,0.275444444444444
"strong",0.7,171,-30,0.0209898551108155,0.00186533218908648,2.494,0.0441124688711698,0.277111111111111
"strong",0.7,172,-29,0.0207168687701722,0.00185827450823876,2.567,0.0455586060650078,0.285222222222222
"strong",0.7,173,-28,0.0205614051392822,0.00185994089481267,2.457,0.0446782625797733,0.273
"strong",0.7,174,-27,0.0207964728828497,0.00186266118050518,2.533,0.0432987965858842,0.281444444444444
"strong",0.7,175,-26,0.0210864323119353,0.00186458669867499,2.525,0.0446919721244472,0.280555555555556
"strong",0.7,176,-25,0.0211292923825923,0.00186867117393158,2.594,0.0459050244665142,0.288222222222222
"strong",0.7,177,-24,0.0210917939015092,0.00186482657119605,2.564,0.0434717585771935,0.284888888888889
"strong",0.7,178,-23,0.0214566482435232,0.001886641021419,2.543,0.045301249466248,0.282555555555556
"strong",0.7,179,-22,0.0213444509667655,0.00189545977478142,2.463,0.0453065523261668,0.273666666666667
"strong",0.7,180,-21,0.0215986323387143,0.00189451062235759,2.576,0.0458729585739607,0.286222222222222
"strong",0.7,181,-20,0.0218136256434797,0.00189949828384583,2.524,0.0473039286070584,0.280444444444444
"strong",0.7,182,-19,0.0219889838576867,0.00190574394213207,2.494,0.0445639983613451,0.277111111111111
"strong",0.7,183,-18,0.0222985379232262,0.00191483066005612,2.539,0.0437080014343984,0.282111111111111
"strong",0.7,184,-17,0.0224801173128297,0.00192167871189216,2.499,0.0445868476906249,0.277666666666667
"strong",0.7,185,-16,0.0223522880939747,0.00191839395388137,2.552,0.0468774305342506,0.283555555555556
"strong",0.7,186,-15,0.0225478301335845,0.00191836879358068,2.489,0.044630380581739,0.276555555555556
"strong",0.7,187,-14,0.022632902932732,0.00192710902478539,2.449,0.0435579647859756,0.272111111111111
"strong",0.7,188,-13,0.0226179994389965,0.00193530930258109,2.477,0.0444234672717523,0.275222222222222
"strong",0.7,189,-12,0.0226098723700201,0.00192592341357254,2.487,0.0443373070539562,0.276333333333333
"strong",0.7,190,-11,0.0229764537620275,0.00192999554098168,2.543,0.043243739674328,0.282555555555556
"strong",0.7,191,-10,0.0231742506005999,0.00194297244182272,2.548,0.045119083897302,0.283111111111111
"strong",0.7,192,-9,0.0231276863547938,0.00194915088126884,2.62,0.0452288143294252,0.291111111111111
"strong",0.7,193,-8,0.0234057220932202,0.00194902804650702,2.535,0.0453743741977101,0.281666666666667
"strong",0.7,194,-7,0.0236690333313544,0.00195842011191559,2.581,0.044715080660091,0.286777777777778
"strong",0.7,195,-6,0.0242062009900652,0.00195465024335828,2.519,0.0444929052616101,0.279888888888889
"strong",0.7,196,-5,0.0242044685260764,0.00196122113853947,2.536,0.0450858817894997,0.281777777777778
"strong",0.7,197,-4,0.0243405099554418,0.00196720767677912,2.584,0.0451329256860332,0.287111111111111
"strong",0.7,198,-3,0.0243851853801239,0.00195788686761118,2.486,0.0450758897398139,0.276222222222222
"strong",0.7,199,-2,0.024496476458841,0.00196157130595503,2.482,0.0432382417027512,0.275777777777778
"strong",0.7,200,-1,0.0245817182797159,0.00196570515288459,2.509,0.0465627220755732,0.278777777777778
"strong",0.7,201,0,1.02484648291057,0.00197242395639567,4.225,0.0498081906502923,0.469444444444444
"strong",0.7,202,1,1.02084929065233,0.00197360039495984,4.414,0.0484866471820331,0.490444444444444
"strong",0.7,203,2,1.0171329573817,0.00197989813423269,4.339,0.047920511009122,0.482111111111111
"strong",0.7,204,3,1.01353419838601,0.00199211442810161,4.394,0.0492258792423987,0.488222222222222
"strong",0.7,205,4,1.00999523792361,0.00199635378828569,4.334,0.0477569337868829,0.481555555555556
"strong",0.7,206,5,1.00684944201878,0.00200461630172912,4.346,0.0490580339056784,0.482888888888889
"strong",0.7,207,6,1.00365618395038,0.00201109776979658,4.269,0.0485695171686727,0.474333333333333
"strong",0.7,208,7,1.00050287853146,0.00201696361218705,4.307,0.0492460777745414,0.478555555555556
"strong",0.7,209,8,0.997299465740656,0.00201314840211115,4.314,0.0482880496161909,0.479333333333333
"strong",0.7,210,9,0.99448191188114,0.00201927320414335,4.299,0.0487645052981878,0.477666666666667
"strong",0.7,211,10,0.991617250908371,0.0020180039691815,4.277,0.0489148613783546,0.475222222222222
"strong",0.7,212,11,0.988938299271761,0.00201402277578409,4.259,0.0503035729292607,0.473222222222222
"strong",0.7,213,12,0.986113667526834,0.00202098184525988,4.262,0.0500785768953537,0.473555555555556
"strong",0.7,214,13,0.983541445517254,0.00202830011101397,4.353,0.04883416607024,0.483666666666667
"strong",0.7,215,14,0.981031425373295,0.00203022363023612,4.23,0.0492496246231942,0.47
"strong",0.7,216,15,0.978742578716437,0.00204319138684129,4.363,0.0494132843744744,0.484777777777778
"strong",0.7,217,16,0.976498604072181,0.00205262659343792,4.357,0.0487640126417928,0.484111111111111
"strong",0.7,218,17,0.974352514973248,0.00204641172926833,4.241,0.0503731719912145,0.471222222222222
"strong",0.7,219,18,0.972260966266761,0.00205034473574657,4.227,0.0501396548151758,0.469666666666667
"strong",0.7,220,19,0.969929077037535,0.00205774064719712,4.274,0.0470652646772454,0.474888888888889
"strong",0.7,221,20,0.967572498222262,0.00206281170278392,4.3,0.0495222419974343,0.477777777777778
"strong",0.7,222,21,0.965548853837232,0.00206962469503493,4.237,0.0518026496862323,0.470777777777778
"strong",0.7,223,22,0.963341573255099,0.0020777623568049,4.255,0.0496027764891789,0.472777777777778
"strong",0.7,224,23,0.961521233531539,0.00208159948012776,4.217,0.0482518314599481,0.468555555555556
"strong",0.7,225,24,0.959289122675848,0.00208664359134267,4.216,0.0482459497955181,0.468444444444444
"strong",0.7,226,25,0.957459347427699,0.00210153227225011,4.279,0.0494328089693738,0.475444444444444
"strong",0.7,227,26,0.955444296410222,0.0021060629773073,4.313,0.0497745769294777,0.479222222222222
"strong",0.7,228,27,0.95361792260563,0.00212228995632612,4.256,0.0489372951730972,0.472888888888889
"strong",0.7,229,28,0.952325999941904,0.00212556892833572,4.207,0.0485232470626759,0.467444444444444
"strong",0.7,230,29,0.950719061136889,0.00212695711719869,4.196,0.0490304801933246,0.466222222222222
"strong",0.7,231,30,0.949160912653904,0.00213815729897728,4.275,0.0479966527861962,0.475
"strong",0.7,232,31,0.947561762856762,0.00214731838581186,4.263,0.0473082346856135,0.473666666666667
"strong",0.7,233,32,0.946257331955676,0.00214439248917326,4.284,0.0481628867870654,0.476
"strong",0.7,234,33,0.944432482173498,0.00214947537548017,4.322,0.0490583603754009,0.480222222222222
"strong",0.7,235,34,0.943016334123996,0.00215245059580717,4.278,0.0480523155011808,0.475333333333333
"strong",0.7,236,35,0.941662549733591,0.00215929221256381,4.228,0.0485630968367378,0.469777777777778
"strong",0.7,237,36,0.939676183366444,0.0021770829624857,4.242,0.0480806379715135,0.471333333333333
"strong",0.7,238,37,0.937857126607953,0.00218727923687959,4.209,0.050158098397316,0.467666666666667
"strong",0.7,239,38,0.936309708900536,0.00219406307837164,4.164,0.0488619636475192,0.462666666666667
"strong",0.7,240,39,0.935128026877041,0.0022036314950976,4.275,0.0487622061924268,0.475
"strong",0.7,241,40,0.93385189099448,0.00220640641715584,4.169,0.0484642939470677,0.463222222222222
"strong",0.7,242,41,0.932427311134202,0.00221406155429227,4.218,0.0486913426272767,0.468666666666667
"strong",0.7,243,42,0.931253967318917,0.00221320504682894,4.273,0.0488759640299797,0.474777777777778
"strong",0.7,244,43,0.929898278130677,0.00221716356567274,4.172,0.0476096910584672,0.463555555555556
"strong",0.7,245,44,0.928675565102157,0.00223153533073799,4.167,0.0514952693241112,0.463
"strong",0.7,246,45,0.927390343706261,0.00223707425780476,4.132,0.0487540044812007,0.459111111111111
"strong",0.7,247,46,0.926422147415498,0.00223286703987421,4.173,0.0482638622615348,0.463666666666667
"strong",0.7,248,47,0.925245072302632,0.00223627995572038,4.222,0.0496304259419479,0.469111111111111
"strong",0.7,249,48,0.924020949616693,0.00223156804470483,4.171,0.0484366091412798,0.463444444444444
"strong",0.7,250,49,0.923084164512068,0.00223925476812808,4.214,0.0463503220307298,0.468222222222222
"strong",0.7,251,50,0.921826102415291,0.00225303269126969,4.119,0.048736169465954,0.457666666666667
"strong",0.7,252,51,0.920587249508225,0.00226345627356503,4.144,0.04863773873886,0.460444444444444
"strong",0.7,253,52,0.919532328613369,0.00226706285307087,4.132,0.0492442991726046,0.459111111111111
"strong",0.7,254,53,0.918185421484669,0.00227172086520406,4.212,0.0485944175540506,0.468
"strong",0.7,255,54,0.916734988811908,0.00227736792356267,4.171,0.0498020003537935,0.463444444444444
"strong",0.7,256,55,0.91530791379052,0.00228114923218207,4.209,0.0499180409352253,0.467666666666667
"strong",0.7,257,56,0.914234151838919,0.00228443425739292,4.205,0.0473626246973099,0.467222222222222
"strong",0.7,258,57,0.913134417536112,0.00229316383689468,4.168,0.0491344094315803,0.463111111111111
"strong",0.7,259,58,0.91213741993641,0.00229078093846282,4.223,0.0485760293831292,0.469222222222222
"strong",0.7,260,59,0.911277730658441,0.00230157701129799,4.084,0.048552047344075,0.453777777777778
"strong",0.7,261,60,0.910055450662943,0.00230440801782194,4.182,0.0489210513916993,0.464666666666667
"strong",0.7,262,61,0.90937199616892,0.00230865015027973,4.082,0.0474080533614654,0.453555555555556
"strong",0.7,263,62,0.908431699343506,0.00231684269451383,4.115,0.0506788253942745,0.457222222222222
"strong",0.7,264,63,0.907532334351967,0.00231375135843054,4,0.0477941867206074,0.444444444444444
"strong",0.7,265,64,0.906161052166605,0.00232030835609594,4.146,0.0495089399516404,0.460666666666667
"strong",0.7,266,65,0.904914144906535,0.0023341901815929,4.09,0.0477092881541549,0.454444444444444
"strong",0.7,267,66,0.903510405140853,0.00233035789499366,4.118,0.0486872308356766,0.457555555555556
"strong",0.7,268,67,0.902398049725142,0.00232865861422771,4.133,0.0486176374855327,0.459222222222222
"strong",0.7,269,68,0.90135177997072,0.00233344767475552,4.046,0.0481061139378166,0.449555555555556
"strong",0.7,270,69,0.900065445493515,0.00234754367189638,4.081,0.049909216883557,0.453444444444444
"strong",0.7,271,70,0.899016532224278,0.00234995053131707,4.108,0.0490789643813392,0.456444444444444
"strong",0.7,272,71,0.897960373350382,0.00234471300008121,4.133,0.0483285282896826,0.459222222222222
"strong",0.7,273,72,0.896969654163022,0.00234912176183917,4.068,0.0481424313230407,0.452
"strong",0.7,274,73,0.896354459606886,0.00235042108385286,4.058,0.0486518550828537,0.450888888888889
"strong",0.7,275,74,0.895083038010122,0.00236072907537807,4.066,0.0478323314498878,0.451777777777778
"strong",0.7,276,75,0.894103199041082,0.00236530821618569,4.109,0.0477640073737579,0.456555555555556
"strong",0.7,277,76,0.893434657067747,0.00237294351674201,4.121,0.0493030403706484,0.457888888888889
"strong",0.7,278,77,0.892630552935174,0.00237777893210022,4.087,0.0498388895834859,0.454111111111111
"strong",0.7,279,78,0.891862715817303,0.0023775260405261,4.131,0.0502629621626639,0.459
"strong",0.7,280,79,0.890850431843165,0.00238830784282372,4.122,0.0492294580463725,0.458
"strong",0.7,281,80,0.88993129410136,0.0023840758296618,4.218,0.0482784300366821,0.468666666666667
"strong",0.7,282,81,0.888801126686678,0.00237193127305354,4.139,0.0494178218977842,0.459888888888889
"strong",0.7,283,82,0.887765790993238,0.00238108838071376,4.174,0.0505398682059844,0.463777777777778
"strong",0.7,284,83,0.886644065609002,0.00238122657853661,4.056,0.0478450953928733,0.450666666666667
"strong",0.7,285,84,0.885427710112974,0.00238077238624087,4.063,0.0490860513836716,0.451444444444444
"strong",0.7,286,85,0.884628107623598,0.00239045294039184,4.154,0.0487920553437202,0.461555555555556
"strong",0.7,287,86,0.883637469418983,0.00239284588287556,3.99,0.0481270840194606,0.443333333333333
"strong",0.7,288,87,0.88269464946258,0.00240251750238059,4.059,0.0476423004145348,0.451
"strong",0.7,289,88,0.881802239766987,0.00241926870103398,4.085,0.0494592885232007,0.453888888888889
"strong",0.7,290,89,0.881002168755079,0.00242632069346883,3.994,0.0493801822840135,0.443777777777778
"strong",0.7,291,90,0.880137680823055,0.00242900814303232,4.092,0.04917269520734,0.454666666666667
"strong",0.7,292,91,0.87938100545094,0.00243569246900995,4.012,0.0496419209974829,0.445777777777778
"strong",0.7,293,92,0.878410502512919,0.00244093778457577,4.119,0.0479284480881252,0.457666666666667
"strong",0.7,294,93,0.877731380577147,0.00244642397529865,4.115,0.0491751277903087,0.457222222222222
"strong",0.7,295,94,0.87664180754322,0.00244187577113865,4.066,0.0484767366269016,0.451777777777778
"strong",0.7,296,95,0.875509037375192,0.00244230507377502,4.155,0.0482421216604568,0.461666666666667
"strong",0.7,297,96,0.874539314866762,0.00244662228237493,4.076,0.0471215921255261,0.452888888888889
"strong",0.7,298,97,0.873367256395081,0.00244347054956649,4.069,0.0473125509508574,0.452111111111111
"strong",0.7,299,98,0.872220295283655,0.00244669821499785,4.108,0.0503276153703797,0.456444444444444
"strong",0.7,300,99,0.871230820119065,0.00244835307722104,4.039,0.0469433987125204,0.448777777777778
"strong",0.7,301,100,0.870200021900451,0.00244908425616546,4.14,0.0511176389616444,0.46
"strong",0.7,302,101,0.868954905161427,0.00245228914776892,4.087,0.048495183088455,0.454111111111111
"strong",0.7,303,102,0.86767431278126,0.0024566690079908,4.056,0.0495713760281204,0.450666666666667
"strong",0.7,304,103,0.866970283556245,0.00246655442439039,4.05,0.0497390588368334,0.45
"strong",0.7,305,104,0.866123404397549,0.00247573258435793,4.136,0.0489274758995179,0.459555555555556
"strong",0.7,306,105,0.865113517596433,0.00247189974669332,4.121,0.0495864680917871,0.457888888888889
"strong",0.7,307,106,0.864024924582021,0.00247437036928557,4.004,0.0477940191683883,0.444888888888889
"strong",0.7,308,107,0.863178046250149,0.00248292224734072,4.15,0.050319300790373,0.461111111111111
"strong",0.7,309,108,0.861868810533138,0.00249260746623667,4.048,0.0497209027288143,0.449777777777778
"strong",0.7,310,109,0.861150346715043,0.00249278015469611,4.094,0.0500366632347489,0.454888888888889
"strong",0.7,311,110,0.860348086249651,0.00249544848452751,4.069,0.0493018221739286,0.452111111111111
"strong",0.7,312,111,0.859218774542923,0.00249622574495675,4.108,0.0495862359409828,0.456444444444444
"strong",0.7,313,112,0.857866195728792,0.0025017878794215,4.046,0.0503231200981856,0.449555555555556
"strong",0.7,314,113,0.856888522498767,0.00250911737842922,4.009,0.0491460510553428,0.445444444444444
"strong",0.7,315,114,0.855576483778238,0.00251068533163033,3.939,0.0485761118106282,0.437666666666667
"strong",0.7,316,115,0.85457496554862,0.00251674402132191,4.013,0.0514731044379537,0.445888888888889
"strong",0.7,317,116,0.853748943728711,0.00252340017255603,4.08,0.0476641570980949,0.453333333333333
"strong",0.7,318,117,0.852935918693305,0.00253219593401361,3.942,0.0488981290749148,0.438
"strong",0.7,319,118,0.851918514933653,0.00252951334655392,3.914,0.0478005113873154,0.434888888888889
"strong",0.7,320,119,0.851138699684774,0.0025335402175067,3.973,0.0473763180873684,0.441444444444444
"strong",0.7,321,120,0.850097898131391,0.00254362391731573,3.993,0.0480339281993288,0.443666666666667
"strong",0.7,322,121,0.849185702085215,0.00255091530559272,3.955,0.047573503531254,0.439444444444444
"strong",0.7,323,122,0.848239394233181,0.00254498231780627,3.99,0.0494605534375259,0.443333333333333
"strong",0.7,324,123,0.847387883953805,0.00253819917155247,4.041,0.0472180955624912,0.449
"strong",0.7,325,124,0.846241483458976,0.00253393370375768,4.012,0.0495813908065751,0.445777777777778
"strong",0.7,326,125,0.845277229568175,0.00253062747795627,4.062,0.0466726293916933,0.451333333333333
"strong",0.7,327,126,0.844488315298438,0.00253637290463215,3.973,0.0526977043906851,0.441444444444444
"strong",0.7,328,127,0.843800680929963,0.00254640384046531,4.072,0.0488794967773322,0.452444444444444
"strong",0.7,329,128,0.843003717150096,0.00254386831359442,4.009,0.0483037498777504,0.445444444444444
"strong",0.7,330,129,0.841959531419391,0.00254123387410786,4.113,0.0472489519826998,0.457
"strong",0.7,331,130,0.840859504335965,0.00254420692488216,4.004,0.0482110807627075,0.444888888888889
"strong",0.7,332,131,0.839813931009983,0.0025517183806652,4.003,0.0474894329956281,0.444777777777778
"strong",0.7,333,132,0.83870986889234,0.00254475023493109,4.018,0.0489292353309356,0.446444444444444
"strong",0.7,334,133,0.837614538667308,0.00254887892442508,4.01,0.0475411417633207,0.445555555555556
"strong",0.7,335,134,0.836758550678734,0.00255130159415415,3.948,0.0480375228712264,0.438666666666667
"strong",0.7,336,135,0.836081308090646,0.00255158672979877,4.097,0.0490101315341326,0.455222222222222
"strong",0.7,337,136,0.835534561016599,0.00255742124161827,4.072,0.0493076793942614,0.452444444444444
"strong",0.7,338,137,0.834239319523856,0.00256240617956565,4.019,0.0482178801272305,0.446555555555556
"strong",0.7,339,138,0.833204957499863,0.00257264956847434,3.971,0.0467369590724875,0.441222222222222
"strong",0.7,340,139,0.832447901271957,0.00257598417151969,3.987,0.0488181750397761,0.443
"strong",0.7,341,140,0.831549781531473,0.00258417668086946,3.944,0.049793004963984,0.438222222222222
"strong",0.7,342,141,0.830582114523349,0.00259675937533595,3.947,0.0469296643221898,0.438555555555556
"strong",0.7,343,142,0.829481297054964,0.00260081787280085,3.96,0.0507442112459635,0.44
"strong",0.7,344,143,0.828440899728904,0.00261005543913235,3.975,0.0491608766377471,0.441666666666667
"strong",0.7,345,144,0.827363361297657,0.00260932247217058,3.958,0.0483381068368692,0.439777777777778
"strong",0.7,346,145,0.826244724476285,0.00261684732126118,4.025,0.0482566441405087,0.447222222222222
"strong",0.7,347,146,0.825289905653728,0.00261597066419602,3.95,0.0472200140801518,0.438888888888889
"strong",0.7,348,147,0.82416081564519,0.00262178374836865,4.03,0.0472581562625261,0.447777777777778
"strong",0.7,349,148,0.823151184634486,0.00262945427805301,3.934,0.0475594985876207,0.437111111111111
"strong",0.7,350,149,0.822195520097368,0.0026349296746613,3.921,0.0492054893297504,0.435666666666667
"strong",0.7,351,150,0.821543481549912,0.0026410126648917,4.017,0.0494282728218795,0.446333333333333
"strong",0.7,352,151,0.820648343630453,0.00264006557148476,3.986,0.0474980005901307,0.442888888888889
"strong",0.7,353,152,0.819900599515805,0.00264719515825564,3.932,0.0480383563799145,0.436888888888889
"strong",0.7,354,153,0.819148045367845,0.00265349603275241,3.982,0.0489496891928037,0.442444444444444
"strong",0.7,355,154,0.818220865530428,0.00266519574527601,4.002,0.0487069642696849,0.444666666666667
"strong",0.7,356,155,0.817484632764601,0.00266368804984724,4.102,0.0491325758536027,0.455777777777778
"strong",0.7,357,156,0.816560552324078,0.00267080829497668,4.041,0.0490481877822691,0.449
"strong",0.7,358,157,0.815840192965292,0.00266453021020924,3.948,0.048245451843916,0.438666666666667
"strong",0.7,359,158,0.814950284103163,0.00267223883278693,3.992,0.0500243784413004,0.443555555555556
"strong",0.7,360,159,0.814175049606559,0.00267646593335854,3.966,0.0481161008307944,0.440666666666667
"strong",0.7,361,160,0.813168594461002,0.00268663974060508,3.907,0.0489974667891287,0.434111111111111
"strong",0.7,362,161,0.812309933453434,0.0026853133585128,3.923,0.0485945720470136,0.435888888888889
"strong",0.7,363,162,0.811569692700859,0.00268174228115037,3.974,0.0491908908614567,0.441555555555556
"strong",0.7,364,163,0.81060722956937,0.00268301195587864,4.069,0.047142989526137,0.452111111111111
"strong",0.7,365,164,0.809779855066823,0.00269616383291869,4.002,0.0492180700395537,0.444666666666667
"strong",0.7,366,165,0.808952575722831,0.00269208984103505,3.949,0.0471234508458328,0.438777777777778
"strong",0.7,367,166,0.808146409441338,0.00269408997118891,3.98,0.0498807386481803,0.442222222222222
"strong",0.7,368,167,0.807117813833615,0.00269926883991234,3.898,0.0487849974477398,0.433111111111111
"strong",0.7,369,168,0.806044077673684,0.00270369506457255,3.985,0.0500527749508483,0.442777777777778
"strong",0.7,370,169,0.805350390831547,0.00270215227713705,3.857,0.0476111102350894,0.428555555555556
"strong",0.7,371,170,0.804651885649856,0.00270780827087097,3.88,0.0497601856515436,0.431111111111111
"strong",0.7,372,171,0.803490374970604,0.00270468282300201,3.904,0.0491853962391599,0.433777777777778
"strong",0.7,373,172,0.802873769537256,0.00270999250825248,3.979,0.0472736056779446,0.442111111111111
"strong",0.7,374,173,0.801955246875942,0.002711578368303,3.926,0.0478833668074501,0.436222222222222
"strong",0.7,375,174,0.801315103974576,0.00270989149032049,4,0.0475211348586948,0.444444444444444
"strong",0.7,376,175,0.800691697805337,0.00271038044433593,3.947,0.0507421497944833,0.438555555555556
"strong",0.7,377,176,0.799830788905268,0.00270562156429788,3.979,0.0479464060994967,0.442111111111111
"strong",0.7,378,177,0.799035039272922,0.00271096192296829,3.913,0.0479346297443583,0.434777777777778
"strong",0.7,379,178,0.798107518013381,0.00272172901812379,4.006,0.0483766917461737,0.445111111111111
"strong",0.7,380,179,0.796773929599454,0.00273284767583057,3.952,0.0494382457227215,0.439111111111111
"strong",0.7,381,180,0.795658792475321,0.00272766183290276,3.971,0.0481921309082874,0.441222222222222
"strong",0.7,382,181,0.794687357523401,0.00273374039256537,3.929,0.0496429594547244,0.436555555555556
"strong",0.7,383,182,0.793334636236239,0.00273319731627442,3.887,0.0481928786601668,0.431888888888889
"strong",0.7,384,183,0.792631207216304,0.00272745299143757,3.926,0.0500302611129206,0.436222222222222
"strong",0.7,385,184,0.79172290163402,0.00273205606824377,3.935,0.0506689485024342,0.437222222222222
"strong",0.7,386,185,0.791048063478468,0.00274327096882548,3.803,0.0472273376490924,0.422555555555556
"strong",0.7,387,186,0.789636185617421,0.00274921195554429,3.903,0.0499207680538178,0.433666666666667
"strong",0.7,388,187,0.788795788905084,0.00275038626873907,3.908,0.0475794052064525,0.434222222222222
"strong",0.7,389,188,0.788079607360578,0.00275614527284622,3.959,0.0482456904463668,0.439888888888889
"strong",0.7,390,189,0.787250978442536,0.00276066400515677,3.842,0.0467677583728706,0.426888888888889
"strong",0.7,391,190,0.786092954231548,0.00276793174611802,3.848,0.0485103004448463,0.427555555555556
"strong",0.7,392,191,0.785403409116449,0.0027668144300509,3.921,0.0479693658500929,0.435666666666667
"strong",0.7,393,192,0.784290652364372,0.00277222543297954,3.966,0.0498329943644503,0.440666666666667
"strong",0.7,394,193,0.78367842475616,0.00277738192680149,3.869,0.0499633399137343,0.429888888888889
"strong",0.7,395,194,0.782823530292346,0.00278233259471501,3.984,0.0496407917766046,0.442666666666667
"strong",0.7,396,195,0.78182459772005,0.00278384762137733,3.951,0.0476956378914663,0.439
"strong",0.7,397,196,0.781065804409196,0.00278098342995634,3.955,0.0485729794673369,0.439444444444444
"strong",0.7,398,197,0.780156183526209,0.00278378553703741,3.887,0.0494436616329705,0.431888888888889
"strong",0.7,399,198,0.779245961778742,0.0027913867914515,3.83,0.0495535624910617,0.425555555555556
"strong",0.7,400,199,0.778299319012295,0.00279569192367469,3.966,0.049550976774422,0.440666666666667
"strong",0.7,401,200,0.77748737651156,0.00281106566368649,3.904,0.0503320704652339,0.433777777777778
"strong",0.7,402,201,0.776737473120554,0.0028181439440462,3.822,0.04916027596274,0.424666666666667
"strong",0.7,403,202,0.775951844095895,0.00282528387058994,3.942,0.0489185959429441,0.438
"strong",0.7,404,203,0.774897572658799,0.00282783422579532,3.971,0.0468011682476984,0.441222222222222
"strong",0.7,405,204,0.773922574682967,0.00283536077931582,3.919,0.0487731259795579,0.435444444444444
"strong",0.7,406,205,0.772960638884249,0.0028352983085634,3.905,0.0489322937268359,0.433888888888889
"strong",0.7,407,206,0.772064783884368,0.00284374729196503,3.889,0.0507863983587953,0.432111111111111
"strong",0.7,408,207,0.771284486176677,0.00284612229672459,3.905,0.0504630708689186,0.433888888888889
"strong",0.7,409,208,0.770508059582906,0.00285562629765853,3.926,0.0501701209988678,0.436222222222222
"strong",0.7,410,209,0.769779222257134,0.00286301712813746,3.843,0.0464597622627314,0.427
"strong",0.7,411,210,0.768936141822777,0.00285772811333814,4.028,0.0494333860832905,0.447555555555556
"strong",0.7,412,211,0.767884894839839,0.0028692151648359,3.858,0.0481264184430146,0.428666666666667
"strong",0.7,413,212,0.767130629909806,0.00287507906452202,3.945,0.0476890894151824,0.438333333333333
"strong",0.7,414,213,0.766302490541592,0.00288167691137852,3.926,0.0493655847829331,0.436222222222222
"strong",0.7,415,214,0.765382084408375,0.00288354351255285,3.901,0.0488629367372305,0.433444444444444
"strong",0.7,416,215,0.764689935904952,0.00288889366357445,3.835,0.0476239755064928,0.426111111111111
"strong",0.7,417,216,0.763904236506685,0.00288683810908769,3.842,0.0498349226900124,0.426888888888889
"strong",0.7,418,217,0.762746902584605,0.00289163162731625,3.889,0.0490416566205105,0.432111111111111
"strong",0.7,419,218,0.762142423822492,0.00289264267438445,3.914,0.0483212058928471,0.434888888888889
"strong",0.7,420,219,0.761362186076389,0.00289904779172,3.777,0.049494653455911,0.419666666666667
"strong",0.7,421,220,0.760556055288328,0.0028959426379834,3.79,0.0481062804030224,0.421111111111111
"strong",0.7,422,221,0.759639315486044,0.00289390304529963,3.806,0.047839864680543,0.422888888888889
"strong",0.7,423,222,0.75896557241903,0.00290420543334978,3.865,0.0489200180720343,0.429444444444444
"strong",0.7,424,223,0.758145228255192,0.00290575017704172,3.874,0.0487493641035499,0.430444444444444
"strong",0.7,425,224,0.757367514691635,0.00291435577429865,3.868,0.0480925034583237,0.429777777777778
"strong",0.7,426,225,0.756538786715996,0.00291678066638185,3.853,0.0494756388421498,0.428111111111111
"strong",0.7,427,226,0.755631668282186,0.00291581093350555,3.866,0.0479619051367266,0.429555555555556
"strong",0.7,428,227,0.754857094286315,0.00291655583040273,3.857,0.0477580551512711,0.428555555555556
"strong",0.7,429,228,0.753769107419823,0.00292316119132285,3.855,0.0501845941848044,0.428333333333333
"strong",0.7,430,229,0.752749442066284,0.00292011239953322,3.902,0.0502685082623597,0.433555555555556
"strong",0.7,431,230,0.752031689838721,0.00292527263149028,3.763,0.0496517501836167,0.418111111111111
"strong",0.7,432,231,0.751089448590526,0.00293183014602623,3.906,0.0489239977675329,0.434
"strong",0.7,433,232,0.750796104188134,0.00292960791943275,3.87,0.0503948374304319,0.43
"strong",0.7,434,233,0.750338975910136,0.00293519367207565,3.77,0.0482641629931509,0.418888888888889
"strong",0.7,435,234,0.74954264074562,0.00293165940187419,3.867,0.0478497711656034,0.429666666666667
"strong",0.7,436,235,0.748513199436588,0.00293592796663256,3.812,0.0469559459585349,0.423555555555556
"strong",0.7,437,236,0.747725537560217,0.00293897763221823,3.845,0.0496532017138921,0.427222222222222
"strong",0.7,438,237,0.746824691976968,0.00294357143995691,3.857,0.0494671405884555,0.428555555555556
"strong",0.7,439,238,0.746129527167445,0.00294135118654925,3.815,0.050371741207867,0.423888888888889
"strong",0.7,440,239,0.745538331186165,0.0029440909661094,3.787,0.0489083124123397,0.420777777777778
"strong",0.7,441,240,0.744469482801502,0.00295177032868754,3.825,0.0497880894778445,0.425
"strong",0.7,442,241,0.743479154489928,0.00294530034906931,3.782,0.0486296292484412,0.420222222222222
"strong",0.7,443,242,0.742453610886185,0.00294036931693082,3.8,0.0496030287428143,0.422222222222222
"strong",0.7,444,243,0.741833393305078,0.0029404033699104,3.838,0.050460898746478,0.426444444444444
"strong",0.7,445,244,0.740967478679379,0.00293687564243079,3.869,0.0496215810036451,0.429888888888889
"strong",0.7,446,245,0.740207937014801,0.00293485144432811,3.957,0.0486159903171222,0.439666666666667
"strong",0.7,447,246,0.739341553234463,0.00293448515414719,3.855,0.0491568041210105,0.428333333333333
"strong",0.7,448,247,0.738443935788043,0.00294719452712518,3.863,0.0472065616144561,0.429222222222222
"strong",0.7,449,248,0.737517806943557,0.00295061435619864,3.809,0.049970151250682,0.423222222222222
"strong",0.7,450,249,0.736677564510957,0.00294727954449902,3.753,0.047478892628675,0.417
"strong",0.7,451,250,0.735931790691324,0.00295725898383762,3.766,0.0491289899922404,0.418444444444444
"strong",0.7,452,251,0.734834248636718,0.00296221330016435,3.887,0.0477547014597674,0.431888888888889
"strong",0.7,453,252,0.734057502229985,0.00296359122675749,3.885,0.0494390454925986,0.431666666666667
"strong",0.7,454,253,0.733216831344101,0.00295936358590581,3.841,0.0488477748224532,0.426777777777778
"strong",0.7,455,254,0.732663884202378,0.00296570391435825,3.885,0.0504809203890276,0.431666666666667
"strong",0.7,456,255,0.731993570429842,0.00296961652077309,3.815,0.0474660723888973,0.423888888888889
"strong",0.7,457,256,0.731295723685781,0.0029719880231862,3.796,0.0484430669005456,0.421777777777778
"strong",0.7,458,257,0.730520419818434,0.00297261603426895,3.736,0.0495657216305861,0.415111111111111
"strong",0.7,459,258,0.729379683308104,0.00298653846420135,3.845,0.0476155672258796,0.427222222222222
"strong",0.7,460,259,0.728319063589122,0.00299062373173664,3.854,0.0501717171442357,0.428222222222222
"strong",0.7,461,260,0.727193692766822,0.00298941514966488,3.812,0.049549077802832,0.423555555555556
"strong",0.7,462,261,0.726352752734662,0.00299421939671626,3.823,0.0481870625063719,0.424777777777778
"strong",0.7,463,262,0.725771680522913,0.00299623489846821,3.776,0.0488488506539327,0.419555555555556
"strong",0.7,464,263,0.725172148801421,0.00299796649299418,3.868,0.0493661119900383,0.429777777777778
"strong",0.7,465,264,0.724538198113822,0.00299847598314433,3.752,0.0480500239833947,0.416888888888889
"strong",0.7,466,265,0.723552827712039,0.00299688802863523,3.71,0.0477512322372962,0.412222222222222
"strong",0.7,467,266,0.723154695804109,0.00300017417702631,3.767,0.0461610424691843,0.418555555555556
"strong",0.7,468,267,0.722224150321052,0.00300070556486965,3.723,0.0473551846529342,0.413666666666667
"strong",0.7,469,268,0.721532592296133,0.00299957795707585,3.788,0.0495531180806164,0.420888888888889
"strong",0.7,470,269,0.720963274304431,0.00300395107465028,3.871,0.0495460776834434,0.430111111111111
"strong",0.7,471,270,0.720371448762052,0.00300834170504116,3.811,0.0497971762127007,0.423444444444444
"strong",0.7,472,271,0.719576078267015,0.00301384755585859,3.854,0.048919087042555,0.428222222222222
"strong",0.7,473,272,0.718682545427337,0.00301395994905531,3.7,0.0477941867206074,0.411111111111111
"strong",0.7,474,273,0.717903366355609,0.00301230306660659,3.722,0.0493472506949591,0.413555555555556
"strong",0.7,475,274,0.717020901378589,0.00300586733202163,3.826,0.0483120901851498,0.425111111111111
"strong",0.7,476,275,0.716404544501728,0.00301028537549759,3.777,0.0491292650533741,0.419666666666667
"strong",0.7,477,276,0.715605951874575,0.00300710200495584,3.758,0.0493545526965028,0.417555555555556
"strong",0.7,478,277,0.714925314045099,0.00301757667425811,3.744,0.0482368198660606,0.416
"strong",0.7,479,278,0.714310806179019,0.00302686859961402,3.684,0.0491992333737485,0.409333333333333
"strong",0.7,480,279,0.713541079151719,0.00302339039853158,3.734,0.0491086108096702,0.414888888888889
"strong",0.7,481,280,0.712862006465706,0.00302383180058701,3.726,0.0491257298911412,0.414
"strong",0.7,482,281,0.712147613452273,0.00303648717124436,3.747,0.0480343449866688,0.416333333333333
"strong",0.7,483,282,0.711130833010047,0.00304483709711111,3.78,0.0487850384849698,0.42
"strong",0.7,484,283,0.709957895812314,0.00303936090899925,3.776,0.0502030312266536,0.419555555555556
"strong",0.7,485,284,0.709186932226939,0.00305364422853313,3.8,0.0503640401133242,0.422222222222222
"strong",0.7,486,285,0.708292179248627,0.00305452495015848,3.841,0.0479376367483526,0.426777777777778
"strong",0.7,487,286,0.707573374048198,0.00306528185702407,3.792,0.0483225731006852,0.421333333333333
"strong",0.7,488,287,0.706436733140129,0.00307482713949547,3.779,0.0474595766037942,0.419888888888889
"strong",0.7,489,288,0.705770880498626,0.00308760567959465,3.745,0.0481902199341038,0.416111111111111
"strong",0.7,490,289,0.705090416608431,0.00309569860248714,3.765,0.0487252413965201,0.418333333333333
"strong",0.7,491,290,0.704096194385239,0.00309763109700375,3.817,0.0486608557146177,0.424111111111111
"strong",0.7,492,291,0.70337965564856,0.00309303562158619,3.77,0.0474273059465679,0.418888888888889
"strong",0.7,493,292,0.70281204144816,0.00308205351950455,3.729,0.049477338317729,0.414333333333333
"strong",0.7,494,293,0.701751764286657,0.00308606736910695,3.797,0.0485195336451737,0.421888888888889
"strong",0.7,495,294,0.700659629657972,0.0030806461707012,3.737,0.0508371460195734,0.415222222222222
"strong",0.7,496,295,0.70012277032425,0.0030764153160338,3.76,0.0488957134193871,0.417777777777778
"strong",0.7,497,296,0.699354137233398,0.00308938729360522,3.867,0.0473873037485418,0.429666666666667
"strong",0.7,498,297,0.698695063002768,0.00310479895277199,3.801,0.0483501472255952,0.422333333333333
"strong",0.7,499,298,0.69816110938797,0.00310279182210645,3.748,0.04920281411583,0.416444444444444
"strong",0.7,500,299,0.697503569959535,0.0030951853388607,3.758,0.0493748303680516,0.417555555555556
"strong",0.7,501,300,0.696599861589142,0.00310109474324943,3.845,0.0477624984297961,0.427222222222222
"strong",0.7,502,301,0.695803017361316,0.00310406333089742,3.644,0.0479119980752165,0.404888888888889
"strong",0.7,503,302,0.69490796957618,0.00311188504962798,3.738,0.0488850257823982,0.415333333333333
"strong",0.7,504,303,0.694350702708956,0.0031180578026636,3.716,0.0478291922535981,0.412888888888889
"strong",0.7,505,304,0.693605123154692,0.0031209714968009,3.768,0.0494025972658991,0.418666666666667
"strong",0.7,506,305,0.69264130328032,0.00312272301228812,3.765,0.0478964410898042,0.418333333333333
"strong",0.7,507,306,0.691654460860936,0.00312391901318955,3.728,0.0480658540580143,0.414222222222222
"strong",0.7,508,307,0.69067569359949,0.00313796206276239,3.698,0.0471276672138249,0.410888888888889
"strong",0.7,509,308,0.689854887309884,0.0031449488039081,3.733,0.048021005997553,0.414777777777778
"strong",0.7,510,309,0.688972961588302,0.00315159417333781,3.725,0.0473879797060459,0.413888888888889
"strong",0.7,511,310,0.688002279172768,0.00315087740977691,3.75,0.0486813092456424,0.416666666666667
"strong",0.7,512,311,0.687325361540653,0.00315099804613972,3.824,0.0480763490225219,0.424888888888889
"strong",0.7,513,312,0.686403629210382,0.00314978146241035,3.744,0.0487528546942722,0.416
"strong",0.7,514,313,0.68565322781466,0.00315805813072841,3.708,0.0473178082224334,0.412
"strong",0.7,515,314,0.685066403894777,0.00315055099414397,3.689,0.0481310252913398,0.409888888888889
"strong",0.7,516,315,0.684790710716094,0.00315534713730225,3.712,0.0482844424984632,0.412444444444444
"strong",0.7,517,316,0.684227056657936,0.00315739622966618,3.668,0.0473922147828315,0.407555555555556
"strong",0.7,518,317,0.683503101582765,0.00315819409384704,3.745,0.0477939249200072,0.416111111111111
"strong",0.7,519,318,0.682275041259662,0.00315684517876386,3.712,0.0488409811678824,0.412444444444444
"strong",0.7,520,319,0.681783547316965,0.00315558514477635,3.786,0.0494838625478313,0.420666666666667
"strong",0.7,521,320,0.680919149184444,0.00315968118743738,3.598,0.0458966502318251,0.399777777777778
"strong",0.7,522,321,0.680134024729888,0.00316028177316973,3.699,0.048875226728761,0.411
"strong",0.7,523,322,0.679486653828101,0.00316095726764762,3.728,0.0503641991155677,0.414222222222222
"strong",0.7,524,323,0.678614067829208,0.00315953250294804,3.72,0.0468593191990217,0.413333333333333
"strong",0.7,525,324,0.677841873515944,0.00316127008455351,3.741,0.0487061730306466,0.415666666666667
"strong",0.7,526,325,0.677123657286102,0.00315648966949125,3.708,0.0490218230907332,0.412
"strong",0.7,527,326,0.675883599147013,0.00314893651873629,3.64,0.0479447463096708,0.404444444444444
"strong",0.7,528,327,0.675235589674519,0.00315746009788287,3.572,0.0486948373771511,0.396888888888889
"strong",0.7,529,328,0.674689215514203,0.00315679612739215,3.7,0.0516591586136347,0.411111111111111
"strong",0.7,530,329,0.673679670347109,0.00314853073178789,3.656,0.0484149564495106,0.406222222222222
"strong",0.7,531,330,0.672651824376234,0.00315124182555879,3.743,0.0488399051630562,0.415888888888889
"strong",0.7,532,331,0.671927786270233,0.00315365757663078,3.752,0.048506173306589,0.416888888888889
"strong",0.7,533,332,0.670976316616666,0.00315144595548537,3.692,0.0487802779360215,0.410222222222222
"strong",0.7,534,333,0.670214585122124,0.0031483990694093,3.677,0.0496904431469487,0.408555555555556
"strong",0.7,535,334,0.669401435961366,0.00315689022950821,3.674,0.046839277512766,0.408222222222222
"strong",0.7,536,335,0.668516215206564,0.00316209365078995,3.607,0.0480714245873976,0.400777777777778
"strong",0.7,537,336,0.667711763238681,0.00316576143267657,3.668,0.0479382318622003,0.407555555555556
"strong",0.7,538,337,0.666897473128237,0.00316387301684101,3.654,0.0475030582230294,0.406
"strong",0.7,539,338,0.665920798421,0.0031639606282273,3.665,0.0486121192516654,0.407222222222222
"strong",0.7,540,339,0.66534911978104,0.00316745686169756,3.743,0.0495116390599463,0.415888888888889
"strong",0.7,541,340,0.664360149917677,0.00318051587238178,3.832,0.0476450002208629,0.425777777777778
"strong",0.7,542,341,0.663288915262827,0.00318697195613059,3.724,0.049073742798285,0.413777777777778
"strong",0.7,543,342,0.662116795080764,0.00318039107052774,3.628,0.0487030593288347,0.403111111111111
"strong",0.7,544,343,0.661058486572834,0.00318644373084422,3.674,0.0484569094358283,0.408222222222222
"strong",0.7,545,344,0.660439729160896,0.00318715988255934,3.717,0.0489418666001442,0.413
"strong",0.7,546,345,0.659777551783852,0.00318672234691678,3.671,0.0502721223570906,0.407888888888889
"strong",0.7,547,346,0.659348154989232,0.00318933611002598,3.718,0.0486090407109505,0.413111111111111
"strong",0.7,548,347,0.658770930872263,0.00319523073823656,3.661,0.0469924173381972,0.406777777777778
"strong",0.7,549,348,0.657832698557744,0.00320898814101525,3.627,0.0495209382314524,0.403
"strong",0.7,550,349,0.657108493725109,0.00319880327312167,3.655,0.0498644308246013,0.406111111111111
"strong",0.7,551,350,0.656687731778871,0.00320081858919705,3.682,0.0484068096368602,0.409111111111111
"strong",0.7,552,351,0.655780225985684,0.00321060304349984,3.677,0.0501316684759662,0.408555555555556
"strong",0.7,553,352,0.655304150200953,0.00321740088802081,3.604,0.0467050892876287,0.400444444444444
"strong",0.7,554,353,0.654724595766675,0.00322010403840551,3.654,0.0488945260195319,0.406
"strong",0.7,555,354,0.653791226848834,0.00321593910942332,3.665,0.0503518650132277,0.407222222222222
"strong",0.7,556,355,0.652696313490314,0.00321711287666897,3.682,0.0473192890385635,0.409111111111111
"strong",0.7,557,356,0.65172361962476,0.0032213378955603,3.61,0.0496020197205756,0.401111111111111
"strong",0.7,558,357,0.650711310737779,0.00321723628570332,3.658,0.0466820652415381,0.406444444444444
"strong",0.7,559,358,0.650181330498853,0.00323703308844631,3.661,0.0488309682830832,0.406777777777778
"strong",0.7,560,359,0.649405240550156,0.00323394431508469,3.696,0.0513441352076379,0.410666666666667
"strong",0.7,561,360,0.648640528378892,0.00323572401011205,3.635,0.0497216979521744,0.403888888888889
"strong",0.7,562,361,0.648208731593983,0.00324109824879167,3.689,0.0497267709765248,0.409888888888889
"strong",0.7,563,362,0.647436392226589,0.00323942724985198,3.681,0.047932624970228,0.409
"strong",0.7,564,363,0.646507736621905,0.00324070454755913,3.643,0.0481234544361361,0.404777777777778
"strong",0.7,565,364,0.646014490080858,0.00323973234449265,3.697,0.0484307395827953,0.410777777777778
"strong",0.7,566,365,0.645225850973566,0.00323764871378327,3.632,0.0489588906427931,0.403555555555556
"strong",0.7,567,366,0.64432840132869,0.00323550267051517,3.541,0.0485456040818904,0.393444444444444
"strong",0.7,568,367,0.643406578023129,0.00323385579818396,3.61,0.0464979791180442,0.401111111111111
"strong",0.7,569,368,0.642722437114023,0.00321455796167009,3.665,0.0478859903110301,0.407222222222222
"strong",0.7,570,369,0.642181698545035,0.00321733317826827,3.598,0.0479864428635702,0.399777777777778
"strong",0.7,571,370,0.640865432602081,0.00321746581657411,3.651,0.0488014403535447,0.405666666666667
"strong",0.7,572,371,0.640101916830342,0.0032253522701625,3.651,0.0489243558219481,0.405666666666667
"strong",0.7,573,372,0.639419966751498,0.00321555116814722,3.602,0.0496191299607122,0.400222222222222
"strong",0.7,574,373,0.638548212478312,0.00321214945755657,3.572,0.0493076793942612,0.396888888888889
"strong",0.7,575,374,0.637935010245937,0.00320589496934492,3.624,0.0485074940290363,0.402666666666667
"strong",0.7,576,375,0.636846049206234,0.00321053968960043,3.548,0.0475600458153478,0.394222222222222
"strong",0.7,577,376,0.635862481188397,0.00320951216382964,3.625,0.049099753418788,0.402777777777778
"strong",0.7,578,377,0.635142157189552,0.00321220228978031,3.657,0.0495560975744339,0.406333333333333
"strong",0.7,579,378,0.634175248623686,0.0032132949435199,3.641,0.0495032278702063,0.404555555555556
"strong",0.7,580,379,0.633577273431662,0.00321264695921853,3.546,0.0493185189996245,0.394
"strong",0.7,581,380,0.633036548732241,0.00321852707554386,3.585,0.0478232376785812,0.398333333333333
"strong",0.7,582,381,0.631884076628353,0.00321459137898142,3.707,0.04838897077323,0.411888888888889
"strong",0.7,583,382,0.631494017761895,0.00321995754045857,3.629,0.0476616263951476,0.403222222222222
"strong",0.7,584,383,0.630835092778086,0.0032133200213724,3.572,0.0476138959032243,0.396888888888889
"strong",0.7,585,384,0.630239856724152,0.00322302931389444,3.536,0.0487142389561521,0.392888888888889
"strong",0.7,586,385,0.629437490796656,0.00322581984122255,3.622,0.0477430141004461,0.402444444444444
"strong",0.7,587,386,0.628522532750787,0.00322725563064389,3.541,0.0481314412378814,0.393444444444444
"strong",0.7,588,387,0.627715207836068,0.00322214382857401,3.566,0.0487854898922214,0.396222222222222
"strong",0.7,589,388,0.626605176975445,0.00322509804296469,3.579,0.0501824399294941,0.397666666666667
"strong",0.7,590,389,0.626131514503858,0.00323009540735162,3.646,0.0481144364925852,0.405111111111111
"strong",0.7,591,390,0.625521224288837,0.00323964496153796,3.628,0.0477692149600335,0.403111111111111
"strong",0.7,592,391,0.624730658389288,0.00323889010211414,3.571,0.0489628058464418,0.396777777777778
"strong",0.7,593,392,0.624109529908444,0.00325322152499236,3.649,0.0480219231716634,0.405444444444444
"strong",0.7,594,393,0.623390623007694,0.00325394478557775,3.628,0.0494576795054323,0.403111111111111
"strong",0.7,595,394,0.622631099283242,0.0032606173026897,3.602,0.0483107641207415,0.400222222222222
"strong",0.7,596,395,0.621502941720359,0.00326373575406804,3.574,0.0493858579247438,0.397111111111111
"strong",0.7,597,396,0.620933535954498,0.00327130100833912,3.634,0.0479619051367265,0.403777777777778
"strong",0.7,598,397,0.620245564358532,0.00327410839955064,3.589,0.0488514632888869,0.398777777777778
"strong",0.7,599,398,0.619707759434625,0.00328854626770953,3.59,0.0492170938020758,0.398888888888889
"strong",0.7,600,399,0.6187357816412,0.00329860517941465,3.642,0.0475825608821143,0.404666666666667
"strong",0.7,601,400,0.617862979595501,0.00329943815810668,3.611,0.0494785521931184,0.401222222222222
"strong",0.7,602,401,0.616938345191817,0.00329332034672723,3.608,0.0503077217419639,0.400888888888889
"strong",0.7,603,402,0.616489394969917,0.00330083142259357,3.633,0.0482767194581575,0.403666666666667
"strong",0.7,604,403,0.615791179816766,0.00330757744891952,3.557,0.0481151334412167,0.395222222222222
"strong",0.7,605,404,0.615086990082511,0.00330922946275967,3.676,0.0461210488947416,0.408444444444444
"strong",0.7,606,405,0.614167624744765,0.00330293186416679,3.698,0.0481987460326421,0.410888888888889
"strong",0.7,607,406,0.613767615932021,0.00331135920919168,3.522,0.0483513583454888,0.391333333333333
"strong",0.7,608,407,0.613031104992244,0.00331958406264141,3.607,0.0479463225894319,0.400777777777778
"strong",0.7,609,408,0.612302286046335,0.00332493186364476,3.639,0.0490620636142231,0.404333333333333
"strong",0.7,610,409,0.611643379622532,0.00332918676095335,3.541,0.0487513660905587,0.393444444444444
"strong",0.7,611,410,0.61107998583784,0.00333327819354113,3.62,0.0492547056231788,0.402222222222222
"strong",0.7,612,411,0.610434637611363,0.00334431115444477,3.593,0.0485974558255134,0.399222222222222
"strong",0.7,613,412,0.609874328229573,0.00334825365004082,3.595,0.0492686756712865,0.399444444444444
"strong",0.7,614,413,0.60910417806657,0.0033413469420459,3.539,0.0480706749462681,0.393222222222222
"strong",0.7,615,414,0.60847247666905,0.00333038264100728,3.556,0.048613035568942,0.395111111111111
"strong",0.7,616,415,0.607677286686279,0.00333541185827848,3.63,0.0491682572145639,0.403333333333333
"strong",0.7,617,416,0.607129816263583,0.00333498785608919,3.576,0.049301669897222,0.397333333333333
"strong",0.7,618,417,0.606245833941621,0.00333760343611028,3.528,0.0494940972810464,0.392
"strong",0.7,619,418,0.605403128891681,0.00333348965596992,3.555,0.047489264368173,0.395
"strong",0.7,620,419,0.604638478829154,0.00333756986601591,3.564,0.0495616823802457,0.396
"strong",0.7,621,420,0.603670130680447,0.0033409108413527,3.569,0.0480577626252883,0.396555555555556
"strong",0.7,622,421,0.603062515729359,0.00334578780263111,3.577,0.0474586485619145,0.397444444444444
"strong",0.7,623,422,0.602465627240734,0.00334577181983679,3.559,0.0481750956391353,0.395444444444444
"strong",0.7,624,423,0.601629236250476,0.00335041223540178,3.663,0.0477043677948542,0.407
"strong",0.7,625,424,0.6008864378335,0.00335630740008386,3.571,0.0488809610006631,0.396777777777778
"strong",0.7,626,425,0.600140308911612,0.00335395346355232,3.588,0.0493831418066398,0.398666666666667
"strong",0.7,627,426,0.599791835093124,0.00335277737390413,3.508,0.0489114335133243,0.389777777777778
"strong",0.7,628,427,0.599151426556902,0.00335924678859974,3.571,0.0490240998118514,0.396777777777778
"strong",0.7,629,428,0.598729505349299,0.00336216200491105,3.545,0.0472674222822571,0.393888888888889
"strong",0.7,630,429,0.597856995945482,0.00336372877204129,3.575,0.0479027104626625,0.397222222222222
"strong",0.7,631,430,0.597116024374769,0.00336441888930941,3.57,0.0477218752500086,0.396666666666667
"strong",0.7,632,431,0.596206481294717,0.00337574543696377,3.546,0.0507193893541361,0.394
"strong",0.7,633,432,0.595929237811742,0.00338366696256036,3.482,0.0481871144394224,0.386888888888889
"strong",0.7,634,433,0.595145217922185,0.00338425095118013,3.655,0.0478357947907553,0.406111111111111
"strong",0.7,635,434,0.594431502887468,0.0033863182644537,3.525,0.0469636091094007,0.391666666666667
"strong",0.7,636,435,0.593705295781527,0.00338599340563321,3.533,0.048095989689622,0.392555555555556
"strong",0.7,637,436,0.593029345077462,0.00339216138721449,3.553,0.0483479940486522,0.394777777777778
"strong",0.7,638,437,0.592388725276109,0.00340199939968421,3.483,0.0473281200868039,0.387
"strong",0.7,639,438,0.591866070697358,0.00340159164319393,3.489,0.048189222874012,0.387666666666667
"strong",0.7,640,439,0.59104050252217,0.00339979141819522,3.481,0.0457354428286284,0.386777777777778
"strong",0.7,641,440,0.590405135128594,0.00339152776402682,3.584,0.0480755161725308,0.398222222222222
"strong",0.7,642,441,0.589634159329911,0.00339478121591095,3.559,0.0474211742554712,0.395444444444444
"strong",0.7,643,442,0.589215542191238,0.00339709831308807,3.594,0.0506134935143358,0.399333333333333
"strong",0.7,644,443,0.588254032525347,0.00340259814243904,3.497,0.0477940924725565,0.388555555555556
"strong",0.7,645,444,0.587571595688115,0.00340750864771697,3.525,0.0486182963372714,0.391666666666667
"strong",0.7,646,445,0.58669103594,0.00340586898420172,3.592,0.0503395477737939,0.399111111111111
"strong",0.7,647,446,0.585952528203514,0.00340626339611189,3.572,0.0485094750452854,0.396888888888889
"strong",0.7,648,447,0.585008942480998,0.00340128802669117,3.62,0.0476641570980946,0.402222222222222
"strong",0.7,649,448,0.584660717645174,0.00340018164582111,3.515,0.0472229288058778,0.390555555555556
"strong",0.7,650,449,0.584223507921833,0.00340252936093863,3.517,0.0475391519799308,0.390777777777778
"strong",0.7,651,450,0.583482047383358,0.00339878771754153,3.499,0.0488711304083238,0.388777777777778
"strong",0.7,652,451,0.582609188396788,0.00340502100143956,3.609,0.0492396541777411,0.401
"strong",0.7,653,452,0.581966307673028,0.00340825282395541,3.538,0.0483621225226405,0.393111111111111
"strong",0.7,654,453,0.581409425588373,0.0034047153793672,3.48,0.0491326166005232,0.386666666666667
"strong",0.7,655,454,0.580972528923594,0.00340175059823247,3.515,0.0466685435058022,0.390555555555556
"strong",0.7,656,455,0.580412349472481,0.00340061526354866,3.482,0.0480623135729646,0.386888888888889
"strong",0.7,657,456,0.579534565052789,0.00339444925584267,3.494,0.0483766917461738,0.388222222222222
"strong",0.7,658,457,0.578588581324472,0.00339414571507637,3.523,0.0495573095206643,0.391444444444444
"strong",0.7,659,458,0.578100658043735,0.00338757097111279,3.513,0.0480430966855711,0.390333333333333
"strong",0.7,660,459,0.577467030862243,0.00338875586846305,3.52,0.0490306435201904,0.391111111111111
"strong",0.7,661,460,0.576782480656327,0.00338305418642847,3.486,0.0492567785206284,0.387333333333333
"strong",0.7,662,461,0.576321572424252,0.00339054908326589,3.508,0.0494001657525194,0.389777777777778
"strong",0.7,663,462,0.575941774147705,0.00339686723831805,3.499,0.0496231947929743,0.388777777777778
"strong",0.7,664,463,0.575186139142303,0.0033969892436071,3.476,0.0487832328141935,0.386222222222222
"strong",0.7,665,464,0.574497169809654,0.00339434822840234,3.429,0.0475522893268055,0.381
"strong",0.7,666,465,0.573240000230555,0.00339883265873401,3.496,0.0499046538358346,0.388444444444444
"strong",0.7,667,466,0.572682288091656,0.00340571590952932,3.519,0.0487443844459547,0.391
"strong",0.7,668,467,0.571943774679033,0.00340616685933794,3.484,0.0492764870112733,0.387111111111111
"strong",0.7,669,468,0.571386783531713,0.00340421137837684,3.525,0.0465998556494175,0.391666666666667
"strong",0.7,670,469,0.570610451730574,0.00340447547006697,3.55,0.0475579831549001,0.394444444444444
"strong",0.7,671,470,0.570101975361686,0.00340967518845987,3.51,0.0476042662601384,0.39
"strong",0.7,672,471,0.569457376695669,0.00340725280104001,3.454,0.0480019602536,0.383777777777778
"strong",0.7,673,472,0.569033350386229,0.00341345498395404,3.501,0.0485629216311927,0.389
"strong",0.7,674,473,0.56856731280334,0.00341602270547414,3.523,0.0506560661425365,0.391444444444444
"strong",0.7,675,474,0.56758266835196,0.00343036731272423,3.565,0.048786833829991,0.396111111111111
"strong",0.7,676,475,0.566904167860063,0.00343540620088217,3.459,0.0486485938716185,0.384333333333333
"strong",0.7,677,476,0.566294507611672,0.00343184047708376,3.48,0.0478737077307773,0.386666666666667
"strong",0.7,678,477,0.565921245223628,0.0034431453325513,3.503,0.0482941334255345,0.389222222222222
"strong",0.7,679,478,0.565147687002435,0.00344880477141385,3.478,0.0492131886585085,0.386444444444444
"strong",0.7,680,479,0.56453733036158,0.00344837532572575,3.464,0.048796363441194,0.384888888888889
"strong",0.7,681,480,0.563671932905474,0.00345790646032472,3.572,0.0487769945281092,0.396888888888889
"strong",0.7,682,481,0.563209922683603,0.00346235442032023,3.539,0.0471667648212561,0.393222222222222
"strong",0.7,683,482,0.562501649961583,0.00346120463210199,3.508,0.0491156629635432,0.389777777777778
"strong",0.7,684,483,0.561798098461893,0.00346080272679112,3.518,0.0477698436040767,0.390888888888889
"strong",0.7,685,484,0.561326748005998,0.00346535333785632,3.532,0.0498343200962896,0.392444444444444
"strong",0.7,686,485,0.560756781228036,0.00346935908528901,3.511,0.0496824651899174,0.390111111111111
"strong",0.7,687,486,0.560094344112641,0.0034779523075133,3.401,0.0482962890037271,0.377888888888889
"strong",0.7,688,487,0.559531022199644,0.00347673591285884,3.456,0.0500056453269485,0.384
"strong",0.7,689,488,0.558742907176011,0.00348079884949688,3.419,0.047997320162096,0.379888888888889
"strong",0.7,690,489,0.558234350623102,0.00349247611220123,3.49,0.0484173960911182,0.387777777777778
"strong",0.7,691,490,0.557715356466489,0.00348797745518204,3.417,0.0503353220377564,0.379666666666667
"strong",0.7,692,491,0.557187483898083,0.00348659473667477,3.406,0.047931841832559,0.378444444444444
"strong",0.7,693,492,0.556280285033868,0.00349746851324305,3.478,0.0492538520518137,0.386444444444444
"strong",0.7,694,493,0.555346995264165,0.00349173963316707,3.415,0.0478023018280508,0.379444444444444
"strong",0.7,695,494,0.554616185287853,0.0034921364257765,3.467,0.0470225703478885,0.385222222222222
"strong",0.7,696,495,0.553925290088173,0.00348326403385271,3.489,0.0475198604494704,0.387666666666667
"strong",0.7,697,496,0.552808486920697,0.00348602145661023,3.464,0.049811496516218,0.384888888888889
"strong",0.7,698,497,0.552251069366269,0.00348837676596313,3.499,0.0470341494151984,0.388777777777778
"strong",0.7,699,498,0.55150295118429,0.00349330178648325,3.531,0.049472077846867,0.392333333333333
"strong",0.7,700,499,0.550964211723165,0.00348401520869069,3.431,0.0479326249702282,0.381222222222222
"strong",0.7,701,500,0.55024687381622,0.00348780680967213,3.511,0.0490130725549958,0.390111111111111
"strong",0.7,702,501,0.549321645719934,0.00348891353058896,3.494,0.0485213181840553,0.388222222222222
"strong",0.7,703,502,0.548601449100292,0.00349124240964685,3.482,0.0471370119746457,0.386888888888889
"strong",0.7,704,503,0.547952576959188,0.00349085251802193,3.49,0.0494200601207883,0.387777777777778
"strong",0.7,705,504,0.547213441737112,0.00349814433301107,3.403,0.0484038627997181,0.378111111111111
"strong",0.7,706,505,0.546596966927399,0.00349240158238444,3.495,0.0500247686399194,0.388333333333333
"strong",0.7,707,506,0.545763362558234,0.00349717068337243,3.439,0.0494643884600399,0.382111111111111
"strong",0.7,708,507,0.545321669000576,0.00348999531203856,3.445,0.0481590520493738,0.382777777777778
"strong",0.7,709,508,0.54467784864942,0.00349052911579278,3.478,0.0492335245532955,0.386444444444444
"strong",0.7,710,509,0.544058868658654,0.00349794506557555,3.454,0.0478348426585912,0.383777777777778
"strong",0.7,711,510,0.543554430623569,0.00351167088106,3.411,0.0470775455530053,0.379
"strong",0.7,712,511,0.543129083522331,0.00351363938718718,3.48,0.0467309724249751,0.386666666666667
"strong",0.7,713,512,0.542581226105634,0.00351043802746803,3.443,0.0480735068625338,0.382555555555556
"strong",0.7,714,513,0.5419694537026,0.00350985232785838,3.4,0.0467780737973271,0.377777777777778
"strong",0.7,715,514,0.541331283029184,0.00350954452121679,3.469,0.047532076519949,0.385444444444444
"strong",0.7,716,515,0.540539525877692,0.00350880591066705,3.481,0.0483733292112399,0.386777777777778
"strong",0.7,717,516,0.539756283949297,0.00350821952512558,3.38,0.0486206125420477,0.375555555555556
"strong",0.7,718,517,0.539161209868552,0.00350877620762289,3.434,0.0481867820669318,0.381555555555556
"strong",0.7,719,518,0.538708254841988,0.00350495312065262,3.371,0.0499985885686672,0.374555555555556
"strong",0.7,720,519,0.538101619414603,0.00349726195851966,3.473,0.0498975025503357,0.385888888888889
"strong",0.7,721,520,0.537358287315201,0.00349142762178372,3.458,0.0484828483753438,0.384222222222222
"strong",0.7,722,521,0.536652280783945,0.00349615073829786,3.41,0.0476673071630041,0.378888888888889
"strong",0.7,723,522,0.536059255804926,0.00350171848176421,3.411,0.0485843538542959,0.379
"strong",0.7,724,523,0.535481462243442,0.00349911939585097,3.386,0.0472571395371876,0.376222222222222
"strong",0.7,725,524,0.534827686083504,0.00350080970725541,3.415,0.0496310209268179,0.379444444444444
"strong",0.7,726,525,0.53438376038204,0.00349818984341736,3.429,0.0481588857665777,0.381
"strong",0.7,727,526,0.533613326575147,0.00350813668358188,3.392,0.0480691860410246,0.376888888888889
"strong",0.7,728,527,0.53325572821842,0.0035113237454768,3.404,0.0491243035288762,0.378222222222222
"strong",0.7,729,528,0.532725357406333,0.00351607996983826,3.423,0.0489332756461844,0.380333333333333
"strong",0.7,730,529,0.532062185630173,0.00351290693470127,3.422,0.0492782339815901,0.380222222222222
"strong",0.7,731,530,0.531331001049833,0.00351086746288007,3.417,0.0499760803645965,0.379666666666667
"strong",0.7,732,531,0.530733043223729,0.00351126048297502,3.355,0.0474681812188779,0.372777777777778
"strong",0.7,733,532,0.530108509129846,0.00351916379950476,3.514,0.0489509979489716,0.390444444444444
"strong",0.7,734,533,0.529543791468269,0.00352309169538642,3.552,0.0493936811316563,0.394666666666667
"strong",0.7,735,534,0.528794772279493,0.00352553554154727,3.405,0.0479924814765635,0.378333333333333
"strong",0.7,736,535,0.528289592695177,0.0035354669394198,3.371,0.0473455446752977,0.374555555555556
"strong",0.7,737,536,0.527423727595727,0.00353657400295326,3.373,0.0489107683773549,0.374777777777778
"strong",0.7,738,537,0.526592311240402,0.00352812092035792,3.398,0.0477270769466753,0.377555555555556
"strong",0.7,739,538,0.525985654221913,0.00353315170755367,3.406,0.0488215889494344,0.378444444444444
"strong",0.7,740,539,0.52560773998861,0.00353118772952056,3.36,0.0491611311588415,0.373333333333333
"strong",0.7,741,540,0.524986687753995,0.00352703282211187,3.413,0.0461796877811401,0.379222222222222
"strong",0.7,742,541,0.524750665561666,0.00353396714669824,3.429,0.0503735694238208,0.381
"strong",0.7,743,542,0.524239918585488,0.00353591278950485,3.392,0.0472924155924877,0.376888888888889
"strong",0.7,744,543,0.523469391820396,0.00354508403046322,3.444,0.0493081666186777,0.382666666666667
"strong",0.7,745,544,0.523129700926834,0.00354742023392987,3.47,0.0484711197461897,0.385555555555556
"strong",0.7,746,545,0.522332119884916,0.00355097882062267,3.4,0.0481904795817838,0.377777777777778
"strong",0.7,747,546,0.521560525185683,0.00355034747077633,3.302,0.0471489026279407,0.366888888888889
"strong",0.7,748,547,0.520795695849449,0.0035487148550052,3.478,0.0466872112649246,0.386444444444444
"strong",0.7,749,548,0.519803246859674,0.003550747513169,3.392,0.0473981284713076,0.376888888888889
"strong",0.7,750,549,0.51925813794259,0.00354843412404296,3.408,0.0483929527708104,0.378666666666667
"strong",0.7,751,550,0.518471001103163,0.00354676978650158,3.465,0.0477604025952048,0.385
"strong",0.7,752,551,0.517900089987949,0.00355567025567161,3.392,0.0490177390210803,0.376888888888889
"strong",0.7,753,552,0.517263950967974,0.0035646436993638,3.438,0.049584419071061,0.382
"strong",0.7,754,553,0.516776145075929,0.00356730216081587,3.373,0.0486234021355482,0.374777777777778
"strong",0.7,755,554,0.516514088083503,0.00357679044410577,3.39,0.0485206580154707,0.376666666666667
"strong",0.7,756,555,0.515628146845553,0.00356652255723814,3.393,0.0488562988563188,0.377
"strong",0.7,757,556,0.514851947324464,0.00357555484060541,3.402,0.0488547109579288,0.378
"strong",0.7,758,557,0.514294400700408,0.0035822725650036,3.355,0.0475945400255139,0.372777777777778
"strong",0.7,759,558,0.513507356307805,0.00358424130111801,3.398,0.0513052456209715,0.377555555555556
"strong",0.7,760,559,0.512827364398661,0.00357756520695253,3.396,0.0485957358782183,0.377333333333333
"strong",0.7,761,560,0.512407334584767,0.00358487542912648,3.383,0.0477345743627153,0.375888888888889
"strong",0.7,762,561,0.511951112870392,0.00358972380650445,3.398,0.0476431093219771,0.377555555555556
"strong",0.7,763,562,0.511471320533673,0.00358437440310868,3.428,0.0472974952090811,0.380888888888889
"strong",0.7,764,563,0.511094415866046,0.00358411217900418,3.362,0.0487989481171197,0.373555555555556
"strong",0.7,765,564,0.51043545354798,0.00358255518382558,3.322,0.0489153218195351,0.369111111111111
"strong",0.7,766,565,0.509456116328456,0.00357264760969006,3.416,0.049894222445424,0.379555555555556
"strong",0.7,767,566,0.509027002959618,0.00357099244750078,3.392,0.0493636786794984,0.376888888888889
"strong",0.7,768,567,0.508865180318825,0.00356638713474965,3.373,0.0494804943318002,0.374777777777778
"strong",0.7,769,568,0.508556740901138,0.00355925863985279,3.39,0.0487470642836703,0.376666666666667
"strong",0.7,770,569,0.507951815752222,0.00355049478595432,3.474,0.049757409496474,0.386
"strong",0.7,771,570,0.50726841932168,0.00354803213845331,3.424,0.0489961694893041,0.380444444444444
"strong",0.7,772,571,0.50656765683857,0.00355425915972122,3.34,0.0497078552230014,0.371111111111111
"strong",0.7,773,572,0.506036669443967,0.00355999301575239,3.435,0.0492361574373875,0.381666666666667
"strong",0.7,774,573,0.505310192459668,0.00356634081091896,3.366,0.049824958871298,0.374
"strong",0.7,775,574,0.504725983159538,0.00357190137945586,3.305,0.0477520183369797,0.367222222222222
"strong",0.7,776,575,0.503979481966507,0.00358112021061421,3.395,0.0487581003767821,0.377222222222222
"strong",0.7,777,576,0.503533376041323,0.00358177273759629,3.384,0.049749563003297,0.376
"strong",0.7,778,577,0.502745211821076,0.0035865547757239,3.33,0.0501958127697882,0.37
"strong",0.7,779,578,0.502211387472009,0.00359127187559762,3.389,0.0505988066977794,0.376555555555556
"strong",0.7,780,579,0.501526788121528,0.00358711243171843,3.374,0.0481709917320003,0.374888888888889
"strong",0.7,781,580,0.500999962536119,0.0035873594873882,3.47,0.0482641629931508,0.385555555555556
"strong",0.7,782,581,0.500463889855937,0.00359439078194521,3.372,0.0477692149600336,0.374666666666667
"strong",0.7,783,582,0.500052739855704,0.0035988537616712,3.318,0.0492066793971844,0.368666666666667
"strong",0.7,784,583,0.499490265753385,0.00360772923809374,3.373,0.0467766935456009,0.374777777777778
"strong",0.7,785,584,0.499137620496033,0.00360075945138817,3.339,0.0466932463988024,0.371
"strong",0.7,786,585,0.498290419284975,0.00359889393143066,3.431,0.049311972893717,0.381222222222222
"strong",0.7,787,586,0.497592472559286,0.00361136087914603,3.344,0.0490312968222141,0.371555555555556
"strong",0.7,788,587,0.497089004715191,0.00361511782384564,3.398,0.0478945705679661,0.377555555555556
"strong",0.7,789,588,0.49649007453662,0.00361036972898055,3.424,0.0499070607701425,0.380444444444444
"strong",0.7,790,589,0.496043377201341,0.00361615222654978,3.449,0.0495363790850002,0.383222222222222
"strong",0.7,791,590,0.495342418058557,0.00361568292373628,3.371,0.0473243974985272,0.374555555555556
"strong",0.7,792,591,0.494569948043049,0.0036222747197209,3.391,0.047837301422712,0.376777777777778
"strong",0.7,793,592,0.493953563137657,0.00362460328867486,3.377,0.0476984920741332,0.375222222222222
"strong",0.7,794,593,0.493158836623898,0.00363101447634371,3.39,0.0478768440082698,0.376666666666667
"strong",0.7,795,594,0.492230816518857,0.00363738039320205,3.38,0.0489079951745312,0.375555555555556
"strong",0.7,796,595,0.491768268527263,0.00363906325133788,3.291,0.0482768023966962,0.365666666666667
"strong",0.7,797,596,0.491333169712413,0.00364382156496859,3.359,0.0468434980900585,0.373222222222222
"strong",0.7,798,597,0.49059492795493,0.00364735317648996,3.333,0.0465647858287708,0.370333333333333
"strong",0.7,799,598,0.489956653851535,0.00364520458219152,3.394,0.049103718547328,0.377111111111111
"strong",0.7,800,599,0.489102273017889,0.00364060280396818,3.374,0.0471205299667177,0.374888888888889
"strong",0.7,801,600,0.488505525127249,0.00364259847170074,3.285,0.0493782666080252,0.365
"strong",0.7,802,601,0.487708295373181,0.00364266743092623,3.381,0.0470537251772168,0.375666666666667
"strong",0.7,803,602,0.486735877768004,0.00364412919707563,3.359,0.0468862167093627,0.373222222222222
"strong",0.7,804,603,0.486100318561886,0.00364041718050986,3.354,0.0481144364925852,0.372666666666667
"strong",0.7,805,604,0.485532249054943,0.00363898822224599,3.369,0.0457485730043236,0.374333333333333
"strong",0.7,806,605,0.485074818715921,0.00363075681978207,3.322,0.0481937614078692,0.369111111111111
"strong",0.7,807,606,0.484861361114465,0.00363095352394367,3.401,0.0475442894516203,0.377888888888889
"strong",0.7,808,607,0.484285040103604,0.00363347513808063,3.298,0.0461012073737913,0.366444444444444
"strong",0.7,809,608,0.484012320150972,0.00363108826154277,3.356,0.0480371894637016,0.372888888888889
"strong",0.7,810,609,0.483419319268332,0.0036308199739141,3.367,0.0489970581944642,0.374111111111111
"strong",0.7,811,610,0.482638913922418,0.00362532715636694,3.319,0.0477862168676545,0.368777777777778
"strong",0.7,812,611,0.481867588148078,0.0036308151265164,3.326,0.0483742086660242,0.369555555555556
"strong",0.7,813,612,0.481203382112626,0.00361980380838344,3.295,0.0490344713378187,0.366111111111111
"strong",0.7,814,613,0.480633697087767,0.00362439138485724,3.41,0.0481478786471245,0.378888888888889
"strong",0.7,815,614,0.479846672912285,0.00362041013606354,3.396,0.0484513315764545,0.377333333333333
"strong",0.7,816,615,0.479511875665689,0.00361605166083086,3.325,0.0475356143815838,0.369444444444444
"strong",0.7,817,616,0.479248156420657,0.00363025081581222,3.289,0.0482473502568465,0.365444444444444
"strong",0.7,818,617,0.478688289721952,0.00363227000113218,3.311,0.0464158747998292,0.367888888888889
"strong",0.7,819,618,0.478349380272032,0.00364022625567294,3.343,0.0468352916564481,0.371444444444444
"strong",0.7,820,619,0.477650901425312,0.00364586928481782,3.421,0.0496812562967889,0.380111111111111
"strong",0.7,821,620,0.477329512753314,0.00364725430439758,3.362,0.0473201351984037,0.373555555555556
"strong",0.7,822,621,0.47689599265587,0.00365563373227828,3.284,0.0482251974559947,0.364888888888889
"strong",0.7,823,622,0.476404743069925,0.00366080768157802,3.375,0.0493235015769137,0.375
"strong",0.7,824,623,0.47573386831411,0.00366108599125543,3.325,0.0494957051149373,0.369444444444444
"strong",0.7,825,624,0.475191441733626,0.00366602414344336,3.286,0.0484825180302607,0.365111111111111
"strong",0.7,826,625,0.474707994482625,0.00366825186442219,3.367,0.0470374693571361,0.374111111111111
"strong",0.7,827,626,0.474106820588766,0.00366563590920932,3.417,0.0471310124263455,0.379666666666667
"strong",0.7,828,627,0.473267245480071,0.00366677813886329,3.321,0.0477099070973234,0.369
"strong",0.7,829,628,0.472575388878539,0.00367391987671441,3.298,0.0484307912545472,0.366444444444444
"strong",0.7,830,629,0.471989929058501,0.00367077012681368,3.396,0.0468335069942172,0.377333333333333
"strong",0.7,831,630,0.4710747181203,0.00367398864761639,3.243,0.0493394911342364,0.360333333333333
"strong",0.7,832,631,0.470575623802458,0.00366618666125535,3.245,0.0482836028720549,0.360555555555556
"strong",0.7,833,632,0.46991716424637,0.00366992076761148,3.264,0.049525314302453,0.362666666666667
"strong",0.7,834,633,0.469250708739183,0.00367733435035619,3.28,0.0487850384849698,0.364444444444444
"strong",0.7,835,634,0.468771031736888,0.00368265974215804,3.366,0.049157506654228,0.374
"strong",0.7,836,635,0.468046069910708,0.0036750719153991,3.392,0.0479440782019493,0.376888888888889
"strong",0.7,837,636,0.467519629960882,0.00368239707052675,3.281,0.0483153533917881,0.364555555555556
"strong",0.7,838,637,0.467056642109171,0.00368453823761112,3.315,0.0502224780083311,0.368333333333333
"strong",0.7,839,638,0.466550863519049,0.00369138919432362,3.354,0.0489804357175709,0.372666666666667
"strong",0.7,840,639,0.466262603443548,0.00369525157958207,3.311,0.0479017074181449,0.367888888888889
"strong",0.7,841,640,0.465715560783763,0.00369112297913294,3.318,0.0471921932431955,0.368666666666667
"strong",0.7,842,641,0.465434646796267,0.0036851927296177,3.243,0.0472459858949222,0.360333333333333
"strong",0.7,843,642,0.464864997954402,0.00368731007143345,3.24,0.0478611605656476,0.36
"strong",0.7,844,643,0.464473906245576,0.00368758752560171,3.304,0.0480196823176693,0.367111111111111
"strong",0.7,845,644,0.463674028238985,0.00369684312291624,3.365,0.0491547677361129,0.373888888888889
"strong",0.7,846,645,0.463017050376593,0.00370162863775515,3.269,0.0475278644365376,0.363222222222222
"strong",0.7,847,646,0.462329127281571,0.00370580080528313,3.265,0.0488176009053922,0.362777777777778
"strong",0.7,848,647,0.461694255190938,0.00371371157730039,3.29,0.0469478871101151,0.365555555555556
"strong",0.7,849,648,0.461102954914756,0.00371394767887292,3.286,0.0477753753149726,0.365111111111111
"strong",0.7,850,649,0.460542887460385,0.00370072353854096,3.288,0.0494115117912568,0.365333333333333
"strong",0.7,851,650,0.460168876280868,0.00369261259019173,3.334,0.0473781456864733,0.370444444444444
"strong",0.7,852,651,0.459459834925987,0.00368436667065989,3.301,0.0483190825009514,0.366777777777778
"strong",0.7,853,652,0.458707511649093,0.0036892801886504,3.307,0.0479484102974233,0.367444444444444
"strong",0.7,854,653,0.458268625203685,0.00368978275973923,3.315,0.0480633445058195,0.368333333333333
"strong",0.7,855,654,0.457727524711382,0.00369338888329921,3.223,0.0498975025503357,0.358111111111111
"strong",0.7,856,655,0.457153188003923,0.00369787418670043,3.396,0.0475757022801288,0.377333333333333
"strong",0.7,857,656,0.456521651860803,0.00370774954894852,3.252,0.0469755543096908,0.361333333333333
"strong",0.7,858,657,0.456167710861639,0.00370396654515069,3.308,0.0482230386999975,0.367555555555556
"strong",0.7,859,658,0.455874120145893,0.00370491827892219,3.266,0.0475763334811281,0.362888888888889
"strong",0.7,860,659,0.455494106787465,0.00370311721821667,3.26,0.0472507421384325,0.362222222222222
"strong",0.7,861,660,0.454802687750007,0.00370568533800691,3.344,0.0483114685969905,0.371555555555556
"strong",0.7,862,661,0.453902539025733,0.0037101909473422,3.271,0.0475375516704302,0.363444444444444
"strong",0.7,863,662,0.453278586407347,0.00371233812399038,3.252,0.0472517590014249,0.361333333333333
"strong",0.7,864,663,0.452661105756414,0.00371042667952888,3.234,0.0468341481980556,0.359333333333333
"strong",0.7,865,664,0.452023198129121,0.00370807282123213,3.24,0.0493237552588291,0.36
"strong",0.7,866,665,0.451420735675416,0.00370886324998203,3.33,0.0480146374078303,0.37
"strong",0.7,867,666,0.450980277370124,0.00371257163531889,3.266,0.0480369810828237,0.362888888888889
"strong",0.7,868,667,0.450038481661058,0.00371915214560387,3.34,0.0488342583109929,0.371111111111111
"strong",0.7,869,668,0.449412102504231,0.00372474440714458,3.28,0.0493967614327097,0.364444444444444
"strong",0.7,870,669,0.449080614154345,0.00372130239419853,3.257,0.0486345177452837,0.361888888888889
"strong",0.7,871,670,0.4483360388424,0.00372578122975596,3.291,0.0485043469358332,0.365666666666667
"strong",0.7,872,671,0.447541574364249,0.00372957282405061,3.292,0.0485705167266635,0.365777777777778
"strong",0.7,873,672,0.446890252457565,0.00373837234054176,3.245,0.049024263159974,0.360555555555556
"strong",0.7,874,673,0.446311812907423,0.00372930456248189,3.265,0.0475924367945164,0.362777777777778
"strong",0.7,875,674,0.445643476067659,0.0037267926332401,3.241,0.0470652115063147,0.360111111111111
"strong",0.7,876,675,0.445191694450632,0.00372858467101666,3.234,0.0479326771789512,0.359333333333333
"strong",0.7,877,676,0.445011616732452,0.00373471454995413,3.23,0.0489437993569718,0.358888888888889
"strong",0.7,878,677,0.444338189714951,0.00373743056888767,3.241,0.0470652115063147,0.360111111111111
"strong",0.7,879,678,0.443488262469812,0.00373437370927568,3.325,0.0483084745019827,0.369444444444444
"strong",0.7,880,679,0.442919856378747,0.0037432658853292,3.328,0.0466539665258228,0.369777777777778
"strong",0.7,881,680,0.442317440326304,0.00374206757379624,3.32,0.047789997738898,0.368888888888889
"strong",0.7,882,681,0.441492273840624,0.00373907231666383,3.237,0.0482613733762327,0.359666666666667
"strong",0.7,883,682,0.440773697978122,0.00374291482125652,3.192,0.048759753009152,0.354666666666667
"strong",0.7,884,683,0.440396823477459,0.00374887744446272,3.267,0.0463017802557835,0.363
"strong",0.7,885,684,0.439880149204142,0.00375586353957394,3.218,0.0470605003234208,0.357555555555556
"strong",0.7,886,685,0.439306271321906,0.00375981815102984,3.262,0.0475775117005882,0.362444444444444
"strong",0.7,887,686,0.438682593554454,0.00375457904415995,3.259,0.0462607723569229,0.362111111111111
"strong",0.7,888,687,0.437963180916062,0.00375375241209154,3.286,0.0473756102699316,0.365111111111111
"strong",0.7,889,688,0.437364432777719,0.00375748798687694,3.248,0.0480916708880947,0.360888888888889
"strong",0.7,890,689,0.436778104029766,0.00376280314140988,3.317,0.0471671043815041,0.368555555555556
"strong",0.7,891,690,0.436247956687042,0.00376352636033499,3.335,0.0495502798198983,0.370555555555556
"strong",0.7,892,691,0.435400112153105,0.00375335806095846,3.249,0.049146865763896,0.361
"strong",0.7,893,692,0.434626074046741,0.00375066644480635,3.236,0.0472285351724413,0.359555555555556
"strong",0.7,894,693,0.433650215439048,0.00375784483540304,3.247,0.0485215966899828,0.360777777777778
"strong",0.7,895,694,0.433086774647497,0.00375463048377711,3.327,0.0479621868910436,0.369666666666667
"strong",0.7,896,695,0.432201314034684,0.00375639211228701,3.299,0.0484142844927295,0.366555555555556
"strong",0.7,897,696,0.431775168623546,0.00376688019963474,3.187,0.049218425954651,0.354111111111111
"strong",0.7,898,697,0.431233918424793,0.00377001388506304,3.231,0.0457135508217063,0.359
"strong",0.7,899,698,0.430478698622733,0.00377332514195688,3.215,0.04902222126932,0.357222222222222
"strong",0.7,900,699,0.429876143172561,0.00377597726669744,3.2,0.0485423151112136,0.355555555555556
"strong",0.7,901,700,0.429388125300913,0.00377189466243404,3.244,0.0486706567947551,0.360444444444444
"strong",0.7,902,701,0.428709406169726,0.00377372171317431,3.156,0.0493365797162521,0.350666666666667
"strong",0.7,903,702,0.428188195644596,0.00376863257338557,3.277,0.0471645576200549,0.364111111111111
"strong",0.7,904,703,0.42778989611127,0.00377460677349974,3.283,0.0494707828759396,0.364777777777778
"strong",0.7,905,704,0.427420478739025,0.00378228325993529,3.248,0.048237151893772,0.360888888888889
"strong",0.7,906,705,0.426905605337944,0.00377605679578319,3.243,0.048127614394101,0.360333333333333
"strong",0.7,907,706,0.426495968279544,0.00376457532127905,3.165,0.0472653044950416,0.351666666666667
"strong",0.7,908,707,0.425928749829091,0.0037702380496645,3.249,0.0502545970486733,0.361
"strong",0.7,909,708,0.425421088512507,0.00377367035806462,3.241,0.0482415406703212,0.360111111111111
"strong",0.7,910,709,0.425002149331309,0.00377796307018039,3.203,0.0468613592097688,0.355888888888889
"strong",0.7,911,710,0.424573696056583,0.00377828698045709,3.28,0.0477899977388981,0.364444444444444
"strong",0.7,912,711,0.424123895391136,0.00377657525324733,3.253,0.0487171875662417,0.361444444444444
"strong",0.7,913,712,0.423893197308227,0.00377908594572377,3.236,0.047755466541377,0.359555555555556
"strong",0.7,914,713,0.423361514497148,0.00378262950320235,3.247,0.0478568833218513,0.360777777777778
"strong",0.7,915,714,0.422666676682716,0.00377967128692818,3.241,0.0491256789503447,0.360111111111111
"strong",0.7,916,715,0.421863496786361,0.0037911368281103,3.255,0.0479194247802629,0.361666666666667
"strong",0.7,917,716,0.421463094624634,0.00379023643691689,3.292,0.0476550837477705,0.365777777777778
"strong",0.7,918,717,0.420899739599418,0.00378311623495184,3.246,0.0468367129256279,0.360666666666667
"strong",0.7,919,718,0.420472881746038,0.00378321700413534,3.282,0.0505275076471128,0.364666666666667
"strong",0.7,920,719,0.419863626475811,0.0037725110694583,3.19,0.0480854677861431,0.354444444444444
"strong",0.7,921,720,0.419581942586383,0.00377261358187095,3.235,0.0480008237333391,0.359444444444444
"strong",0.7,922,721,0.418900456448271,0.00377173431382493,3.156,0.0476017849447889,0.350666666666667
"strong",0.7,923,722,0.418486126462014,0.00377802005716427,3.14,0.0473988042744399,0.348888888888889
"strong",0.7,924,723,0.41777630136874,0.00377901984183817,3.231,0.0486004218191674,0.359
"strong",0.7,925,724,0.417382986443156,0.00377031234737523,3.218,0.0482369443767203,0.357555555555556
"strong",0.7,926,725,0.416884195469666,0.0037696370353212,3.191,0.0457012867171988,0.354555555555556
"strong",0.7,927,726,0.4162846288029,0.00376035791796218,3.166,0.0468683330260491,0.351777777777778
"strong",0.7,928,727,0.415742454544568,0.00375641242541744,3.152,0.0476777638860001,0.350222222222222
"strong",0.7,929,728,0.415154157920286,0.00375766661444016,3.162,0.0475817193890681,0.351333333333333
"strong",0.7,930,729,0.414636545635024,0.00375718918050468,3.163,0.0466326667220053,0.351444444444444
"strong",0.7,931,730,0.413493219524592,0.00375663505529371,3.261,0.0484688377024684,0.362333333333333
"strong",0.7,932,731,0.413172145115922,0.00376574022141034,3.245,0.0480133344007712,0.360555555555556
"strong",0.7,933,732,0.412392366953331,0.00375619791459963,3.223,0.0465772523925622,0.358111111111111
"strong",0.7,934,733,0.411917636618086,0.00375198027532295,3.09,0.0473723985475103,0.343333333333333
"strong",0.7,935,734,0.411290830617736,0.00375451498172611,3.135,0.0484264402999035,0.348333333333333
"strong",0.7,936,735,0.410895964335664,0.00376237635344579,3.206,0.0482482320079387,0.356222222222222
"strong",0.7,937,736,0.409797103258815,0.00376046128764218,3.201,0.0473375098609955,0.355666666666667
"strong",0.7,938,737,0.409620234815363,0.00376213154963943,3.261,0.0483240541988585,0.362333333333333
"strong",0.7,939,738,0.409153844879648,0.00376376951095811,3.339,0.049055942407475,0.371
"strong",0.7,940,739,0.408875517085175,0.00376315299249064,3.15,0.0483304855741781,0.35
"strong",0.7,941,740,0.408643501179078,0.00377014381611209,3.228,0.0469917463415037,0.358666666666667
"strong",0.7,942,741,0.408193436354633,0.00377167949245187,3.252,0.0476315521977267,0.361333333333333
"strong",0.7,943,742,0.407665723810815,0.00377789714350411,3.142,0.0484374047837224,0.349111111111111
"strong",0.7,944,743,0.407029620118076,0.00377906928218868,3.178,0.0460481968858332,0.353111111111111
"strong",0.7,945,744,0.406454413071978,0.00378110459017662,3.22,0.0489284579155525,0.357777777777778
"strong",0.7,946,745,0.406184415646571,0.00377195733321049,3.224,0.0478551367578666,0.358222222222222
"strong",0.7,947,746,0.405604546686291,0.00376875613568745,3.244,0.0450610085827481,0.360444444444444
"strong",0.7,948,747,0.405020638875418,0.00377016682086454,3.252,0.0455254716457564,0.361333333333333
"strong",0.7,949,748,0.404615288032136,0.00378097824455112,3.294,0.0488256894262431,0.366
"strong",0.7,950,749,0.403889039799834,0.00377978177450596,3.178,0.0476926681009839,0.353111111111111
